,0,1,2,3,4
0,maverickmath,2008-12-25 18:59:58+00:00,0,Twitter Web Client,"by the way, a NC doctor is modifying a spinal cord stimulator to produce pleasure in women: (1973 sleeper) woody allen's orgasmatron."
1,AnnemarieOBea,2008-09-25 04:22:42+00:00,0,Twitter Web Client,"Reading info on Chronic Pain, trying to decide on have the spinal cord stimulator permanently implanted. Is surgery #27 pushing my luck?"
2,brainspinalcord,2008-09-12 18:57:18+00:00,0,Twitter Web Client,"Reading: ""Stimulator Helps Spinal Cord Patients Take Giant Steps - Staying Healthy News Story - KMGH Denver"" ( http://tinyurl.com/3op8y4 )"
3,adoraproducts,2008-02-28 07:31:34+00:00,0,Twitter Web Client,spinal cord stimulator http://tinyurl.com/3c5e5w
