,0,1,2,3,4
0,ThePainCenter,2009-12-19 04:47:30+00:00,0,Twitter Web Client,What is a Spinal Cord Stimulator Implant and am I a candidate for this procedure? http://bit.ly/1O40Ve
1,puppybraille,2009-12-18 20:25:08+00:00,0,Twitter Web Client,Researching the spinal cord stimulator. Still can't decide what to do but if that's what it takes...
2,robynkellycole,2009-12-16 16:47:27+00:00,0,Twitter SMS,Done charging my spinal cord stimulator for now. Yay!
3,robynkellycole,2009-12-12 03:06:16+00:00,0,Twitter SMS,Bored bored bored. Recharging my spinal cord stimulator. Exciting stuff.
4,paidtrials,2009-12-05 17:33:08+00:00,0,Twitter Web Client,spinal cord stimulator implant stdy http://bit.ly/68mOe8
5,localtrials,2009-11-29 12:02:46+00:00,0,Twitter Web Client,spinal cord stimulator implant stdy http://bit.ly/68mOe8
6,Whitney04,2009-11-24 23:10:01+00:00,0,Twitter Web Client,@Dawn_Renee my back. I have an infected spinal cord stimulator that's been causing LOADS of pain and antibiotics aren't working.
7,usclinicaltrial,2009-11-24 05:48:15+00:00,0,Twitter Web Client,spinal cord stimulator implant stdy http://bit.ly/68mOe8
8,recruitingtrial,2009-11-24 04:48:51+00:00,0,Twitter Web Client,spinal cord stimulator implant stdy http://bit.ly/68mOe8
9,GordonMcneil,2009-11-19 01:22:49+00:00,0,Twitter Web Client,"@robbell best of luck with neurosurgeon, have you condidered a spinal cord stimulator i had one implanted in may, it works very well rob"
10,mscb1967,2009-11-08 15:56:17+00:00,0,Twitter Web Client,"Only 2 days til spinal cord stimulator trial. Still need good vibes, thoughts and prayers."
11,ATBaskets,2009-11-06 19:19:05+00:00,0,SocialEngage,looking for someone who has experience with a surgically implanted Spinal Cord Stimulator.
12,HelpfulHackers,2009-11-06 19:18:40+00:00,0,SocialEngage,looking for someone who has experience with a surgically implanted Spinal Cord Stimulator.
13,ErichColberg,2009-11-06 19:17:36+00:00,0,SocialEngage,looking for someone who has experience with a surgically implanted Spinal Cord Stimulator.
14,snyfrancis,2009-11-02 13:04:36+00:00,0,erased858,Trial spinal cord stimulator will be removed today! It was nice to be pain free for a few days!!
15,centralminasfre,2009-10-31 03:23:30+00:00,1,Twitter Web Client,@edsonhorn Novel Spinal Cord Stimulator Sparks Hope for Parkinson’s Disease Treatment: http://bit.ly/2zVCap via @addthis
16,gainsborough11,2009-10-24 16:44:38+00:00,0,Twitter Web Client,I Am A Chronic Pain Sufferer And Plan On Having A Spinal Cord Stimulator Implanted? - http://tinyurl.com/yhqfo5x
17,itsabaddaywen,2009-10-19 15:27:32+00:00,0,Twitter Web Client,@drphil Spinal injury n 95. Told only surgery 4  spinal cord stimulator will help control pain. Does N.C. medicaid cover it? Sick of hurting
18,LucyASnyder,2009-10-17 18:09:57+00:00,0,Twitter Web Client,Haven't fallen off the face of the earth -- Gary had Phase 1 of his spinal cord stimulator implantation surgery last week. Went well. Tired.
19,gainsborough11,2009-10-16 10:44:37+00:00,0,Twitter Web Client,"Treating Chronic Pain With Spinal Cord Stimulator Implants, By Dr Reza Ghorbani (part 1) - http://tinyurl.com/yjp9bu9"
20,FROSTICK1979,2009-10-15 12:57:52+00:00,0,Twitter Web Client,I've been of work since May had my spinal cord stimulator trial and then implant a week after. Then took out in August.
21,FROSTICK1979,2009-10-15 10:01:37+00:00,0,Twitter Web Client,I'm still in bed got bad cramps in my arm and a burning  hand. Back pain to cope with since the spinal cord stimulator implant  and removal
22,CutPain4Gain,2009-10-12 15:01:19+00:00,0,twitterfeed,"Spinal Cord Stimulator Complication - Physical Evaluation Board Forum: 

I do not have a definitive answer as.. http://bit.ly/Urox9"
23,KleinLG,2009-10-08 13:18:31+00:00,0,Twitter Web Client,off to the hospital for the back surgery. Getting my spinal cord stimulator replaced and hopefully the new one works! Wish me luck!
24,BuckeyeLegal,2009-10-07 17:24:43+00:00,0,Twitter Web Client,Arguing for injured cincy worker to be approved for spinal cord stimulator. Chk it out http://tinyurl.com/65bvz4
25,debbieskerten,2009-10-04 17:47:46+00:00,0,Twitter Web Client,implant in my spine which is called a Spinal Cord Stimulator. I'm not a hypercondriac - honest!
26,KleinLG,2009-10-04 06:38:53+00:00,0,Twitter Web Client,its official...my spinal cord stimulator is messed up and I'm having surgery on Thursday to have it replaced...oh fun times
27,TheBadBackGuy,2009-10-03 20:20:14+00:00,0,Twitter Web Client,Know anyone with a TENS unit or a spinal cord stimulator? Better yet know anyone considering one? Have them contact me! http://bit.ly/17ybDI
28,JohnZajaros,2009-10-03 20:19:50+00:00,0,Twitter Web Client,Know anyone with a TENS unit or a spinal cord stimulator? Better yet know anyone considering one? Have them contact me! http://bit.ly/17ybDI
29,NOLAGaYToR,2009-10-03 09:27:05+00:00,0,Twitter Web Client,Where to find a super magnet at 4:30 AM? Somehow my Spinal Cord Stimulator Implant turned on tonight. I lost my control for it in Katrina.
30,robynkellycole,2009-10-02 00:11:10+00:00,0,Twitter SMS,Finding out more about the spinal cord stimulator trial run and surgery tomorrow. God I hope these 2 surgerys happen soon.
31,mediatrainer00,2009-09-26 18:04:12+00:00,0,Twitter Web Client,Finally out of hospital. This spinal cord stimulator better be as effective as it's advertised. Cuz right now ..hurt like he--.
32,notleftwing,2009-09-20 22:08:42+00:00,0,twitterfeed,{breitbart} Spinal Cord Stimulator Helps Rats With Parkinson&#8217;s Symptoms http://tinyurl.com/m5cmu4
33,robynkellycole,2009-09-18 13:54:43+00:00,0,Twitter SMS,Totally ready for my spinal cord stimulator surgery!
34,RCDOM_Support,2009-09-09 01:14:34+00:00,0,Twitter Web Client,@puppybraille Spinal Cord Stimulator is gettin replaced with a temp
35,SomercotesNFFC,2009-08-31 16:35:44+00:00,0,Twitter Web Client,After working today my back is in agony. I can't wait for the appointment to have the batteries changed in my spinal cord stimulator.
36,hottblnde,2009-08-29 07:30:49+00:00,0,Twitter Web Client,spinal cord stimulator. I'm back on my way finally. Maybe in a month I can start running again. Fact: I was a damn fast track runner once ;)
37,LordzmomKMF,2009-08-28 23:30:33+00:00,0,Twitter Web Client,Scs is spinal cord stimulator. It is a form of pain management for RSD/CRPS and other chronic pain.
38,Vegas_Playboy,2009-08-27 22:35:38+00:00,0,Twitter Web Client,"Just got the call, Permanent Spinal Cord Stimulator has been approved by Ins. Co. Sched  Oct 24th. This has been damn near a 4 year fight!"
39,susanreynolds,2009-08-27 12:52:13+00:00,0,Twitter Web Client,Retweeting @PhilStratton: New blog post: Eon Mini spinal cord stimulator http://bit.ly/1J8IAm
40,PhilStratton,2009-08-27 12:43:25+00:00,0,Twitter Web Client,New blog post: Eon Mini spinal cord stimulator http://bit.ly/1J8IAm
41,FutureOf,2009-08-25 01:25:16+00:00,0,Twitter Web Client,Spinal Cord Stimulator used in orgasmatron  http://bit.ly/MGLGO #FutureOf
42,hottblnde,2009-08-24 06:04:03+00:00,0,Twitter Web Client,@krisjoyp I have a spinal cord stimulator implanted in my body for a 2nd time. The first stopped working after 1 year :(
43,Vegas_Playboy,2009-08-21 06:24:11+00:00,0,Twitter Web Client,My Spinal Cord Stimulator trial is over and I am now back to waiting for the permanent one. The gates of pain have once again been unlocked
44,Rhapsody848,2009-08-15 06:08:20+00:00,0,Twitter Web Client,Spinal Cord Stimulator Sparks Hope for Parkinson's Disease-http://bit.ly/1aqsV3
45,Vegas_Playboy,2009-08-15 00:34:34+00:00,0,Twitter Web Client,"Trial of Spinal Cord Stimulator going great! Feeling a bit sore in lower back, but overall my chronic pain is now bearable.  Give SCS a +10"
46,chinawholesale,2009-08-13 20:11:23+00:00,0,Twitter Web Client,Eon Mini spinal cord stimulator http://bit.ly/4jPKZu
47,Vegas_Playboy,2009-08-13 16:03:12+00:00,0,Twitter Web Client,After years of fighting Wokmans Comp Ins. Co. I am going to start the trial of a spinal cord stimulator today. Scheduled for 1pm
48,gizmosgadgets,2009-08-13 05:16:19+00:00,0,Twitter Web Client,New post: Eon Mini spinal cord stimulator (http://cli.gs/4aV3V)
49,HotGadgets,2009-08-13 04:34:20+00:00,0,twitterfeed,Eon Mini spinal cord stimulator http://bit.ly/ZHD1U
50,gadgets4geeks,2009-08-13 04:31:35+00:00,0,Twitter Web Client,Eon Mini spinal cord stimulator http://ff.im/-6x9XL
51,fortysixty,2009-08-13 04:17:49+00:00,0,Twitter Web Client,Eon Mini spinal cord stimulator http://tinyurl.com/ld8bqe
52,9gadgets,2009-08-13 04:15:09+00:00,0,Twitter Web Client,"Eon Mini spinal cord stimulator: 
Despite all the advances made in the world of medical science, nobody still know http://tinyurl.com/or2hov"
53,ubergizmo,2009-08-13 04:08:03+00:00,0,Twitter Web Client,Eon Mini spinal cord stimulator http://bit.ly/ZHD1U
54,var0NE,2009-08-13 04:07:15+00:00,0,twitterfeed,Eon Mini spinal cord stimulator http://bit.ly/ZHD1U
55,RSD_Sufferer,2009-08-12 01:09:11+00:00,0,Twitter Web Client,@Rellacafa that can do the Spinal Cord Stimulator surgery but we'd have 2 pay for everything ourselves
56,RSD_Sufferer,2009-08-12 01:00:01+00:00,0,Twitter Web Client,There is a dr here in HI that might be able 2 do my Spinal Cord Stimulator. The dwn side I'd have 2 pay 2 c the dr & 4 the surgery. :(
57,KarlaMBostic,2009-08-11 00:40:43+00:00,0,Twitter Web Client,"A lot of suffering stuck in this bed for two years.   Ready for the trial Spinal cord nerve stimulator, this Friday. One more step forward."
58,Aly1980,2009-08-04 18:21:56+00:00,0,Twitter Web Client,@kaylee_coovert me 2.got lovely news today that the injections failed and i need to look at spinal cord stimulator =( Oh and its' spreading
59,hottblnde,2009-07-31 07:37:39+00:00,0,Twitter Web Client,Aug 19th I have my spinal cord stimulator re-implanted back into my butt w/ a working one. *sigh* Happy yet distressed. Its gonna hurt!
60,iamblsd2,2009-07-27 10:25:23+00:00,0,Twitter Web Client,Up bright & early at the spine center w/ chris for his spinal cord stimulator trial. Pray for success!
61,RCDOM_Support,2009-07-20 22:18:20+00:00,0,Twitter Web Client,@mporter68 I have a spinal cord stimulator make sure you tell them exactly how u feel during and after....def do research &realize its...
62,RCDOM_Support,2009-07-17 04:07:18+00:00,0,Twitter Web Client,@Ailsa_J_L  yea I am an RSD baby but already it has spread to my hip. I have a spinal cord stimulator but it died a month ago WC wont fix it
63,RelievePainNow,2009-07-06 05:29:39+00:00,0,Twitter Web Client,Revolutionary improvements in the implantable rechargeable batteries and the programming of spinal cord stimulator devices have helped alot.
64,Mrs_Ozzie,2009-06-23 12:31:38+00:00,0,Twitter Web Client,"At 8 wks post-op! Can start hydro and pilates. Yay! Am excited. Love, LOVE this spinal cord stimulator. Best thing ever. No more pain."
65,RCDOM_Support,2009-06-23 04:05:20+00:00,0,Twitter Web Client,@joeygiggles a new spinal Cord stimulator
66,Dr_SG_old,2009-06-20 05:58:50+00:00,0,Twitter Web Client,"@joeygiggles For Christa, I was asking for a non-crps area, where she had surgery to implant her spinal cord stimulator."
67,RCDOM_Support,2009-06-20 03:05:07+00:00,0,Twitter Web Client,@cassidy_lynne Spinal Cord Stimulator it helps blok RSD pain from gettin to ur brain but mine is stupid and i been saying it was broken grrr
68,RCDOM_Support,2009-06-18 21:04:44+00:00,0,Twitter Web Client,Damn Medtronic won't charge I am frustrated I want this Spinal Cord Stimulator outta me!!!
69,ukmusicfiend,2009-06-18 17:58:19+00:00,0,Twitter SMS,"had to get patted down to get into Kennedy.  Thanks, spinal cord stimulator!"
70,RCDOM_Support,2009-06-15 03:30:58+00:00,0,Twitter Web Client,@grantimahara Try get a Spinal Cord Stimulator....then you gotta charge yourself once a week...I am officially a robot!
71,Ellentweet,2009-06-11 04:02:54+00:00,0,Twitter Web Client,@YmaLynne I have a spinal cord stimulator for pain.
72,ursooperduper,2009-06-09 17:41:50+00:00,0,Twitter Web Client,Very happy to report hubby is home on convalescent leave for 3 weeks. He had his spinal cord stimulator implant surgery on Sat.
73,RCDOM_Support,2009-06-09 17:21:10+00:00,0,Twitter Web Client,Is staying in the hospital till tomorrow morning and I am getting my spinal cord stimulator adjusted tomorrow afternoon....I am lonely
74,ursooperduper,2009-06-05 16:08:41+00:00,0,Twitter Web Client,"Barring any more screw ups at Ft. Knox, hubby will have surgery tomorrow morning to get a spinal cord stimulator implant. Nervous."
75,bionicrocky,2009-06-05 05:48:17+00:00,0,Twitter Web Client,@grantimahara I have a Spinal Cord Stimulator (http://www.controlyourpain.com) and titanium in my spine. I'm most of the way there!
76,PattiGisme,2009-06-01 17:13:22+00:00,0,Twitter Web Client,Have lost too much sleep! I wish this Spinal Cord Stimulator worked on my back too. It does such a fantastic job on my legs!!
77,maria_P_r,2009-05-30 19:46:49+00:00,0,Twitter Web Client,"sitting here adjusting the new trial spinal cord stimulator trial in my back, hoping the permanent will give me some of my life back!!!!!!!"
78,debbieskerten,2009-05-24 09:18:22+00:00,0,Twitter Web Client,@garymurning Damaged Femoral nerve and surrounding nerves. I have a spinal cord stimulator implanted into my spin to help walk & pain relief
79,tank_grrrl,2009-05-22 06:48:05+00:00,0,Twitter Web Client,Spinal cord stimulator surgery rescheduled by the doc...so bummed
80,mredn,2009-05-21 07:06:06+00:00,0,Twitter Web Client,I am recovering from surgery last friday to implant a spinal cord stimulator.
81,NJPaz,2009-05-20 22:53:17+00:00,0,Twitter Web Client,Question: can I go canoeing with a spinal cord stimulator? Would it knock it out of place?
82,CathConquers,2009-05-20 03:29:27+00:00,0,Twitter Web Client,@angelbliss What helped was when they implanted a spinal cord stimulator. Nerve blocks would help but only a day or so. I had hundreds.
83,Dr_SG_old,2009-05-16 13:36:25+00:00,0,Twitter Web Client,"@kiskitty improve the circulation we tried a Spinal Cord Stimulator trial, and it help my circulation a bit, while increasing pain a lot"
84,debbieskerten,2009-05-12 11:13:57+00:00,0,Twitter Web Client,Not a good day today.My nerve damage is extremely painful today and I hate taking any kind of drug.Need to switch Spinal Cord Stimulator up.
85,NJPaz,2009-05-09 01:17:00+00:00,0,Twitter Web Client,Just a warning: the spinal cord stimulator magnet can screw with both credit cards and computers. Wish I remembered that.
86,mattiwaananen,2009-05-05 20:37:05+00:00,0,Twitter Web Client,"Eon Mini, World's Smallest Spinal Cord Stimulator, Makes Clinical Debut - Medgadget - www.medgadget.com"
87,ShawnLCornett,2009-05-05 09:39:12+00:00,0,Twitter Web Client,@yaya569 she's doing OK...still hurting...waiting to go to doc on May 19th to see about spinal cord stimulator.  we'll see.  how r u?
88,ursooperduper,2009-05-04 19:10:43+00:00,0,Twitter Web Client,@laserspine He's been recommended for a spinal cord stimulator but after not treating his injury for two years we're not sure it will work.
89,ursooperduper,2009-05-04 15:19:33+00:00,0,Twitter Web Client,Hubby went for yet another spinal cord stimulator consult this morning because the Army switched doctors. (Your tax dollars hard at work)
90,PrairieSquid,2009-05-04 04:10:36+00:00,0,Twitter Web Client,i love my trial spinal cord stimulator...i don't want to give it up on Thursday. Birthday in 6 days!
91,jeffreylramsey,2009-05-03 07:50:54+00:00,0,Twitter Web Client,@jam76 in your own words what is spinal cord stimulator surgery?  paralyzed incomplete t-9 http://bit.ly/sR2JL
92,Dr_SG_old,2009-05-03 05:09:20+00:00,0,Twitter Web Client,"@larrywmc I don't know, what have you tried so far? Have you tried a Spinal Cord Stimulator (SCS)? A lot of people get good results."
93,NJPaz,2009-04-20 03:14:31+00:00,0,Twitter Web Client,I should mention that the spinal cord stimulator hurts like hell right now. Think before you insert. At least it helps the leggie.
94,luv2takepics97,2009-04-19 05:19:51+00:00,0,Twitter Web Client,They just want to waste the $$ instead of jumping ahead & doing the procedure. Psych eval for a spinal cord stimulator?I want 2 B pain free
95,mrpatricks,2009-04-17 00:00:39+00:00,0,Twitter Web Client,home in serious back pain today i had a minor surgery to inplant a spinal cord stimulator in my back im doing the 5 days trial.
96,NJPaz,2009-04-08 22:38:06+00:00,0,Twitter Web Client,Question: would anyone want to see the equipment and results from a spinal cord stimulator? I'm thinking doing so to help others getting it.
97,NJPaz,2009-04-08 15:42:37+00:00,0,Twitter Web Client,"I just found out that, with the spinal cord stimulator, I can't go through metal detectors. How will I explain that to the TSA?"
98,NJPaz,2009-04-04 01:11:34+00:00,0,Twitter Web Client,@soozi13 Spinal Cord Stimulator. Wikipedia article on it is here: http://tinyurl.com/cwoewv
99,NJPaz,2009-03-30 03:52:42+00:00,0,Twitter Web Client,@flowermonkey I see you mentioned CRPS. I have it too and am going to have a spinal cord stimulator put in April 2nd
100,mydochub,2009-03-27 18:55:36+00:00,0,Twitter Web Client,Spinal Cord Stimulator Treatment for Parkinsons Disease Video: A New way to treat Parkinson’s disease by researc.. http://tinyurl.com/cotf6o
101,cosmoswebtech,2009-03-26 12:35:19+00:00,0,Twitter Web Client,Hope For Parkinson's Disease Treatment Using Novel Spinal Cord Stimulator http://tinyurl.com/crpt3m
102,Mrs_Ozzie,2009-03-26 02:18:53+00:00,0,Twitter Web Client,Yay! Have been aproved for the perm spinal cord stimulator. Goodbye pain... hello life...
103,DeccanNetwork,2009-03-22 00:30:30+00:00,0,Twitter Web Client,Spinal cord stimulator shows promise to treat Parkinson's disease http://tinyurl.com/cuzf7k
104,GreeningBoulder,2009-03-21 23:34:36+00:00,0,Twitter Web Client,Novel Spinal Cord Stimulator Sparks Hope For Parkinson's Disease Treatment .. http://bit.ly/SpPou
105,damndirtypandas,2009-03-21 21:10:54+00:00,0,Twitter Web Client,"Liked ""Novel Spinal Cord Stimulator Sparks Hope For Parkinson's Disease Treatment"" http://ff.im/-1Ev0r"
106,mansi21,2009-03-21 20:35:52+00:00,0,Twitter Web Client,"Spinal cord stimulator could treat Parkinson’s: In studies on mice, led by neurologist Miguel Nicolelis, boffins.. 

http://buzzup.com/5n7"
107,damndirtypandas,2009-03-21 17:58:24+00:00,0,Twitter Web Client,Novel Spinal Cord Stimulator Sparks Hope For Parkinson's Disease Treatment http://ff.im/-1ElSK
108,dolphingoddess,2009-03-21 17:01:13+00:00,0,Twitter Web Client,RT @sciencedaily: Novel Spinal Cord Stimulator Sparks Hope For Parkinson's Disease Treatment:  http://tinyurl.com/c944mj
109,marknutting,2009-03-21 16:10:47+00:00,0,Twitter Web Client,RT @sciencedaily: Novel Spinal Cord Stimulator Sparks Hope For Parkinson's Disease Treatment. http://tinyurl.com/c944mj
110,TrustedAdvice,2009-03-21 15:23:41+00:00,0,Twitter Web Client,Novel Spinal Cord Stimulator Sparks Hope For Parkinson's Disease Treatment http://ff.im/-1EdZy
111,newhealthtopics,2009-03-21 12:50:48+00:00,0,Twitter Web Client,Published a new post: Hope For Parkinson\'s Disease Treatment Using Novel Spinal Cord Stimulator ( http://www.zampbioworld.org/bionews/i ...
112,newhealthtopics,2009-03-21 12:50:17+00:00,0,Twitter Web Client,Fiddling with my blog post: Hope For Parkinson\'s Disease Treatment Using Novel Spinal Cord Stimulator ( http://tinyurl.com/dedxzc )
113,sickhater,2009-03-21 11:48:05+00:00,0,Twitter Web Client,Hope For Parkinson's Disease Treatment Using Novel Spinal Cord Stimulator http://jijr.com/MIz
114,MedDevicenews,2009-03-21 11:30:34+00:00,0,Twitter Web Client,"Hope For Parkinson's Disease Treatment Using Novel Spinal Cord Stimulator: A novel stimulation method, the first.. http://tinyurl.com/d3264a"
115,nhunews,2009-03-21 11:08:22+00:00,0,Twitter Web Client,"Hope For Parkinson's Disease Treatment Using Novel Spinal Cord Stimulator: A novel stimulation method, the first.. http://tinyurl.com/d3264a"
116,BuzzG_com,2009-03-20 21:12:31+00:00,0,Twitter Web Client,New blog post: Spinal cord stimulator shows promise to treat Parkinson's disease http://tinyurl.com/cls2lz
117,urpsychology,2009-03-20 20:30:28+00:00,0,Twitter Web Client,New blog post: Novel Spinal Cord Stimulator Sparks Hope For Parkinson's Disease Treatment http://tinyurl.com/czkd3o
118,CureDisease,2009-03-20 13:49:19+00:00,0,Twitter Web Client,Novel spinal cord stimulator tested in rats and mice sparks hope for Parkinson's disease treatment. http://tiny.cc/Ijx2n
119,agrigate,2009-03-20 04:24:38+00:00,0,Twitter Web Client,ABC NewsInScience - Spinal cord device helps Parkinson's: A spinal cord stimulator helped rod.. http://bit.ly/dqHR
120,agrogator,2009-03-20 04:24:24+00:00,0,Twitter Web Client,abcSci~ Spinal cord device helps Parkinson's: A spinal cord stimulator helped rodents with Parkinson's di.. http://bit.ly/dqHR
121,SolarWindPower,2009-03-19 23:32:54+00:00,0,Twitter Web Client,"HEALTH:Spinal cord stimulator helped mice w/Parkinson's, offer poss. less-invasive way of treating disease in humans. NewsDaily 19Mar'09"
122,medmarket,2009-03-19 20:17:02+00:00,0,Twitter Web Client,Novel spinal cord stimulator sparks hope for Parkinson's disease treatment  http://bit.ly/dLVdO
123,sohaibkhan,2009-03-19 19:52:26+00:00,0,Twitter Web Client,Health: Spinal cord device helped mice with Parkinson's: CHICAGO (Reuters) - A spinal cord stimulator helped rodents with Parkinso..
124,sickhater,2009-03-19 19:50:04+00:00,0,Twitter Web Client,Novel spinal cord stimulator sparks hope for Parkinson's disease treatment http://jijr.com/L6w
125,TrustedAdvice,2009-03-19 19:05:51+00:00,0,Twitter Web Client,Novel spinal cord stimulator sparks hope for Parkinson's disease treatment http://ff.im/-1C7x6
126,notivagos,2009-03-19 19:05:14+00:00,0,Twitter Web Client,Spinal cord device helped mice with Parkinson's: CHICAGO (Reuters) - A spinal cord stimulator helped rodents wit.. http://tinyurl.com/csw5yc
127,physorg_health,2009-03-19 18:52:53+00:00,0,Twitter Web Client,Novel spinal cord stimulator sparks hope for Parkinson's disease treatment http://tw.physorg.com/156693095
128,notivagos,2009-03-19 18:47:16+00:00,0,Twitter Web Client,Spinal cord device helped mice with Parkinson's: CHICAGO (Reuters) - A spinal cord stimulator helped rodents wit.. http://tinyurl.com/csw5yc
129,healthwire,2009-03-19 18:31:49+00:00,0,Twitter Web Client,"Spinal cord device helped mice with Parkinson's 
 (Reuters)
: Reuters - A spinal cord stimulator helped rodents .. http://tinyurl.com/d7p724"
130,healthwire,2009-03-19 18:27:45+00:00,0,Twitter Web Client,"Spinal cord device helped mice with Parkinson's 
 (Reuters)
: Reuters - A spinal cord stimulator helped rodents .. http://tinyurl.com/d7p724"
131,ursooperduper,2009-03-16 15:54:07+00:00,0,Twitter Web Client,Hubby has his psych evaluation for the spinal cord stimulator implant today. Tricare needs to verify the pain is not in his head. Seriously.
132,bamahiphop,2009-03-13 05:41:00+00:00,0,Twitter Web Client,On Dr Drew spinal  cord stimulator device for pain found to have side effect of giving women orgasm. Unfortunately only 11 units in testing
133,triciajw,2009-03-12 01:19:43+00:00,0,Twitter Web Client,I'm also recovering from surgery.  I had a spinal cord stimulator implanted in my back last Wednesday. It's working well and I'm felling OK.
134,KCWComm,2009-03-06 14:46:39+00:00,0,Twitter Web Client,"Getting recharged so I can get recharged: Spinal Cord Stimulator battery charged, phone charged, 4 trip to Houston so I can REALLY recharge!"
135,ursooperduper,2009-02-19 17:57:10+00:00,0,Twitter Web Client,"@vivh Thanks! My fingers are crossed too! Apparently, the spinal cord stimulator provides some pain relief for 50% of patients."
136,ursooperduper,2009-02-19 16:51:32+00:00,0,Twitter Web Client,Thinking about hubby. Wondering if the Army has approved the spinal cord stimulator. If they do he'll come home on convalescent leave.
137,heidi_p,2009-02-17 21:42:29+00:00,0,Twitter Web Client,"3 neurosurgeries today. Spinal cord stimulator, VP shunt placement, & removal of an infected pain pump. Aneurysm clipping, yesterday."
138,AnnemarieOBea,2009-02-16 06:10:57+00:00,0,Twitter Web Client,@commonsense4 Having a spinal cord stimulator for neuro pain put in tomorrow am. results for relief very promising. I'll keep u updated.
139,suehuskins,2009-01-10 21:56:33+00:00,0,Twitter Web Client,"Spinal cord stimulator died, it's taking all day to charge"
140,Mrs_Ozzie,2009-01-09 03:23:49+00:00,0,Twitter Web Client,Woo! Got approval for spinal cord stimulator! OMG! Am so damn happy as pain has been real bad this past week...
141,SpineBuzzdotcom,2009-01-06 03:47:07+00:00,0,Twitter Web Client,"New blog post: Dr Reza Ghorbani, treating chronic pain with spinal cord stimulator implants  http://tinyurl.com/8aktdw"
