,0,1,2,3,4
0,Ian_munro,2010-12-30 14:39:25+00:00,0,Twitter for iPad,@CindyCB I've had various scans but can't have an MRI cos I have a spinal cord stimulator which contains copper (cont) http://tl.gd/7qgejo
1,Ian_munro,2010-12-21 21:40:12+00:00,0,Twitter for iPad,@DannieMurphy have you got a spinal cord stimulator?
2,PreferredPain,2010-12-20 17:20:05+00:00,0,Hootsuite,"How Spinal Cord Stimulator Trials Work
 http://ow.ly/3rIZV 
We have board certified pain docs - call Preferred Pain Center at  (602)507-6550"
3,JohnMinVegas,2010-12-20 15:53:28+00:00,0,Twitter for iPhone,Another gloomy day in Las Vegas. Have to call about my spinal cord stimulator implant (again). Hopefully I'll get approved.
4,Ian_munro,2010-12-19 14:35:01+00:00,0,Twitter for iPad,"@Steve___Miller hiya, I went on a 4wk full time pain management course before I had the spinal cord stimulator (cont) http://tl.gd/7j532h"
5,PreferredPain,2010-12-18 17:20:04+00:00,0,Google,I uploaded a YouTube video -- Spinal Cord Stimulator Trials at Preferred Pain Center Ph... http://youtu.be/LAkKGmaWLt0?a
6,domesticchaos80,2010-12-14 19:50:33+00:00,0,Yahoo,waiting for friday to get the Spinal Cord Stimulator trial box in. Please pray for me that it works! http://y.ahoo.it/3lyCXK6w
7,PreferredPain,2010-12-14 12:59:04+00:00,0,EzineArticles,How Is A Spinal Cord Stimulator For Back Pain Placed?: http://EzineArticles.com/5466618
8,healthybob,2010-12-12 18:05:11+00:00,0,twitterfeed,How Spinal Cord Stimulator Trials Work http://bit.ly/eEMrqI
9,RSD_CRPS_INFO,2010-12-09 05:26:13+00:00,0,Facebook,"Update on John and the trial for the Spinal Cord Stimulator: After doing some adjustments on Monday, they decided... http://fb.me/KOhQ2vtt"
10,Ian_munro,2010-12-08 20:27:59+00:00,0,Twitter for iPad,@PaulaAbdul I have a spinal cord stimulator to relieve my CRPS but not very good. I also take ketamine. What treatment have u had.xxx
11,Ian_munro,2010-12-06 08:19:48+00:00,0,Twitter for iPad,"@sandieb321 I have a spinal cord stimulator which is not great cos or MRSA when fitted,I've been full range of drugs Inc morphine cont..."
12,TolkienGoatses,2010-12-04 01:35:46+00:00,0,Twitter SMS,"@melucyk stemcell? Hows that going? Clinical trial? Sts, like spinal cord stimulator? Im getting mine removed if i do the HBOT. I'm so tired"
13,Ian_munro,2010-12-03 21:29:46+00:00,0,Twitter for iPad,@golddustalex @amyhillton yeah I was told I can't have this treatment cos I have a spinal cord stimulator. Just my luck.
14,michaelstack,2010-12-03 19:37:35+00:00,0,TweetMeme,RT #@WorkersCompKit A #Hernia from a #Spinal Cord #Stimulator — Really http://bit.ly/i3WCvF+
15,mlsingerdo,2010-12-02 13:05:26+00:00,0,Facebook,Minimally invasive insertion of Spinal Cord Stimulator for PAIN relief! http://fb.me/KTTEHiub
16,michaelstack,2010-12-01 20:30:35+00:00,0,TweetMeme,RT #@WorkersCompKit A #Hernia from a #Spinal #Cord #Stimulator — Really http://bit.ly/i3WCvF+
17,healing_redhead,2010-12-01 13:36:22+00:00,0,Echofon,"Back to doctor this wk to get my spinal cord stimulator adjusted and see if I can get coverage for new pain in my hips, upper thighs. Ugh."
18,michaelstack,2010-11-30 22:32:52+00:00,0,twitterfeed,"A Hernia from a Spinal Cord Stimulator — Really: 

Possible Causal Relationships Considerations
 
Have you... http://bit.ly/eWePVr"
19,wcconnections,2010-11-30 22:31:57+00:00,0,Hootsuite,A Hernia from a Spinal Cord Stimulator — Really - Possible Causal Relationships Considerations &nbsp; Have you ever ... http://ow.ly/1aeLBt
20,Ian_munro,2010-11-27 17:42:57+00:00,0,Twitter for iPhone,@Gillsywillsy I have a spinal cord stimulator which is like a tens machine but fitted on my spinal cord with power pack in my stomach. Cont
21,Ian_munro,2010-11-27 16:07:23+00:00,0,Twitter for iPhone,@AmiGrantx I've done pain management in Liverpool. I've got spinal cord stimulator and tried all possible drugs. Now on methadone pills. X
22,Ian_munro,2010-11-26 00:50:03+00:00,0,Twitter for iPhone,@RSDBeGone I wish spinal cord stimulator would work better but lots of scar tissue cos of MRSA. It took 10 months in hospital to kill. Nasty
23,Ian_munro,2010-11-25 14:34:13+00:00,0,Twitter for iPhone,@LimpingNinja mine is my arm. 13 years now. Have a spinal cord stimulator and on methadone pills but running out of strength to carry on.
24,_IamCarrie,2010-11-22 15:48:31+00:00,0,Echofon,@6Nikki6 dr removed a spinal cord stimulator that he placed in April. Didn't work & he thinks he body was attacking it.
25,_IamCarrie,2010-11-22 05:25:11+00:00,0,Echofon,@budgee77 yep; had a spinal cord stimulator 'installed' in April; doc wants 2 take it out now. Thinks her body is attacking it. Didn't help.
26,JWoodsDD,2010-11-22 05:03:49+00:00,0,Twitter for iPhone,Tomorrow I get a second opinion on my spinal cord stimulator surgery. I hope this doc will have a better idea cause I'm tired of surgeries.
27,_IamCarrie,2010-11-22 03:18:08+00:00,0,Echofon,"@nolateacher tmrw a.m. To remove a spinal cord stimulator that was #fail. Shldn't be a big deal, tho."
28,stopcyberabuse,2010-11-19 14:31:54+00:00,0,Hootsuite,Robert - Post - My wife has a spinal cord stimulator for her RSD/CRPS. The surgical site for implantation caused her http://ow.ly/1a3JFO
29,curebackpainnow,2010-11-12 18:56:48+00:00,0,curebackpain,New post: Boston Scientific Announces FDA Approval Of New Leads For The Precision Plus™ Spinal Cord Stimulator S http://bit.ly/aeTJhC
30,MEDCareerAgents,2010-11-11 11:36:43+00:00,0,twitterfeed,The CRPS Girl: CRPS/RSD Awareness Month: Spinal Cord Stimulator Pre-Op: Apparently an anesthesiologist owed him ... http://bit.ly/bTG1AH
31,ashwee427,2010-11-08 03:09:18+00:00,0,Twitter Web Client,@hollieh75883 she had a spinal cord stimulator implated a few weeks ago and they need to move it
32,clamman1,2010-11-03 23:03:15+00:00,0,Plume for Android,@Waagzwife I just never heard of the spinal cord stimulator
33,JennMdx,2010-11-02 03:23:42+00:00,0,Twitter Web Client,Taking James to the doc in the morning to activrate his spinal cord stimulator.  Does it make me a bad wife to want my own remote?
34,tabithakristen,2010-10-31 14:53:32+00:00,0,Twitter Web Client,@Bekemeyer He had some spinal cord stimulator thingy implanted recently so he's been afk =P
35,DanaGirl844,2010-10-29 14:36:26+00:00,0,Twitter for BlackBerry®,HulkHogan4Real How do you like your spinal cord stimulator? I get mine Nov. 9th! The Dr doing my surgery is friends w/who did your surgery.
36,DanaGirl844,2010-10-28 03:50:52+00:00,0,Twitter for BlackBerry®,"@HulkHogan4Real hey Hulk, did you get your spinal cord stimulator put in permanently yet?"
37,elbearst,2010-10-25 02:28:14+00:00,0,SocialOomph,After the spinal cord stimulator implant. - HealthCentral.com I still push forward with a positive attitude to make m.. http://bit.ly/dfA9Oc
38,Szlinc,2010-10-23 18:43:15+00:00,0,Twitter Web Client,Getting the Spinal cord stimulator trial unit soon!! Supposed to make my foot feel like bubbles?? We'll see!
39,GonnaSin,2010-10-21 02:42:26+00:00,0,Seesmic,"RT @HulkHogan4Real: That's what went in my back,spinal cord stimulator http://plixi.com/p/51895771 Note to self: Stop dropping the big leg."
40,youreachedchris,2010-10-21 02:30:31+00:00,0,ÜberSocialOrig,"damn hulk! Just hope its helping brother RT @HulkHogan4Real: That's what went in my back,spinal cord stimulator http://plixi.com/p/51895771"
41,NCCowgirlinMo,2010-10-21 02:27:28+00:00,0,Twitter SMS,@HulkHogan4Real ouch to the spinal cord stimulator
42,elmo7111,2010-10-21 02:27:17+00:00,0,Twitter Web Client,@HulkHogan4Real did that spinal cord stimulator make your back feel better?
43,HulkHogan,2010-10-21 02:25:34+00:00,1,Echofon,"That's what went in my back,spinal cord stimulator http://plixi.com/p/51895771"
44,Vikingfist,2010-10-19 10:29:05+00:00,0,TweetDeck,@Brutalplanett @Biomech_  Then get back to the States and get a doctor that can put a spinal cord stimulator machine into my spine.
45,StephieHeavey,2010-10-19 09:26:15+00:00,0,Twitter for BlackBerry®,@HulkHogan4Real is the spinal cord stimulator helping you yet? Does it give the pain relief you thought it would? Take care x x
46,rip_topaz,2010-10-14 06:50:42+00:00,0,Echofon,Had surgery to install spinal cord stimulator yesterday. No sleep. No chance. Oxycontin and soma FTW. Pain this intense is just unreal.
47,NJPaz,2010-10-12 05:39:56+00:00,0,TweetDeck,"I went to the doctor today. Apparently my spinal cord stimulator battery is working its way through my skin, and may break through."
48,stupideyed,2010-10-11 18:55:15+00:00,0,Twitter Web Client,"My mom had a Neurostimulation (spinal cord stimulator) put in years ago, but taken out the next day. It did nothing to help."
49,KleinLG,2010-10-09 06:50:13+00:00,0,Twitter Web Client,Hulk Hogan got a spinal cord stimulator implanted to help with chronic back pain. Today was my 1 yr anniversary of my 2nd one. we match haha
50,LegalNewsline,2010-10-07 17:30:05+00:00,0,EasyTweets,Miss. SC dismisses claim over broken spinal cord stimulator http://is.gd/fPXlm
51,wwestars,2010-10-07 06:14:34+00:00,0,Twitter Web Client,He is on the surgery table as I post this getting the spinal cord stimulator surgically implanted.
52,Telemedicine_Jn,2010-10-06 20:56:20+00:00,0,TweetDeck,St. Jude’s wireless spinal cord stimulator a ‘go’ in Japan http://bit.ly/a30cl9
53,theanswerchaos,2010-10-06 19:10:43+00:00,0,Echofon,Apparently Hogan is having surgery today to implant the spinal cord stimulator. Which means he won't be on tv tomorrow night or at the ppv..
54,AlanaLinton,2010-10-06 15:44:50+00:00,0,Twitter Web Client,http://www.zapfinsurance.com/news.jsp?article_id=13 - Novel Spinal Cord stimulator for Parkinson's disease treatment
55,CutPain4Gain,2010-10-01 18:22:04+00:00,0,twitterfeed,"Wyo. SC rules man's hernia a work-related injury: James L. Ball suffered the hernia when a spinal cord stimulator,... http://bit.ly/aUcz0U"
56,menhealth1,2010-10-01 05:36:17+00:00,0,twitterfeed,David 2 - Prostatitis Surgery: David's failed treatments included a spinal cord stimulator and epidural injections... http://bit.ly/di7PcY
57,a_Wrestling,2010-09-29 19:59:51+00:00,0,Adoca,Hogan has surgery to insert electrical spinal cord stimulator http://bit.ly/9eUZZ4 #Wrestling
58,jfeinkind,2010-09-29 04:26:19+00:00,0,Twitter Web Client,Hulk Hogan to get a spinal cord stimulator trial: http://www.twitvid.com/VBS0C
59,wzuk,2010-09-28 21:16:56+00:00,0,Twitter for Websites,Hulk Hogan Having An “Electrical Spinal Cord Stimulator” Installed http://t.co/G3UTssP via @AddThis
60,Smacktalks,2010-09-28 21:00:38+00:00,0,Twitter for Websites,"Hulk Hogan Having An ""Electrical Spinal Cord Stimulator"" Installed http://t.co/jvTlY95 via @SmackNetwork #tna #fb"
61,WrestlHeadlines,2010-09-28 20:19:46+00:00,0,twitterfeed,Hulk Hogan Having An “Electrical Spinal Cord Stimulator” Installed http://bit.ly/cmchmC
62,laquebradora,2010-09-28 19:55:22+00:00,0,Twitter Web Client,Blogged Hogan Having An “Electrical Spinal Cord Stimulator” Installed: http://tinyurl.com/32auffm
63,HollywoodDivas,2010-09-28 19:50:14+00:00,0,twitterfeed,#ViaMarioL // Hulk Hogan Health Update411mania.comHulk Hogan will be having an electrical spinal cord stimulator i... http://bit.ly/adBEL6
64,shawn_moniz,2010-09-28 17:34:39+00:00,0,Seesmic Desktop,Our best wishes to @HulkHogan4Real who is having an electrical spinal cord stimulator inserted in his back today.
65,TheTamela,2010-09-28 17:13:54+00:00,0,TweetDeck,@HulkHogan4Real  Best of luck with the electrical spinal cord stimulator!
66,HulkHogan,2010-09-28 16:23:44+00:00,2,Echofon,"going for the make it or break it hail Mary.at4:00pm having an electrical spinal cord stimulator inserted for a test run,praying it works HH"
67,BurbDoc,2010-09-27 16:43:07+00:00,0,TweetDeck,@mommy_doctor It'd be pretty damn funny to hook up the spinal cord stimulator to a lantern battery. Hilarity to ensure.
68,critterlover66,2010-09-23 01:13:18+00:00,0,Twitter for Android,@TwittahMom they think spinal cord stimulator would help but they want to try few thongs less extreme first
69,BOPChiro,2010-09-14 14:29:46+00:00,0,twitterfeed,BOPChiro Chronic Lower Back Pain Treatment Using a Spinal Cord Stimulator ...: There are some cases... http://tinyurl.com/29nfhyb Neck Pain
70,CutPain4Gain,2010-09-14 08:33:20+00:00,0,twitterfeed,Chronic Lower Back Pain Treatment Using a Spinal Cord Stimulator ...: There are some cases on microcurrent for low... http://bit.ly/d9RJEq
71,wholesalegurru,2010-09-14 08:21:49+00:00,0,twitterfeed,Spinal Cord Stimulator - Link Directory - Add Link: wholesale mobile phones · wholesale mobile phones. uk wholesal... http://bit.ly/cXtm6l
72,BackPainGuy,2010-09-14 04:40:38+00:00,0,twitterfeed,Chronic Lower Back Pain Treatment Using a Spinal Cord Stimulator ... http://bit.ly/b6ATfE
73,TriggerTrudy,2010-09-06 21:54:58+00:00,0,Facebook,"Tonight, Mon 9-6 we will be talking to Mike Karnyski about the different SCS (spinal cord stimulator) units. @8 pm... http://fb.me/zcWbmvzK"
74,urologyguy1,2010-09-01 22:17:08+00:00,0,Twitter Web Client,Spinal Cord Stimulator To Control Pain - Arizona Pain Specialists http://linkee.com/9tdy
75,daytonir,2010-08-20 19:15:06+00:00,0,Twitter Web Client,"Man experiences 8 years of pain before finding the spinal cord stimulator, now he has none - we can do this, too! http://bit.ly/cWqxR4"
76,chazarama,2010-08-18 11:44:57+00:00,0,Twitter Web Client,Xtra batteries missing for my Spinal Cord Stimulator Programmer. Now stuck OFF &in immense PAIN. Need to find 2 Type AAA.
77,obitwatch,2010-08-16 01:47:15+00:00,0,twitterfeed,Spinal Cord Stimulator Sparks Hope for Parkinson's Disease ... http://bit.ly/bSFaF8
78,IVFConnections,2010-08-11 22:52:16+00:00,0,Twitter Web Client,"F2C25K4R4RH (floor to couch to 5k for Run for Reproductive Health) - week 2, #1. Spinal cord stimulator set to 11. @c25kapp"
79,IVFConnections,2010-08-11 02:17:14+00:00,0,Twitter Web Client,I get to wait 3 more months before the doc will officially tell me the spinal cord stimulator leads aren't placed right. Sigh.
80,IVFConnections,2010-08-03 19:15:07+00:00,0,Twitter Web Client,"@Quest4BabyHang You've got a lot going on, girl! My back surgery was to implant a 'spinal cord stimulator' to control chronic pain."
81,c3mdc,2010-08-03 11:48:00+00:00,0,Twitter Web Client,Boston Scientific wins FDA approval for spinal cord stimulator leads: http://bit.ly/cmOI7O
82,MassDevice,2010-08-02 21:20:02+00:00,0,Twitter Web Client,Boston Scientific wins FDA approval for spinal cord stimulator leads http://tinyurl.com/2ejjs8g
83,NJPaz,2010-08-01 23:19:53+00:00,0,TweetDeck,It's that time of the month: I have to charge my spinal cord stimulator. It's annoying as hell trying to get everything to align. *grumble*
84,equipment_lease,2010-07-31 00:25:49+00:00,2,twitterfeed,Boston Scientific Announces FDA Approval Of New Leads For The Precision Plus™ Spinal Cord Stimulator System: Bosto... http://mnt.to/f/3GLW
85,mnt_neurology,2010-07-30 17:06:18+00:00,0,Twitter Web Client,Boston Scientific Announces FDA Approval Of New Leads For The Precision Plus&trade; Spinal Cord Stimulator System http://mnt.to/3GLW
86,MedDevicenews,2010-07-30 13:15:00+00:00,0,twitterfeed,Boston Scientific Announces FDA Approval Of New Leads For The Precision Plus™ Spinal Cord Stimulator System: Bosto... http://mnt.to/f/3GLW
87,gresnewsme,2010-07-30 13:03:47+00:00,0,Twitter Web Client,Boston Scientific Announces FDA Approval Of New Leads For The Precision Plus™ Spinal Cord Stimulator System http://bit.ly/bow4eB
88,MedicalFeed,2010-07-30 12:48:21+00:00,0,QualityPoint,Boston Scientific Announces FDA Approval Of New Leads For The Precision Plus™ Spinal Cord Stimulator System: Bos... http://bit.ly/9N5hg7
89,Impressionblog,2010-07-30 12:17:19+00:00,0,Tweets On Post,Boston Scientific Announces FDA Approval Of New Leads For The Precision Plus™ Spinal Cord Stimulator System -
90,a_Science,2010-07-30 12:13:29+00:00,0,Twitter Web Client,Boston Scientific Announces FDA Approval Of New Leads For The Precision Plus™ Spinal Cord Stimulator System http://bit.ly/a1ZzxX
91,SpinePatientSoc,2010-07-30 11:40:27+00:00,0,twitterfeed,Boston Scientific Announces FDA Approval Of New Leads For The Precision Plus Spinal Cord Stimulator System: Bosto... http://bit.ly/dni7RU
92,c3mdc,2010-07-30 10:38:42+00:00,0,Twitter Web Client,Boston Scientific Announces FDA Approval Of New Leads For Precision Plus Spinal Cord Stimulator System: http://bit.ly/d80fYb
93,PharmaDiversity,2010-07-30 05:41:03+00:00,0,twitterfeed,DNANews Boston Scientific Announces FDA Approval of New Leads for the Precision Plus? Spinal Cord Stimulator Syste... http://bit.ly/aA5mWJ
94,RXIndex,2010-07-30 01:10:26+00:00,0,Twitter Web Client,Boston Scientific Announces FDA Approval of New Leads for the Precision Plus(TM) Spinal Cord Stimulator System -  http://on.mktw.net/d8gJdP
95,PharmaNews7,2010-07-29 21:01:40+00:00,0,twitterfeed,#pharma #med Boston Scientific Announces FDA Approval of New Leads for the Precision Plus™ Spinal Cord Stimulator Sy...  http://ow.ly/2fhwY
96,FitTips84,2010-07-29 21:01:39+00:00,0,twitterfeed,#pharma #med Boston Scientific Announces FDA Approval of New Leads for the Precision Plus™ Spinal Cord Stimulator Sy...  http://ow.ly/2fhwY
97,cryptomisa,2010-07-29 20:02:49+00:00,0,Facebook,Boston Scientific Announces FDA Approval of New Leads for the Precision Plus™ Spinal Cord Stimulator System - http://bit.ly/bbxA6r
98,BenzingaMedia,2010-07-29 19:32:14+00:00,0,Twitter Web Client,Boston Scientific Announces FDA Approval of New Leads for the Precision Plus Spinal Cord Stimulator System - http://is.gd/dRkMy
99,Benzinga,2010-07-29 19:31:22+00:00,0,Twitter Web Client,Boston Scientific $BSX Announces FDA Approval of New Leads for the Precision Plus Spinal Cord Stimulator System
100,FCC,2010-07-26 15:48:15+00:00,1,Twitter Web Client,Davd Hankin shows a video of an in-body stimulator. Helps those with spinal cord injuries gain mobility http://fcc.gov/live #FCCfda
101,NJPaz,2010-07-24 04:49:19+00:00,0,TweetDeck,"Question is, what would I post that would be interesting? Maybe charging my spinal cord stimulator? Trip to Devil's Den?"
102,AskDrBurt,2010-07-22 19:21:06+00:00,0,SocialCastLV,Health-and-Fitness:Pain-Management Articles from EzineArticles.com Do Not Implant a Spinal Cord Stimulator Surgically Bef http://is.gd/dCrT7
103,medfaxx,2010-07-22 18:50:06+00:00,0,EzineArticles,Do Not Implant a Spinal Cord Stimulator Surgically Before Trying Interferential Therapy For Pain: http://EzineArticles.com/4711672
104,thecottonco,2010-07-21 16:29:19+00:00,0,bitly bitlink,"Do not have a spinal cord stimulator implanted without trying interferential therapy first, here's why: http://bit.ly/spinalcordstimulator"
105,borroff,2010-07-20 11:38:07+00:00,0,TweetDeck,The characteristics of my implanted spinal cord stimulator keep changing - the programs don't do the same thing minute to minute - strange
106,etabke,2010-07-20 04:18:22+00:00,0,Twitter Web Client,@jsb941 hey! Got a spinal cord stimulator implanted surgically a few weeks ago ... Been sort of MIA but am good. You?
107,IVFConnections,2010-07-17 19:01:27+00:00,0,Twitter Web Client,Four weeks post-op from spinal cord stimulator implant; starting to get some pain relief. Will only get better from here!
108,borroff,2010-07-13 22:36:22+00:00,0,TweetDeck,"Looked up the Kin site, 'cause I couldn't remember which was which - the spinal cord stimulator controller is just the size of the Kin 1"
109,silcury,2010-07-13 12:54:06+00:00,0,Twitter Web Client,Não perca este vídeo -- Spinal Cord Stimulator Sparks Hope for Parkinson's Disease http://youtu.be/0b6OElzJlMg
110,libbyk,2010-07-12 15:32:00+00:00,0,Twitter Web Client,"@christinarizer also, i REALLY don't want a spinal cord stimulator implanted until it's ABSOLUTELY necessary. NOOOO thank you."
111,mailmesunnyk,2010-07-11 14:19:16+00:00,0,twitterfeed,Spinal Cord Stimulator Sparks Hope for Parkinson's Disease | home ...: The future treatment of Parkinson's disease... http://bit.ly/ck90mc
112,qq0455,2010-07-10 23:36:36+00:00,0,Twitter Web Client,Fresh on home equity loan advice: What are the risks and benefits of a spinal cord stimulator? http://tinyurl.com/33lzwhu
113,utterlyfun1,2010-07-09 14:14:30+00:00,0,Twitter Web Client,Jeff gets a Spinal Cord Stimulator today....!
114,borroff,2010-07-07 23:33:09+00:00,0,TweetDeck,"Back online, doing pretty well after spinal cord stimulator final stage.  Still 6-8 weeks of no lifting, being careful. Back to work on Mon."
115,etabke,2010-07-07 23:28:49+00:00,0,Twitter Web Client,Hey! My spinal cord stimulator implant made it into Brett's talk. #atxseo
116,qq0455,2010-07-06 15:21:53+00:00,0,Twitter Web Client,Fresh on tx home equity loan: What are the risks and benefits of a spinal cord stimulator? http://tinyurl.com/3xv4pxt
117,asdsdsdf,2010-07-02 01:38:09+00:00,0,Twitter Web Client,Fresh on home equity loan pa: What are the risks and benefits of a spinal cord stimulator? http://tinyurl.com/39fju8o
118,borroff,2010-07-02 01:00:02+00:00,0,Twitter Web Client,"Day 2 of spinal cord stimulator trial.  The incisions hurt, but the gadget seems to work.  It's not magic, but it works."
119,borroff,2010-06-30 22:11:12+00:00,0,Twitter Web Client,"The Boston Scientific rep says their spinal cord stimulator's handset link is unhackable, but wouldn't take my bet.  Anyone know for sure?"
120,hbBack,2010-06-27 23:04:30+00:00,0,twitterfeed,Spinal cord stimulator: I had a PLIF in 2007. Before surgery I had Sciatica down right leg. After surgery down bot... http://bit.ly/c6NlFv
121,maryum_razzaq,2010-06-26 08:02:21+00:00,0,LinksAlpha,Boston Scientific Announces FDA Approval And Launch Of Lead Splitters For The Precision Plus™ Spinal Cord Stimulator
122,ImAHealthNut,2010-06-26 06:26:36+00:00,0,Hootsuite,Boston Scientific Announces FDA Approval And Launch Of Lead Splitters For The Precision PlusT Spinal Cord Stimulator... http://ow.ly/17Tnxf
123,Racene77,2010-06-26 06:24:17+00:00,0,Hootsuite,Boston Scientific Announces FDA Approval And Launch Of Lead Splitters For The Precision Plus™ Spinal Cord Stimulator... http://ow.ly/17Tokm
124,Outdoor_TV,2010-06-26 05:22:20+00:00,0,erased132190,oxis health updates Boston Scientific Announces FDA Approval And Launch Of Lead Splitters For The Precision Plus™ Spinal Cord Stimulator Sys
125,health_tweets,2010-06-26 05:11:52+00:00,0,Twitter Web Client,Boston Scientific Announces FDA Approval And Launch Of Lead Splitters For The Precision Plus™ Spinal Cord Stimulator Sy.. http://dld.bz/jrA5
126,ArkayCareers,2010-06-25 18:39:05+00:00,0,Facebook,BSX Announces Lead Splitters for the Precision Plus Spinal Cord Stimulator System http://fb.me/D86gMcr8
127,ArkayCareers,2010-06-25 12:12:40+00:00,0,Twitter Web Client,#Medical News : BSX Announces Lead Splitters for the Precision Plus Spinal Cord Stimulator System  http://bit.ly/b7vFHM
128,labbase,2010-06-25 02:33:14+00:00,0,Twitter Web Client,Boston Scientific   Approval and Launch of Lead Splitters for the Precision Plus™ Spinal Cord Stimulator System http://bit.ly/91iwgA
129,MedDevicenews,2010-06-24 13:28:30+00:00,0,twitterfeed,Boston Scientific launches SCS lead splitters for use with Precision Plus Spinal Cord Stimulator System: Boston Sc... http://bit.ly/94vOUt
130,theDIBB,2010-06-22 19:38:07+00:00,0,Twitter Web Client,"Spinal Cord Stimulator: To cut a very long story short! DH was a passenger in a car crash, needed op on sh... http://DIBB.me/b2najw #disney"
131,david_sperling,2010-06-19 06:33:58+00:00,0,Twitter Web Client,Started spinal cord stimulator trial today. We'll see how this goes. Anyone have experience with this? Anyone want to know how it goes?
132,healthnibber,2010-06-19 00:30:10+00:00,0,Twitter Web Client,"Spinal Cord Stimulator Sparks Hope for Parkinsons Disease, http://tinyurl.com/2a2jqaj #dukemedicine"
133,healthnibber,2010-06-18 09:00:11+00:00,0,Twitter Web Client,"Spinal Cord Stimulator Sparks Hope for Parkinsons Disease, http://tinyurl.com/2a2jqaj #dukemedicine"
134,health_con,2010-06-17 17:14:09+00:00,0,Twitter Web Client,Daniel: Low back pain (post implant - Spinal Cord Stimulator) http://snipr.com/xi7ur
135,zh9irfbb,2010-06-17 11:03:37+00:00,0,Twitter Web Client,Fresh on bank accounts online: Spinal Cord Stimulator Sparks Hope for Parkinson&#8217;s Disease http://tinyurl.com/2vb3jnr
136,hottblnde,2010-06-15 02:45:33+00:00,0,Twitter Web Client,@YuksGirlYum Does she have a spinal cord stimulator or a pain pump? I'm asking cuz I have a spinal cord stim implanted. Are they fusing or
137,gz7f9k,2010-06-14 19:13:52+00:00,0,Twitter Web Client,Fresh on interest bearing accoun: What are the risks and benefits of a spinal cord stimulator? http://tinyurl.com/3yzv735
138,SuzanneFrato,2010-06-14 17:12:37+00:00,0,Twitter Web Client,"...the Spinal Cord Stimulator trial was a bust! :( Hoping it would work, cant deal w/this pain NEmore! Pain was 2 much, unit was removed!!!"
139,david_sperling,2010-06-09 17:34:54+00:00,0,Twitter Web Client,Any advice for someone considering a spinal cord stimulator?
140,leotking,2010-06-08 03:43:16+00:00,0,Twitter Web Client,What are the risks and benefits of a spinal cord stimulator? - http://tinyurl.com/27tfuzv
141,leotking,2010-06-06 00:10:01+00:00,0,Twitter Web Client,From the blog: Spinal Cord Stimulator Sparks Hope for Parkinson&#8217;s Disease http://tinyurl.com/2engd5r
142,healthnibber,2010-06-05 14:00:10+00:00,0,Twitter Web Client,"Spinal Cord Stimulator Sparks Hope for Parkinsons Disease, http://tinyurl.com/2a2jqaj #dukemedicine"
143,hottblnde,2010-06-02 07:49:12+00:00,0,Twitter Web Client,On that note I'm going to bed. Have a big apt tomorrow to talk about replacing my spinal cord stimulator yet again. A year later its broke
144,jennybean416,2010-06-01 01:22:58+00:00,0,Twitter Web Client,@MiseryXchord Is an IFC anything like an SCS implant? (Spinal Cord Stimulator)
145,borroff,2010-05-24 20:56:23+00:00,0,Twitter Web Client,"Spinal cord stimulator surgery scheduled for 6/30 and 7/7 - two surgeries, aa week apart.  Unfortunately, no showers between them.  Meh."
146,sherri_herrmann,2010-05-20 15:37:59+00:00,0,Hootsuite,^SH G'morning all...well I go back in today to try the Spinal Cord Stimulator again....I sure hope it gives me a nice tingle this time...
147,IntJEmergMed,2010-05-20 11:32:19+00:00,0,Twitter Web Client,Clinical images of epidural hematoma following spinal cord stimulator implant- http://tinyurl.com/2cnjupp #emergencymedicine #openaccess
148,ThePainNews,2010-05-19 00:02:49+00:00,0,Twitter Web Client,Get Back Into Life with the world's smallest spinal cord stimulator. http://bit.ly/96iewX
149,david_sperling,2010-05-18 23:02:58+00:00,0,Twitter Web Client,is considering a spinal cord stimulator.
150,borroff,2010-05-08 03:36:29+00:00,0,Twitter Web Client,"On vacation this week, but I did decide to go forward with a spinal cord stimulator implant http://bit.ly/b91nID. A bit more bionic, still."
151,IVFConnections,2010-05-04 12:51:16+00:00,0,Twitter Web Client,"Morning, infertilitweeps! I just did a spinal cord stimulator (Scs) trial for chronic pain. It worked. I'm psyched!"
152,sepaincare,2010-05-02 22:49:49+00:00,0,Twitter Web Client,Hip replacements should be addressed by surgery and not a spinal cord stimulator #sepchw
153,sepaincare,2010-05-02 22:45:47+00:00,0,Twitter Web Client,Clark: Spinal cord stimulation is great for regenerative sleep. Lots of patient sleep better with stimulator technology. #sepchw
154,ArizonaPain,2010-04-29 04:51:04+00:00,0,Twitter Web Client,Great success with a spinal cord stimulator...4 chronic back and leg pain after unsuccessful surgery and other options failed. Dr McJunkin
155,raypharma,2010-04-23 08:22:59+00:00,0,Twitter Web Client,"New post: Treating chronic pain with spinal cord stimulator implants, by Dr Reza Ghorbani (Part 3) http://www.raypharma.com/blog/?p=3970"
156,raypharma,2010-04-23 06:20:56+00:00,0,Twitter Web Client,"New post: Treating chronic pain with spinal cord stimulator implants, by Dr Reza Ghorbani (Part 2) http://www.raypharma.com/blog/?p=3909"
157,KleinLG,2010-04-22 04:56:06+00:00,0,Twitter Web Client,Going back home in the morning. Driving that far again should be interesting with my spinal cord stimulator. Hope it doesn't hurt too much
158,raypharma,2010-04-20 15:12:59+00:00,0,Twitter Web Client,"New post: Treating chronic pain with spinal cord stimulator implants, by Dr Reza Ghorbani (Part 1) http://www.raypharma.com/blog/?p=2295"
159,dadzombie,2010-04-16 20:29:09+00:00,0,twitterfeed,"Spinal cord stimulator to kill pain: Numerous therapies including medicines, injections, nerve blocks and endoscop... http://bit.ly/a9IwYD"
160,RiceSax,2010-04-16 20:21:53+00:00,0,twtsimple,Spinal cord stimulator to kill pain - Indian Express  http://bit.ly/cEOZEy
161,monispice,2010-04-14 14:02:03+00:00,0,TweetDeck,off to take mom to the doctor... hopefully they can help fix her spinal cord stimulator!
162,borroff,2010-04-13 17:48:07+00:00,0,Twitter Web Client,"You know, in considering a spinal cord stimulator, I've thought about the chance of the remote being hacked - I don't know the connect tech."
163,ThePainCenter,2010-04-13 16:30:04+00:00,0,Twitter Web Client,"Learn more about the World's smallest spinal cord stimulator at our free lecture in Surprise, Arizona. http://bit.ly/bdDk8U"
164,DrSiwek,2010-04-09 00:06:05+00:00,0,Facebook,"FREE lecture about Spinal Cord Stimulation and the Eon Mini Stimulator with Top Doctor,  Steven M.Siwek, MD who was... http://bit.ly/avsQrO"
165,212brandhealth,2010-04-08 04:41:56+00:00,0,Twitter Web Client,New Blog Post: Spinal Cord Stimulator Sparks Hope for Parkinson's Disease http://alzheimersdiseasesite.info/?p=1144
166,KleinLG,2010-04-07 17:49:12+00:00,0,Echofon,"@shochi2014 Torn pcl meniscus & fractured tibia doing gymnastics 2 yrs ago. Dvlped a nerve cond & got a spinal cord stimulator, I'm bionic!"
167,212brandhealth,2010-04-07 01:45:29+00:00,0,Twitter Web Client,New Blog Post: Spinal Cord Stimulator for Chronic Pain http://chronicpainblog.info/?p=734
168,212brandhealth,2010-04-05 10:41:44+00:00,0,Twitter Web Client,New Blog Post: Spinal Cord Stimulator Sparks Hope for Parkinson's Disease http://alzheimersdiseaseblog.info/?p=1209
169,healing_redhead,2010-03-27 05:37:16+00:00,0,Twitter Web Client,"Less than a week away from my permanent spinal cord stimulator surgery! Hook me up! Bye, bye pain... Hello life! Love medical advances!"
170,_IamCarrie,2010-03-26 14:56:11+00:00,0,Twitter Web Client,sitting @ the spine doc's office; waiting while the wife gets a temp spinal cord stimulator wired up. FUN!
171,RiceSax,2010-03-21 17:20:24+00:00,0,twtsimple,Spinal cord stimulator gives hope of pain relief to Cloquet woman - Duluth News Tribune http://bit.ly/bQawQF
172,fixbackpain,2010-03-21 06:26:13+00:00,0,RSS2Twitter,Spinal cord stimulator gives hope of pain relief to ... - Duluth News Tribune http://url4.eu/1tEId
173,correctspine,2010-03-21 06:26:13+00:00,0,RSS2Twitter,Spinal cord stimulator gives hope of pain relief to ... - Duluth News Tribune http://url4.eu/1tEIa
174,pain_away,2010-03-19 03:47:38+00:00,0,Twitter Web Client,"Treating chronic pain with spinal cord stimulator implants, by Dr Reza Ghorbani (Part 2) http://digg.com/u1QeXx"
175,SpinePatientSoc,2010-03-18 21:02:07+00:00,0,twitterfeed,"Spinal Cord Stimulator Effective or Not?: After months and 5 denial letters, my insurance company _finally_ approv... http://bit.ly/bsM6sa"
176,pain_away,2010-03-17 04:52:31+00:00,0,Twitter Web Client,"Treating chronic pain with spinal cord stimulator implants, by Dr Reza Ghorbani (Part 2) http://digg.com/u1QeXx"
177,pain_away,2010-03-16 14:42:30+00:00,0,Twitter Web Client,"Treating chronic pain with spinal cord stimulator implants, by Dr Reza Ghorbani (Part 2) http://digg.com/u1QeXx"
178,aej5364,2010-03-14 23:52:20+00:00,0,Facebook,Please pray for Denise Teachey Houghton.  She will have a permanet spinal cord stimulator implanted in her back in... http://bit.ly/bBzHYa
179,fixbackpain,2010-03-13 05:28:19+00:00,0,RSS2Twitter,Understanding Spinal Cord Stimulator Coding Changes for ... - PRLog (free press release) http://url4.eu/1lxp7
180,correctspine,2010-03-13 05:28:18+00:00,0,RSS2Twitter,Understanding Spinal Cord Stimulator Coding Changes for ... - PRLog (free press release) http://url4.eu/1lxp3
181,fixbackpain,2010-03-13 04:22:18+00:00,0,RSS2Twitter,Understanding Spinal Cord Stimulator Coding Changes for ... - PRLog (free press release) http://url4.eu/1lvwV
182,correctspine,2010-03-13 04:22:16+00:00,0,RSS2Twitter,Understanding Spinal Cord Stimulator Coding Changes for ... - PRLog (free press release) http://url4.eu/1lvwN
183,BackPainGuy,2010-03-12 04:48:42+00:00,0,twitterfeed,Daniel: Low back pain (post implant – Spinal Cord Stimulator ... http://bit.ly/bLJyQw
184,ThePainNews,2010-03-09 22:53:05+00:00,0,Twitter Web Client,"Spinal Cord Stimulator and the EonMini to be featured on the hit TV show, The Doctors this Thursday, March 11th!  bit.ly/9Fvr5g"
185,DrSiwek,2010-03-09 22:50:29+00:00,0,Twitter Web Client,The worlds smallest Spinal Cord Stimulator to be featured on The Doctors this Thursday March 11th. bit.ly/9Fvr5g
186,212brandhealth,2010-03-09 08:56:29+00:00,0,Twitter Web Client,New Blog Post: Spinal Cord Stimulator for Chronic Pain http://chronicpaininformation.info/?p=213
187,ItzJade,2010-02-24 22:14:22+00:00,0,Twitter Web Client,Thorasic Spinal Cord Stimulator ..... trial run of that to be implanted soon
188,stephnsu65,2010-02-20 13:09:02+00:00,0,Twitter SMS,Woke up to a charged spinal cord stimulator battery! Woo hoo! Pain pain go away!
189,bridge1969,2010-02-19 00:26:02+00:00,0,Twitter Web Client,"Just had a call from the Hospital about the trial for the Spinal Cord Stimulator, only 3 months for the waiting list, I can do that.. I hope"
190,upcominghealth,2010-02-04 16:30:15+00:00,0,Twitter Web Client,Man fights back against back pain - David Parker has his spinal cord stimulator adjusted at the office of Dr. Eugene... http://bit.ly/bJHNRl
191,Kover1,2010-01-17 09:00:45+00:00,0,Twitter Web Client,@kaylee_coovert they didn't work. have they thought of a spinal cord stimulator or ketamine injections?? or a hyperbarrick chamber for it?
192,derekslam,2010-01-15 13:02:04+00:00,0,Twitter Web Client,Hannah's spinal cord stimulator is working!  She woke up this morning and the pain in her leg had been cut in half.
193,snyfrancis,2010-01-14 19:25:45+00:00,0,erased858,I get my permanent spinal cord stimulator implanted tomorrow morning. Back brace for six weeks ---  it will be a long six weeks.
194,SpiritualMan57,2010-01-08 00:17:53+00:00,0,Twitter Web Client,"OOOPS, Typo! My apologies--- Spinal Cord STimulator... pleased to share my own experience. Feel fr**!"
195,SpiritualMan57,2010-01-08 00:05:50+00:00,0,Twitter Web Client,Spinal Cord Srimulator vs. Surgery Trail Results (I have stimulator-Surgery not an option for me-Yes!) http://tinyurl.com/y93hx4o DM for inf
196,painintheBECK,2010-01-05 22:18:04+00:00,0,Twitter Web Client,Hmmmm what's better: spinal cord stimulator or a pump?  How lucky am I? Hmmmmmmm........
197,karenbyrne,2010-01-05 11:31:25+00:00,0,Twitter Web Client,Pray for my BIL - having spinal cord stimulator put in today in hopes of removing the need for pain meds.
