,0,1,2,3,4
0,narellej004,2011-12-31 03:43:51+00:00,0,Hootsuite,"Trial Spinal Cord Stimulator,Pulse Radiofrequency to nerves(while having nerve block/awake 4 this.ouch!)These are things that I can remember"
1,berylmom,2011-12-30 21:15:37+00:00,0,Hootsuite,"RT @Lil_Duckski: Had my spinal cord stimulator implanted the other day....Ouch! No pain,no gain! Will turn it on in abt 10 days, can't wait!"
2,LisaOBrien16,2011-12-28 22:23:34+00:00,0,Twitter for Websites,Spinal Cord Stimulator Implant Video: http://t.co/zTom2k8k via @AddThis
3,charlizeecom,2011-12-26 20:11:58+00:00,0,twitterfeed,Spinal Cord Stimulator: Power Over Your Pain has stories about people who have overcome pain  information about ... http://t.co/bk1MJCa0
4,jvaughters,2011-12-26 00:20:19+00:00,0,Twitter for iPhone,Spinal Cord Stimulator #AndSoItBegins #AwkwardFamilyConversationsAtChristmas
5,ElectronicsRlof,2011-12-25 18:41:08+00:00,0,Twitter Web Client,"Update On ESI Before Spinal Cord Stimulator back pain, stomach ..."
6,NeuroTweeter,2011-12-25 15:29:56+00:00,0,twitterfeed,"Posted forum update spinal cord stimulator: Post neurology questions

Post subject : spinal... http://t.co/Rbgo69tt ask the neurologist"
7,NeuroTweeter,2011-12-25 15:29:56+00:00,0,twitterfeed,"Posted forum update Re: spinal cord stimulator: Post neurology questions
Replies : Post subj... http://t.co/qHgEAjgi ask the neurologist"
8,sexytee3679,2011-12-22 16:07:06+00:00,0,TweetCaster for Android,Going to get my trial spinal cord stimulator today and I'm so nervous
9,blsoaps,2011-12-21 21:04:02+00:00,0,Facebook,Sitting in the doctor's office. It's a never ending thing for me. David is getting a Spinal Cord Stimulator... http://t.co/zYNBMOv3
10,drlloydhey,2011-12-20 18:18:37+00:00,0,Twitter for iPhone,79 yo w severe scoliosis/stenosis w horrible worsening quality o life. Failed spinal cord stimulator. Surgery discussed http://t.co/pdXRd7fT
11,bionicrocky,2011-12-19 08:42:23+00:00,0,  HTC Peep,"@SFoskett thanks, man!! The lab is coming together. Bionicboy is prototyping a new remote for my spinal cord stimulator!!"
12,narellej004,2011-12-18 10:53:38+00:00,0,Twitter for iPad,“@HCgeeks: Boston Sci Launches 16-Contact Percutaneous Spinal Cord Stimulator Lead: http://t.co/ZBnKd7Ve” sounds very promising!
13,narellej004,2011-12-18 10:50:10+00:00,0,Twitter for Websites,Reading 'Achieving Chronic Pain Relief With Spinal Cord Stimulator Implants (SCS)' here: http://t.co/otoEJup0
14,jsturges,2011-12-16 01:36:00+00:00,0,Twitter for iPhone,Finally pain-free with an implanted spinal cord stimulator. Spooky part: charging its battery through my skin. #worthit! Bionic man!!
15,HCgeeks,2011-12-14 16:35:56+00:00,1,TweetDeck,Boston Sci Launches 16-Contact Percutaneous Spinal Cord Stimulator Lead: http://t.co/gleAUOR4
16,hbBack,2011-12-14 02:46:36+00:00,0,twitterfeed,Update On ESI Before Spinal Cord Stimulator: I had a ESI today and feeling pretty weak tonite. Too early to tell... http://t.co/VbUzVTIZ
17,artymasterson,2011-12-12 13:53:37+00:00,0,Twitter Web Client,my spinal cord stimulator broke last night...dreading the news that I may need another surgery to fix it.
18,TolkienGoatses,2011-12-11 15:08:33+00:00,0,Twitter SMS,@sfuequalities sorry missed ur tweet. Can't have an MRI bc of my spinal cord stimulator. & omg Irish...proving I really am fkd in the head.
19,DebbieBellner,2011-12-11 05:41:35+00:00,0,twitterfeed,Achieving Chronic Pain Relief With Spinal Cord Stimulator Implants ... http://t.co/X2ACKVf9
20,twania36,2011-12-09 01:57:13+00:00,0,Twitter Web Client,Ok I go for my spinal cord stimulator trial on Jan3 and I heard it's like heaven if it works I pray that it works for me.
21,financesguide,2011-12-08 19:58:16+00:00,0,twitterfeed,Boston’s New Spinal Cord Stimulator System Enters $2.6 Billion Market (http://t.co/rklexXlc) http://t.co/BGK6U1is
22,anatechus,2011-12-08 19:15:53+00:00,0,twitterfeed,Spinal Cord Stimulator: Power Over Your Pain has stories about people who have overcome pain  information about ... http://t.co/K6oww3y3
23,iStockAnalyst,2011-12-08 17:54:49+00:00,0,twitterfeed,Boston’s New Spinal Cord Stimulator System Enters $2.6 Billion Market $BSX: Medical devices manufacturer Boston ... http://t.co/L21RNjUe
24,FXTraderUpdates,2011-12-08 17:35:09+00:00,0,SocialCastLV,Boston’s New Spinal Cord Stimulator System Enters $2.6 Billion Market http://t.co/cDiwgQGZ #Forex #Trading #Traders
25,BioStocks,2011-12-08 13:34:07+00:00,0,TweetDeck,$BSX receives FDA approval for New Infinion 16 Percutaneous Lead For Precision Plus spinal cord stimulator system.
26,DebbieBellner,2011-12-08 00:50:44+00:00,0,twitterfeed,Achieving Chronic Pain Relief With Spinal Cord Stimulator Implants ... http://t.co/meROKvik
27,DebbieBellner,2011-12-07 23:43:11+00:00,0,twitterfeed,Achieving Chronic Pain Relief With Spinal Cord Stimulator Implants ... http://t.co/jOnx3ZSy
28,2PainManagement,2011-12-06 06:02:22+00:00,0,twitterfeed,Achieving Chronic Pain Relief With Spinal Cord Stimulator Implants (SCS) http://t.co/CLFivCXC
29,MarilynWCuevas,2011-12-06 06:00:46+00:00,0,twitterfeed,Achieving Chronic Pain Relief With Spinal Cord Stimulator Implants (SCS) http://t.co/jWkcqj10
30,TildaSapienzaAH,2011-12-06 04:27:27+00:00,0,twitterfeed,Achieving Chronic Pain Relief With Spinal Cord Stimulator Implants (SCS) http://t.co/wJnR0tX6
31,stopkneepain,2011-12-06 02:29:05+00:00,0,twitterfeed,"Achieving Chronic Pain Relief With Spinal Cord Stimulator Implants (SCS): Spinal cord stimulation, otherwise kno... http://t.co/fW1Xnl8Y"
32,JulesBF,2011-12-04 03:15:35+00:00,0,Twitter for iPhone,Those w/ #chronicpain don't give up! 15yrs & just had spinal cord stimulator removed-we figured it out! Life is good. http://t.co/8PHX3x3R
33,TwitfactsTwit,2011-12-03 12:49:44+00:00,0,TwitfactsTwit,"Spinal cord stimulator is related to Motor Cortex, Failed Back Syndrome and Paraplegia. http://t.co/XhGNvb47"
34,Tardisgal17,2011-12-01 14:45:26+00:00,0,TweetDeck,"Time to charge the old spinal cord stimulator. It's such a pain in the butt (literally, bc the unit is under my buttock tissue. Hello, TMI!)"
35,MDLinx,2011-12-01 06:03:46+00:00,0,twitterfeed,Long-term effect of MRI on sacral anterior root stimulator: the Stoke Mandeville experience: Spinal Cord http://t.co/jKeJTXr4 #neuro
36,hbBack,2011-12-01 03:15:25+00:00,0,twitterfeed,ESI before Spinal Cord Stimulator!: Just had a 1.5 hr session with my PM. He looked at myelogram pictures and ca... http://t.co/6n57F7Sn
37,ColindotD,2011-11-30 15:22:27+00:00,0,Twitter Web Client,"Planning on getting a spinal cord stimulator. Latest stage, yesterday, met with consultant to decide which type. Hopefully 'Nevro'"
38,mistybozman,2011-11-30 15:10:04+00:00,0,Twitter Web Client,Was all set to have a spinal cord stimulator trial this Fri til my husband's ins co decided to change policies! What am I going to do!?
39,Spicey_Spiney,2011-11-29 23:46:40+00:00,0,Twitter Web Client,"@OxymoronParadox SCS is a spinal cord stimulator. Bank of 17 electrodes attached near my spinal cord, then connected to a battery pack.."
40,TX_FireEyes,2011-11-27 00:46:52+00:00,0,Twitter Web Client,Hate it when I have 2 charge my Spinal Cord Stimulator...takes 4ever!! Having back problems sux!!!
41,Spicey_Spiney,2011-11-26 11:09:38+00:00,0,TweetDeck,My spinal cord stimulator battery implant is killing me today. Don't remember knocking it but it is really painful & throbbing  :/
42,TherapyOnline1,2011-11-24 10:13:26+00:00,0,twitterfeed,treatmenttherapy: I am a chronic pain sufferer and plan on having a Spinal Cord Stimulator implanted? http://ur1... http://t.co/DnpXR4su
43,Therapy_Treat,2011-11-24 10:13:25+00:00,0,twitterfeed,treatmenttherapy: I am a chronic pain sufferer and plan on having a Spinal Cord Stimulator implanted? http://ur1... http://t.co/xq410jeR
44,Treatment_News,2011-11-24 09:53:09+00:00,0,twitterfeed,I am a chronic pain sufferer and plan on having a Spinal Cord Stimulator implanted? http://chronic-pain.treatmen... http://t.co/f7nU5NOO
45,Therapy_Treat,2011-11-24 09:53:09+00:00,0,twitterfeed,I am a chronic pain sufferer and plan on having a Spinal Cord Stimulator implanted? http://chronic-pain.treatmen... http://t.co/m1U6ZgVT
46,SDOHGirl,2011-11-17 01:12:49+00:00,0,Twitter Web Client,@JeffProbst @JeffProbst I got a spinal cord stimulator today & I am still tweeting again this wk. Is that buff worthy? #Survivor
47,ForeverSore,2011-11-16 14:44:40+00:00,0,Twitter Web Client,@Ladygogo84 Worrying more&more that my spinal cord stimulator needs a repair job and this is why I have sore hands. Other than that Im ok. x
48,fbomobile,2011-11-16 13:12:17+00:00,0,Google,MEDTRONIC SPINAL CORD STIMULATOR http://t.co/C03LzyIc #n0016812rc04m03 #65
49,Ian_munro,2011-11-14 20:18:58+00:00,0,Twittelator,@lantana21  I've got a thing called a spinal cord stimulator. It's like a TENS machine but it's attached to my spin... http://t.co/U2Jj68kt
50,Ian_munro,2011-11-14 20:13:06+00:00,0,Twittelator,@lantana21  I've got a thing called a spinal cord stimulator. It's like a TENS machine but it's attached to my spin... http://t.co/uuOklWao
51,Ian_munro,2011-11-14 20:12:16+00:00,0,Twittelator,@lemongingercake   I've got a thing called a spinal cord stimulator. It's like a TENS machine but it's attached to ... http://t.co/3QkPlH8p
52,kaseymase623,2011-11-11 18:54:49+00:00,0,Twitter for iPhone,"@KourtneyKardash , I have RSD and having a spinal cord stimulator implant surgery Wednesday. It's been 2 years since I wore heels!"
53,danetrainer,2011-11-10 21:16:58+00:00,0,Twitter Web Client,"Just got home today after surgery from a Spinal Cord Stimulator
*talk about sore back* :*("
54,kaseymase623,2011-11-09 01:23:11+00:00,0,Twitter for iPhone,@rundawnrun ugh I am so sorry to hear that. I am having a spinal cord stimulator places this month. What treatment options do you have?
55,ForeverSore,2011-11-08 14:37:25+00:00,0,Twitter Web Client,"@Lynseybee Had pain management courses in Bath, nerve blocks and infusions regarly, a spinal cord stimulator, etc. xxxx"
56,StephieHeavey,2011-11-07 07:36:40+00:00,0,Twitter for BlackBerry®,Just left home on way for my neuromodulation assessment for a spinal cord stimulator. St Thomas' here I come.
57,selvidgeCCRN,2011-11-05 01:50:13+00:00,0,Twitter Web Client,#NUR3563 Spinal cord injuries/ implanted stimulator to restore cough reflex http://t.co/fWxKo46m
58,soapysudz,2011-11-03 16:52:16+00:00,0,Twitter for BlackBerry®,@CherryDee32 no have to see him and another doc they are going to try a trial of a spinal cord stimulator to see what happens with that
59,Koffie7072,2011-11-02 03:24:05+00:00,0,twitterfeed,"LGMedSupply Portable Russian Muscle Stimulator: Russian Stimulation is often used to treat spinal cord injuries,... http://t.co/gq4szYkK"
60,jvaughters,2011-10-30 00:41:56+00:00,0,Twitter for iPhone,"If I had a dollar for every time I heard ""spinal cord stimulator"", I'd be rich this evening #AwkwardFamilyConversationHappeningRightNow"
61,addyourlink,2011-10-25 05:13:52+00:00,0,twitterfeed,Spinal Cord Stimulator: Power Over Your Pain has stories about people who have overcome pain  information about ... http://t.co/IuqKNZzH
62,Life_Sciences_,2011-10-23 19:56:31+00:00,0,dlvr.it,Feasibility of cerebral magnetic resonance imaging in patients with externalised spinal cord stimulator http://t.co/j5VcxRK9
63,Ultrasound_Girl,2011-10-23 13:08:34+00:00,0,twitterfeed,Another Implant for the Radiologists-Spinal Cord Stimulator http://t.co/8LBdvIdp
64,HcareRoundup,2011-10-23 11:40:37+00:00,0,LinksAlpha,Another Implant for the Radiologists-Spinal Cord Stimulator http://t.co/0qV5QPqB
65,thrombolyser_rd,2011-10-23 07:46:26+00:00,0,Google,Another Implant for the Radiologists-Spinal Cord Stimulator http://t.co/lfblqDsc
66,sumersethi,2011-10-23 07:13:57+00:00,0,twitterfeed,"From Sumer Sethi,s R Another Impant for the Radiologists-Spinal Cord Stimulator: An adult lady with  history of ... http://t.co/3jYsmqhf"
67,JLeo_Mo,2011-10-23 05:21:13+00:00,0,Twitter Web Client,I have good news I have been put in for a spinal cord stimulator trial. Hopefully by christmas I will be out of my wheel chair and walking
68,CalmareNJ,2011-10-19 15:00:50+00:00,0,Twitter Web Client,RSD / fibromyalgia patient with spinal cord stimulator successfully undergoes Calmare Pain Therapy http://t.co/x6J9km4f  #chronicpain
69,vijayanandnz,2011-10-19 02:00:03+00:00,0,Twitter Web Client,King of Saudi. Being lined up for a spinal cord stimulator? http://t.co/SBXRnZaB
70,Trulysmacked,2011-10-16 03:59:50+00:00,0,Twitter Web Client,I have been approved 4 the spinal cord stimulator yesterday & I am happy cause I know it works I just hope it works on me as well as others.
71,Trulysmacked,2011-10-12 02:33:34+00:00,0,Twitter Web Client,@happyhealing44 I thought 3 limbs was bad enough I'm about 2 get the spinal cord stimulator in a couple of months 4 my legs I hope it works
72,latherandlace,2011-10-12 00:20:04+00:00,0,Twitter Web Client,@DivaCafe tapering off steroids to examine adrenals. I dont like it. Getting spinal cord stimulator so I dont get any more cortisone injects
73,KArgotsinger,2011-10-11 23:24:46+00:00,0,tvtag.com,I'm thinking about Spinal cord stimulator http://t.co/kazDdtq3 @GetGlue #SpinalCordStimulator
74,SlvrSprg7,2011-10-11 22:40:10+00:00,0,Twitter Web Client,MY spinal cord stimulator research is very interesting. Darn The Good Wife.  Why did you JUST have to an episode on this? lol
75,SlvrSprg7,2011-10-11 13:42:45+00:00,0,TweetDeck,Back from Dr.  They want to put a spinal cord stimulator in.  Anyone who watched this past wk's The Good Wife knows what THAT is.  LOL
76,Zintro,2011-10-10 14:33:15+00:00,0,Twitter for Websites,Seeking Experts Re: Spinal Cord Stimulator http://t.co/MFL1RfXY
77,geaneeinabottle,2011-10-08 00:21:47+00:00,0,Twitter for Websites,Novel spinal cord stimulator sparks hope for Parkinson's disease treatment http://t.co/5rUGibyj via @physorg_com
78,AllisonDGraham,2011-10-06 23:21:43+00:00,0,UberSocial for BlackBerry,"@linesbylyons had a spinal cord stimulator implanted today in ano attempt to control my nerve pain. So yes, ok, but not fun. :("
79,ArizonaPain,2011-10-05 20:41:07+00:00,1,Twitter Web Client,New video on our facebook page of a spinal cord stimulator procedure for a patient w/ severe gun shot wounds: http://t.co/FzmO6mg4
80,TriangleSpine,2011-09-30 12:56:02+00:00,0,Facebook,One surgery Dr. Lestini often performs is the implantation of a Spinal Cord Stimulator (SCS). A spinal cord... http://t.co/x3Ahrl50
81,rosemahosky,2011-09-30 07:54:36+00:00,0,twitterfeed,"Healthy Living: Spinal cord stimulator - YNN, Your News Now: Healthy Living: Spinal cord stimulator | ... 09/28/... http://t.co/g0C3Ag56"
82,JLeo_Mo,2011-09-30 07:16:31+00:00,0,Twitter Web Client,Good news today! I will receive a spinal cord stimulator implant to help me walk.
83,weightIlost,2011-09-30 05:01:49+00:00,0,twitterfeed,"Healthy Living: Spinal cord stimulator - YNN, Your News Now: Healthy Living: Spinal cord stimulator | ... 09/28/... http://t.co/Ta22cr9Q"
84,HeathersHealthy,2011-09-30 04:50:48+00:00,0,twitterfeed,"Healthy Living: Spinal cord stimulator - YNN, Your News Now: Healthy Living: Spinal cord stimulator | ... 09/28/... http://t.co/KMQ0WAuM"
85,SkylarGordon202,2011-09-30 04:49:10+00:00,0,twitterfeed,"Healthy Living: Spinal cord stimulator - YNN, Your News Now: Healthy Living: Spinal cord stimulator | ... 09/28/... http://t.co/VNPRcOhc"
86,BrandyOrth,2011-09-30 04:40:37+00:00,0,twitterfeed,"Healthy Living: Spinal cord stimulator - YNN, Your News Now: Healthy Living: Spinal cord stimulator | ... 09/28/... http://t.co/OtMFreHf"
87,b_thin,2011-09-30 04:40:37+00:00,0,twitterfeed,"Healthy Living: Spinal cord stimulator - YNN, Your News Now: Healthy Living: Spinal cord stimulator | ... 09/28/... http://t.co/d2v6X7dq"
88,FitnessJunkie11,2011-09-30 04:40:37+00:00,0,twitterfeed,"Healthy Living: Spinal cord stimulator - YNN, Your News Now http://t.co/LiLh70Xh"
89,arialibianchi,2011-09-30 04:40:36+00:00,0,twitterfeed,Healthy Living: Spinal cord stimulator | ... 09/28/2011 05:00 AM Healthy ...buffalo.ynn.com/.../healthy-living--... http://t.co/D88Z5IYE
90,TheBackPainShow,2011-09-29 11:57:01+00:00,0,TweetDeck,Healthy Living: Spinal cord stimulator http://t.co/N3jQo92x #back #pain #backpain #health #help @ http://t.co/kAX2WkEn
91,littlebitorgan,2011-09-29 07:07:40+00:00,0,twitterfeed,"Healthy Living: Spinal cord stimulator - YNN, Your News Now http://t.co/tyNNZXmt"
92,AlStaysHealthy,2011-09-29 07:07:38+00:00,0,twitterfeed,"Healthy Living: Spinal cord stimulator - YNN, Your News Now: Healthy Living: Spinal cord stimulator. By: Web Sta... http://t.co/9mnrh4zb"
93,AlBetterHealth,2011-09-29 07:07:37+00:00,0,twitterfeed,"Healthy Living: Spinal cord stimulator - YNN, Your News Now: Healthy Living: Spinal cord stimulator. By: Web Sta... http://t.co/kHc7u6Ia"
94,AllisonDGraham,2011-09-29 03:04:29+00:00,0,UberSocial for BlackBerry,Any1 know of a #chronic #pain patient who got a Prescision Pain Spinal Cord Stimulator System? Looking 4 patient referrals. Thx
95,cassiesch,2011-09-28 18:39:44+00:00,0,twitterfeed,"Healthy Living: Spinal cord stimulator - YNN, Your News Now: Healthy Living: Spinal cord stimulator | YNN, Your ... http://t.co/j59zYNow"
96,TX_FireEyes,2011-09-27 16:32:24+00:00,0,Twitter for Android,"I'm all drained out...no, really my spinal cord stimulator has no power right now. Wow, what fun..I get to sit for hours while I charge :-("
97,TheBackPainShow,2011-09-26 11:27:20+00:00,0,TweetDeck,Healthy Living: Spinal cord stimulator http://t.co/N3jQo92x #back #pain #backpain #health #help @ http://t.co/kAX2WkEn
98,healthylifesite,2011-09-26 01:35:02+00:00,0,twitterfeed,Healthy Living: Spinal cord stimulator - YNN http://t.co/A5peIQqc
99,NAIDW,2011-09-25 18:37:15+00:00,0,Facebook,Healthy Living: Spinal cord stimulator... http://t.co/Nsbg42SJ
100,healthyupdates,2011-09-25 14:57:50+00:00,0,twitterfeed,Healthy Living: Spinal cord stimulator - YNN: Healthy Living: Spinal cord stimulatorYNNChronic pain can drive pe... http://t.co/RHCubkBi
101,DrNinh,2011-09-25 14:19:22+00:00,0,twitterfeed,"http://t.co/qPWI1M7G Healthy Living: Spinal cord stimulator: Even after decades of treatment, Occupational thera... http://t.co/N9HZ0BcU"
102,HealthyLifeNews,2011-09-25 13:58:20+00:00,0,twitterfeed,Healthy Living: Spinal cord stimulator - YNN http://t.co/tBtLu5WB
103,Fat2muscle,2011-09-25 13:56:22+00:00,0,twitterfeed,Healthy Living: Spinal cord stimulator http://t.co/WNoqNohb
104,DebbieBellner,2011-09-25 13:49:53+00:00,0,twitterfeed,Healthy Living: Spinal cord stimulator http://t.co/0RiNEBM7
105,rosemahosky,2011-09-25 13:40:24+00:00,0,twitterfeed,"Healthy Living: Spinal cord stimulator: She is off her pain pills, and with just a swipe of this magnetic want o... http://t.co/ISSwm4Fu"
106,cassiesch,2011-09-25 13:20:34+00:00,0,twitterfeed,"Healthy Living: Spinal cord stimulator: She is off her pain pills, and with just a swipe of this magnetic want o... http://t.co/ul759EM0"
107,b_thin,2011-09-25 13:12:47+00:00,0,twitterfeed,"Healthy Living: Spinal cord stimulator: She is off her pain pills, and with just a swipe of this magnetic want o... http://t.co/0cqTWQRt"
108,RawFoodLover,2011-09-25 12:33:35+00:00,0,twitterfeed,"Healthy Living: Spinal cord stimulator: Chronic pain can drive people into addiction, depression even suicide bu... http://t.co/BrfjuRxP"
109,DebbieBellner,2011-09-25 12:18:47+00:00,0,twitterfeed,Healthy Living: Spinal cord stimulator http://t.co/qwG6NGVM
110,littlebitorgan,2011-09-25 12:02:16+00:00,0,twitterfeed,Healthy Living: Spinal cord stimulator http://t.co/mTe5QeXV
111,AlStaysHealthy,2011-09-25 11:56:33+00:00,0,twitterfeed,"Healthy Living: Spinal cord stimulator: She is off her pain pills, and with just a swipe of this magnetic want o... http://t.co/SStTY6SS"
112,jamieatar,2011-09-25 11:45:52+00:00,0,twitterfeed,"Healthy Living: Spinal cord stimulator: Chronic pain can drive people into addiction, depression even suicide bu... http://t.co/mDuPjSR3"
113,Health_AS,2011-09-25 11:35:05+00:00,0,twitterfeed,"Healthy Living: Spinal cord stimulator: Chronic pain can drive people into addiction, depression even suicide bu... http://t.co/G6jG6io6"
114,NAIDW,2011-09-25 11:28:11+00:00,0,Twitter Web Client,Healthy Living: Spinal cord stimulator - http://t.co/TV7qnM0y
115,AnnaSsmith85,2011-09-25 11:27:26+00:00,0,twitterfeed,"Healthy Healthy Living: Spinal cord stimulator: Chronic pain can drive people into addiction, depression even su... http://t.co/hiBuqpcU"
116,BobbyAnnaBrooks,2011-09-25 11:27:25+00:00,0,twitterfeed,"Healthy Healthy Living: Spinal cord stimulator: Chronic pain can drive people into addiction, depression even su... http://t.co/1OZc2Nq9"
117,MisyGoldsmith85,2011-09-25 11:27:24+00:00,0,twitterfeed,"Healthy Healthy Living: Spinal cord stimulator: Chronic pain can drive people into addiction, depression even su... http://t.co/mwUFhG0o"
118,DebbieBellner,2011-09-25 11:20:00+00:00,0,twitterfeed,Healthy Living: Spinal cord stimulator http://t.co/ZSoRVT26
119,contestbike,2011-09-25 11:09:43+00:00,0,twitterfeed,Healthy Living: Spinal cord stimulator: 5:00 AM By: Web Staff ‘); if(infobox==’True’ ShowInfoBox_l558243_0... http://t.co/d2UsrrJg
120,contestbike,2011-09-25 11:09:42+00:00,0,twitterfeed,Healthy Living: Spinal cord stimulator: 5:00 AM By: Web Staff ‘); if(infobox==’True’ ShowInfoBox_l558243_0... http://t.co/Ra5zykzj
121,LadyJessica92,2011-09-25 11:05:54+00:00,0,Google,&lt;b&gt;Healthy Living&lt;/b&gt;: Spinal cord stimulator http://t.co/QTQ0zp4Y
122,hbBack,2011-09-22 21:58:12+00:00,0,twitterfeed,Pain Doc Handed Me Off To Implant Dept.-Concerned: I had a failed spinal cord stimulator trial. I will be having... http://t.co/zA7kPrTf
123,prohealthzone,2011-09-21 17:45:42+00:00,0,Twitter Web Client,New technology secures placement of spinal cord stimulator leads http://t.co/6sPw0ekj
124,morhichic8267,2011-09-21 17:45:42+00:00,0,twitterfeed,LGMedSupply Portable Russian Muscle Stimulator: Russian Stimulation is often used to treat spinal cord injuries... http://t.co/Ivd8Btuq
125,prtyiz42,2011-09-20 01:25:21+00:00,0,UberSocial for BlackBerry,"MRI questions? OUCH if yes! LOL RT @nigelblayde: @Zazochi do I have an eyelid spring, spinal cord stimulator or bullet/bullet fragments?"
126,nigelblayde,2011-09-20 01:17:50+00:00,0,Mobile Web,"@Zazochi do I have an eyelid spring, spinal cord stimulator or bullet/bullet fragments?"
127,Ian_munro,2011-09-19 04:33:22+00:00,0,Twittelator,@riz2theo yes it's all come from the CRPS. I got MRSA when they fitted my spinal cord stimulator which then damaged... http://t.co/58sw1T6q
128,Spicey_Spiney,2011-09-14 22:59:18+00:00,0,Twitter Web Client,"@JulesEmmaSun Yep, got screws & rods in my spine, plus a device implanted called a spinal cord stimulator to help with pain relief."
129,supervixen1,2011-09-14 16:45:38+00:00,0,Twitter for iPhone,"Reading my spinal cord stimulator leaflet, I will never be able to go scuba diving or sky diving, dammit!"
130,PeacekeeperMike,2011-09-12 18:02:46+00:00,0,Twitter SMS,Now they want a cat scan. I dont even know if thats safe with my unusable sp? spinal cord stimulator implant.
131,RSD_Sufferer,2011-09-09 07:24:38+00:00,0,Twitter SMS,@golddustalex going back to hopefully get a Spinal Cord Stimulator
132,LauraMiller19,2011-09-06 21:34:32+00:00,0,Twitter Web Client,"Minn. employer, insurer forced to pay for spinal cord stimulator despite mark-up http://t.co/vea0H4Z"
133,BeckersSpine,2011-09-06 21:09:16+00:00,0,twitterfeed,"Employer, Insurer Must Fund Spinal Cord Stimulator Implantation Despite Mark-Up: Minnesota's Supreme Court recen... http://t.co/jJoOBXP"
134,lesinnocents0,2011-09-03 02:35:39+00:00,0,Twitter for iPhone,Has anyone that's had back surgery had to have a spinal cord stimulator implanted? If so would like to hear how it's doing for you. Thanks
135,DonMartel1,2011-09-02 04:36:49+00:00,0,Twitter Web Client,getting spinal cord stimulator to help with pain. soon i'll be able to sit for more than 15 mins. that means more ink!!! WOOHOO!!!
136,anglcjen,2011-08-31 23:31:56+00:00,0,Jetpack.com,Spinal Cord Stimulator success! http://t.co/6ooZPdQ
137,paindoctor,2011-08-31 18:30:01+00:00,0,TweetDeck,"Best of luck! RT @jeremylhale: Going to see if I qualify for a spinal cord stimulator implant,,,I hope so..."
138,AlecNumUVolturi,2011-08-31 17:31:13+00:00,0,Twitter Web Client,"@Heidi_The_Hotti we will see, ""spinal cord stimulator"" ill be electronic with a remote"
139,jeremylhale,2011-08-30 22:03:20+00:00,0,Twitter Web Client,"Going to see if I qualify for a spinal cord stimulator implant,,,I hope so..."
140,coltsblue90,2011-08-30 19:43:29+00:00,0,Twitter for iPhone,dr recommendations: see a neurosurgeon (on 9/6) or do a spinal cord stimulator trial. just gotta wait til the 6th-better not get rescheduled
141,hbBack,2011-08-30 18:39:59+00:00,0,twitterfeed,How Far Do You Turn Up Your Spinal Cord Stimulator?: I'm in the trial right now and it's not working. But since ... http://t.co/FzJi2sp
142,dburdsal,2011-08-27 19:08:25+00:00,0,Twitter for Android,@g4tv I have a spinal stimulator implant w/ 16 leads that plug right into my spinal cord. wires are about a ft. long. How do I tell Duex Ex?
143,Louisiana_Pain,2011-08-26 14:47:18+00:00,0,Twitter Web Client,Had two spinal cord stimulator procedures this morning.  One patient called less than 2 weeks ago with pain and is already seeing results!
144,HAdams1978,2011-08-26 13:12:48+00:00,0,Twitter for Android,Gotta go for the spinal cord stimulator
145,iLLz_OG,2011-08-25 12:35:59+00:00,0,Tumblr,Recharging My Battery - I just found out what happens if I forget to charge my spinal cord stimulator…... http://t.co/z4OWBAs
146,HAdams1978,2011-08-24 01:17:40+00:00,0,Twitter for Android,Going to the neuro this friday...next step might be spinal cord stimulator
147,TheMSCIA,2011-08-23 20:35:56+00:00,0,Twitter Web Client,"Funded by @ReeveFoundation,Rob Summers was the 1st patient to get an epidural stimulator implanted over his spinal cord http://t.co/lxnArt3"
148,ASALifeline,2011-08-22 18:20:01+00:00,0,Hootsuite,"Study cervical spinal cord stimulator placement at Spinal Cord, Occipital, Supra-orbital, Peripheral Stimulator, Intrathecal Pump Wkshop...."
149,AnsToQuestion,2011-08-21 09:15:05+00:00,0,dlvr.it,Answered: Dynatron m is a machine available with a spinal cord stimulator implanted already?: Hi. Your girlfriend... http://t.co/V4yg7uJ
150,ChronicMe,2011-08-20 23:37:05+00:00,0,TweetDeck,Spinal Cord Stimulator: A Possible Solution 4 Complex Regional Pain Syndrome http://t.co/aRhPOPp  #Arthritis #Chronicpain #spine
151,hbPain,2011-08-19 23:27:54+00:00,0,twitterfeed,"Spinal Cord Stimulator zaps,shocks,surges: I am in the process of finding out as much as I can about the Spinal ... http://t.co/CiTXOG9"
152,FreeMesoInfo,2011-08-19 23:21:54+00:00,0,Google,"Spinal Cord Stimulator zaps,shocks,surges http://t.co/jXevR4V"
153,BrazilNia,2011-08-18 22:28:30+00:00,0,Twitter Web Client,good news out there for Spinal Cord Injury Patients.I am awaiting a Spinal Cord Stimulator.I had a Medtronics Pain Pump but it was defective
154,HAdams1978,2011-08-18 01:51:19+00:00,0,Twitter for Android,@lmcv2007 they might do a.spinal cord stimulator
155,HAdams1978,2011-08-18 00:35:10+00:00,0,Twitter for Android,@faceoff2121 not really...instead of surgery he wants me to see a rheumatologist or get a spinal cord.stimulator
156,stevegood,2011-08-17 12:02:02+00:00,0,Twitter for Mac,At the surgery center waiting for Judy's spinal cord stimulator trial procedure.
157,raynelc,2011-08-13 09:00:21+00:00,0,Twitter Web Client,;) http://t.co/yGjoDpT tens stimulator Spinal Cord Stimulators And Crps/rsd? Very Cheap Experian Health Dual Combo
158,RSD_Sufferer,2011-08-13 02:43:17+00:00,0,Twitter Web Client,OMG IM ABOUT TO EXPLODE WITH EXCITEMENT! We found an organization for me to go back to UCLA! I might actually get my Spinal Cord Stimulator!
159,SpinePatientSoc,2011-08-10 19:22:21+00:00,0,twitterfeed,Spinal Cord Stimulator for Neck Pain: I'm considering all of my options for dealing with degenerative problems a... http://bit.ly/pFIqcD
160,RSD_Sufferer,2011-08-10 13:51:02+00:00,0,Twitter Web Client,Trying to figure out a way to convince my family that Spinal Cord Stimulator Surgery is right for me even though their against it 10000%
161,SynergyMG,2011-08-04 16:49:42+00:00,0,TweetDeck,RT @IndyPain: Have Uncontrollable Back Pain? It May Be Time for a Spinal Cord Stimulator Implant.: Are you searching... http://bit.ly/q7GmkA
162,indypain,2011-08-04 16:43:32+00:00,4,twitterfeed,Have Uncontrollable Back Pain? It May Be Time for a Spinal Cord Stimulator Implant.: Are you searching for a bac... http://bit.ly/q7GmkA
163,focus420,2011-07-28 18:06:22+00:00,0,Twitter for iPhone,Having my spinal  cord stimulator trial in 2 mths woo hoo !!!!!
164,YourSpineHealth,2011-07-22 16:15:27+00:00,0,Sprout Social,Lean About Spinal Cord Stimulator Implant Surgery: http://bit.ly/pU8wf3
165,gsmithracefan,2011-07-20 01:19:27+00:00,0,Twitter for Android,@Hobbes14 with the help of a spinal cord stimulator they put in my spine is helping. I still need some pain pills and they are  strong stuff
166,amylongabaugh,2011-07-19 16:11:42+00:00,0,Twitter SMS,Getting two occipital nerve blocks and a trial spinal cord stimulator inserted this afternoon... #notmyideaoffun
167,Angie_stl,2011-07-18 19:18:54+00:00,0,Tweetings Classic for iPhone,@erinmacmahon this is my pain mgmt dr. I'm not terribly impressed with him. He wants to put in a spinal cord stimulator. Not sold on it.
168,KapiKy9,2011-07-18 01:40:03+00:00,0,Twitter for iPhone,@robinstrasser ask you Dr. about a spinal cord stimulator it helps quite a bit. It doesn't take it all away but it does do a great deal
169,AlecNumUVolturi,2011-07-17 04:04:18+00:00,0,Twitter Web Client,@Aro_RV_Volturi yup the perminant spinal cord stimulator
170,AlecNumUVolturi,2011-07-15 01:57:03+00:00,0,Twitter for iPhone,@Felix_Bones_Vol today was a trial spinal cord stimulator
171,debbieskerten,2011-07-12 15:15:00+00:00,0,Twitter Web Client,Just got back from pain clinic.They're giving me the option of having a new spinal cord stimulator system implanted.
172,Angie_stl,2011-07-11 22:49:24+00:00,0,Tweetings Classic for iPhone,"@Sugarlips1313 a spinal cord stimulator. So not excited about either option. Pain mgmt won't continue pain meds, have no idea what to do."
173,AlecNumUVolturi,2011-07-10 04:10:16+00:00,0,Twitter for iPhone,@Felix_Bones_Vol well then blahhhhhhhhhhhhb the spinal cord stimulator I have surf weds then again the following Monday yeah me
174,Angie_stl,2011-07-10 01:43:21+00:00,0,Tweetings Classic for iPhone,"@finnmcool pain management wants to jump to the spinal cord stimulator. I'm not real sure about the idea tho, especially since the dr is not"
175,finnmcool,2011-07-10 00:45:08+00:00,0,Twitter for iPhone,"@Angie_stl yea I just typed in spinal cord stimulator in the search. Didnt mean to be rude, sorry if I was. I find it fantastic after 10yrs"
176,finnmcool,2011-07-09 23:34:03+00:00,0,Twitter for iPhone,"@Angie_stl @vandamir hello just saw your tweet about spinal cord stimulator, I had it done in April and it's amazing! Go for it = )"
177,Angie_stl,2011-07-08 04:24:03+00:00,0,Tweetings Classic for iPhone,@Vandamir ugh! that one sucks too. They want to put in a spinal cord stimulator on me now. Not sure how I feel about that yet.
178,PeacekeeperMike,2011-07-07 09:42:12+00:00,0,Twitter Web Client,tsa was warned bout the possibility terrorists could implant bombs into people. i still have the internal part of a spinal cord stimulator
179,focus420,2011-07-03 08:07:09+00:00,0,Twitter for iPhone,@UKPainNetwork if ya need any info give us a shout. There is a Facebook page for Spinal Cord Stimulator for chronic pain !!
180,LadyLeeBattle,2011-06-29 20:30:38+00:00,0,Twitter for iPad,Anyone had a spinal cord stimulator ? #UKPainNetwork #crps #spinalcordstimulator
181,UKPainNetwork,2011-06-28 15:02:31+00:00,0,Twitter for iPad,Anyone out there with a Spinal Cord Stimulator ?
182,UKPainNetwork,2011-06-24 08:58:46+00:00,0,Twitter for iPad,What's the spinal cord stimulator operation like to get it in ? #spinalcordstimulator #crps #UKPainNetwork
183,GraduateTutorTV,2011-06-23 23:00:13+00:00,0,GraduateTutor.TV,Spinal Cord Stimulator Sparks Hope for Parkinson's Disease http://graduatetutor.tv/?p=5911 #Cord #Disease #hope
184,UKPainNetwork,2011-06-23 21:41:56+00:00,0,Twitter for iPad,Anyone had a spinal cord stimulator ? What are your experiences ? #CRPS #UKPainNetwork
185,SpinePatientSoc,2011-06-22 15:45:42+00:00,0,twitterfeed,"Have date for my Spinal Cord Stimulator Implant: Hey all, my insurance finally approved the surgery for my Spina... http://bit.ly/j5N6cO"
186,TigerBuford,2011-06-21 14:10:04+00:00,0,Hootsuite,Spinal Modulation raises $30M to develop electrical stimulator to spinal cord  http://OrthoStreams.com
187,iOrthopedics,2011-06-21 11:28:09+00:00,0,Hootsuite,//OS - Spinal Modulation raises $30M to develop electrical stimulator to spinal cord http://ow.ly/1dmoli
188,finnmcool,2011-06-19 01:02:20+00:00,0,Twitter for iPhone,The night before my spinal cord stimulator. #nervous  http://t.co/zwubAfi
189,iOrthopedics,2011-06-16 12:36:13+00:00,0,Hootsuite,//OS - Spinal Modulation receives $30M for its spinal cord stimulator http://ow.ly/1dgQ4M
190,Alltop_health,2011-06-16 12:19:14+00:00,0,twitterfeed,Spinal Modulation receives $30M for its spinal cord stimulator http://bit.ly/jlmvXQ
191,TiaVillacis,2011-06-16 05:33:23+00:00,0,dlvr.it,Implant | Spinal Cord Stimulation – Spinal Cord Stimulator Implant http://dlvr.it/WWXT9
192,LakishaYarnell,2011-06-16 05:33:23+00:00,0,dlvr.it,Implant | Spinal Cord Stimulation – Spinal Cord Stimulator Implant http://dlvr.it/WWXT6
193,HarriettSaint,2011-06-16 05:33:23+00:00,0,dlvr.it,Implant | Spinal Cord Stimulation – Spinal Cord Stimulator Implant http://dlvr.it/WWXT5
194,TiaVillacis,2011-06-16 05:33:23+00:00,0,dlvr.it,Implant | Spinal Cord Stimulation – Spinal Cord Stimulator Implant http://dlvr.it/WWXTg
195,LakishaYarnell,2011-06-16 05:33:23+00:00,0,dlvr.it,Implant | Spinal Cord Stimulation – Spinal Cord Stimulator Implant http://dlvr.it/WWXSt
196,HarriettSaint,2011-06-16 05:33:23+00:00,0,dlvr.it,Implant | Spinal Cord Stimulation – Spinal Cord Stimulator Implant http://dlvr.it/WWXT2
197,ElinorHammitt,2011-06-16 05:33:22+00:00,0,dlvr.it,Implant | Spinal Cord Stimulation – Spinal Cord Stimulator Implant http://dlvr.it/WWXSk
198,MilagrosZubia,2011-06-16 05:33:22+00:00,0,dlvr.it,Implant | Spinal Cord Stimulation – Spinal Cord Stimulator Implant http://dlvr.it/WWXSz
199,MargeryCassella,2011-06-16 05:33:22+00:00,0,dlvr.it,Implant | Spinal Cord Stimulation – Spinal Cord Stimulator Implant http://dlvr.it/WWXSq
200,HarriettHodes,2011-06-16 05:33:22+00:00,0,dlvr.it,Implant | Spinal Cord Stimulation – Spinal Cord Stimulator Implant http://dlvr.it/WWXcj
201,rosalindaathv,2011-06-16 05:33:22+00:00,0,dlvr.it,Implant | Spinal Cord Stimulation – Spinal Cord Stimulator Implant http://dlvr.it/WWXSw
202,melisadingee,2011-06-16 05:33:06+00:00,0,dlvr.it,Implant | Spinal Cord Stimulation – Spinal Cord Stimulator Implant http://dlvr.it/WWXX0
203,dheemanvaidya,2011-06-16 02:45:58+00:00,0,Twitter for BlackBerry®,Spinal Modulation raised $30 million to support its implantable spinal cord stimulator system for chronic pain. http://bit.ly/iu3pXI
204,BioWorldMedTech,2011-06-15 21:06:28+00:00,0,Hootsuite,Spinal Modulation raised $30 million to support its implantable spinal cord stimulator system for chronic pain. http://ow.ly/5iLfg
205,OrangeParkPA,2011-06-15 04:28:07+00:00,0,TweetCaster for Android,@Greggiehooo spinal cord stimulator or intra thecal psin med pump? if she can stop the anticoagulant therapy (cont) http://tl.gd/b49s50
206,deekira,2011-06-14 10:46:40+00:00,0,Twitter for BlackBerry®,@Dizzydub1 kind of. Its called a spinal cord stimulator. Its just 2 ease pain as I'm 2 high risk 4 surgery cause of complications I have.
207,shannonleigh68,2011-06-14 02:07:49+00:00,0,Twitter for Android,i had my spinal cord stimulator surgery on monday....not liking the incisional pain....thank goodness for morphine.....
208,Angie_stl,2011-06-11 05:21:59+00:00,0,Tweetings Classic for iPhone,Does anyone have or know anyone that has a spinal cord stimulator?
209,Angie_stl,2011-06-11 05:18:06+00:00,0,Tweetings Classic for iPhone,"@MeriLizzie ok, you have a variety of friends, do you know anyone with a spinal cord stimulator?"
210,ToePainsNET,2011-06-10 14:09:09+00:00,0,twitterfeed,Spinal Cord Stimulator for Chronic Pain-Pain Videos: A spinal cord stimulator may Provide relief from chronic pain. http://bit.ly/ihYiRz
211,Angie_stl,2011-06-09 12:23:43+00:00,0,Tweetings Classic for iPhone,Does anyone have a spinal cord stimulator? Or know anyone that does? #spoonie
212,Ian_munro,2011-06-08 02:58:57+00:00,0,Twittelator,@maggiemunkee got a spinal cord stimulator but contracted MRSA when it was fitted so it isn't very effective. I've ... http://tl.gd/avh8ed
213,deekira,2011-06-06 20:40:13+00:00,0,Twitter for BlackBerry®,@MDRN1 yep n orthopaedics also! Orthopods want 2 operate n pain clinic want 2 implant a spinal cord stimulator. Wudnt wish back pain on any1
214,Ian_munro,2011-06-06 19:43:10+00:00,0,Twittelator,@ShirlMcM had quite a lot of acupuncture over the yrs & I've got a spinal cord stimulator fitted onto my spinal cor... http://tl.gd/aumcug
215,Jeqq,2011-06-02 23:35:15+00:00,0,twitterfeed,Spinal Cord Stimulator Implantation in Washington Pain Center: Spinal Cord Stimulation is another breakthrough i... http://bit.ly/juxq2R
216,merriecampbell,2011-06-02 13:22:40+00:00,0,Twitter for iPhone,Silly me! How could I have forgotten? Yesterday was my 4th anniversary of having my spinal cord stimulator. I gave me part of my life
217,Ian_munro,2011-06-01 17:02:03+00:00,0,Twittelator,@datebook I had a good job that I loved & managed to work thru the pain until they fitted a spinal cord stimulator ... http://tl.gd/ar49io
218,endneckpain,2011-05-30 10:53:48+00:00,0,twitterfeed,"Spinal Cord Stimulator: Spinal cord stiimulators, also known as neurostimulators are used for chronic back pain ... http://bit.ly/kgZezp"
219,antonygrants,2011-05-27 19:20:40+00:00,0,twitterfeed,Spinal cord stimulator implant Personal Injury post comment: Spinal cord stimulation also called SCS is used to ... http://bit.ly/kujBOl
220,petermcehenney,2011-05-27 18:31:23+00:00,0,twitterfeed,Spinal cord stimulator Personal Injury post comment: Spinal cord stimulation is the most powerful and advanced t... http://bit.ly/iYChkA
221,amandacarol1215,2011-05-23 20:47:39+00:00,0,TweetDeck,@MissFLBelle a chiropractor won't touch me. I have a spinal cord stimulator implanted in my back and they could move the leads. I'm seeing
222,BOnewsnetwork,2011-05-23 19:49:50+00:00,0,http://www.financebo.com,(symptoms): Spinal Cord Stimulator for Chronic Pain http://www.symptomsbo.com/spinal-cord-stimulator-for-chronic-pain-16659.html
223,Lebanese_Writer,2011-05-23 17:18:07+00:00,0,Twitter Web Client,Paralyzed man moves again thanks to an electrical stimulator implanted onto the lining of his spinal cord http://t.co/FjJx8JW
224,NewTreeCompany,2011-05-23 09:46:01+00:00,0,twitterfeed,Boston Scientific Receives CE Mark Approval of New Clik(TM) Anchor for Precision Plus(TM) Spinal Cord Stimulator... http://bit.ly/j75Spq
225,belgamedia,2011-05-23 09:26:46+00:00,0,twitterfeed,Boston Scientific Receives CE Mark Approval of New Clik(TM) Anchor for Precision Plus(TM) Spinal Cord Stimulator... http://bit.ly/lcOpx6
226,Louiscityvlife,2011-05-22 10:21:45+00:00,0,Cityvlife.com/Louisville,"Implant benefits man with paralysis: &quot;The stimulator sends a general signal to the spinal cord to walk or sta http://bit.ly/jYPFqD
 ..."
227,merriecampbell,2011-05-21 18:24:24+00:00,0,Twitter for iPhone,@Alyssa_Milano I have a spinal cord stimulator for my RSD. It gave me back my life in a way. It covers the pain.
228,StephieHeavey,2011-05-21 16:09:44+00:00,0,Twitter for BlackBerry®,"Back is killing after consultation this morn, being transferred to St Thomas' to be investigated for a spinal cord stimulator. Scary!"
229,taniapage,2011-05-21 08:54:50+00:00,0,Twitter for BlackBerry®,"....He can stand and take a few steps thanks to an electrical nerve stimulator, implanted in the lining of his spinal cord two years ago"
230,Ian_munro,2011-05-20 20:52:42+00:00,0,Twittelator,"@TMCphotographs @WinceyWillis1 hiya, waiting for nurse atm cos my stimulator fitted to my spinal cord has touched t... http://tl.gd/aj8n8l"
231,GPSMagazine,2011-05-20 17:06:33+00:00,0,Twitter Web Client,"Rehab failed, but a new electric stimulator implant in #spinal cord awakened #paralyzed man's damaged nervous system. http://bit.ly/ik5uYr"
232,hbBack,2011-05-20 14:54:07+00:00,0,twitterfeed,Spinal cord stimulator: Hi I was diagnosed last November with Arachnoiditis my neruo surgeon has tried a number ... http://bit.ly/mfiR9A
233,drrose412,2011-05-20 14:17:34+00:00,0,Twitter Web Client,"Paralyzed man walks, help for spinal cord injuries, high frequency electrical stimulator, http://diabeticneurocare.com"
234,vcsbiz,2011-05-20 13:11:45+00:00,0,Hootsuite,Electrical stimulator on paralyzed man's spinal cord allows him to move when it's turned on. http://ow.ly/4Z5Tt
235,TherealRajib,2011-05-20 12:35:13+00:00,0,Twitter for iPhone,#YahooNews: Paralyzed man freely moves after getting an electrical stimulator implanted on his spinal cord: http://t.co/zMMgmZd #yahoo
236,Spineandbrain,2011-05-20 11:33:05+00:00,0,Twitter for Websites,"Spinal cord stimulator -Medical News: Paralyzed Man Stands, Moves With Epidural Stimulation - in Neurology, http://t.co/k3yeQTu via @AddThis"
237,Louiscityvlife,2011-05-20 08:58:37+00:00,0,Cityvlife.com/Louisville,"Paralyzed man freely moves after getting implant: &quot;The stimulator sends a general signal to the spinal cord t http://bit.ly/jYPFqD
 ..."
238,Category_Is_,2011-05-20 02:27:54+00:00,0,erased734497,RT @YahooNews: Paralyzed man freely moves after getting an electrical stimulator implanted on his spinal cord: http://yhoo.it/jyXeqv
239,Letterip,2011-05-20 02:11:36+00:00,0,TweetDeck,RT @JENin140: RT @YahooNews: Paralyzed man...moves aftr..electrical stimulator implanted on his spinal cord: http://yhoo.it/jyXeqv #goodnews
240,JENin140,2011-05-20 02:06:55+00:00,0,TweetDeck,RT @YahooNews: Paralyzed man freely moves after getting an electrical stimulator implanted on his spinal cord: http://yhoo.it/jyXeqv
241,kaykhino,2011-05-20 02:01:22+00:00,0,erased734497,RT @YahooNews: Paralyzed man freely moves after getting an electrical stimulator implanted on his spinal cord: http://yhoo.it/jyXeqv
242,dapburt,2011-05-20 01:24:51+00:00,0,Twitter for BlackBerry®,"""@YahooNews: Paralyzed man freely moves after getting an electrical stimulator implanted on his spinal cord: http://yhoo.it/jyXeqv"""
243,tasteofaz,2011-05-20 00:27:55+00:00,0,Twitter Web Client,Paralyzed man freely moves after getting an electrical stimulator implanted on his spinal cord: http://yhoo.it/jyXeqv
244,YahooNews,2011-05-20 00:26:27+00:00,4,Twitter Web Client,Paralyzed man freely moves after getting an electrical stimulator implanted on his spinal cord: http://yhoo.it/jyXeqv
245,JohnMinVegas,2011-05-19 21:19:00+00:00,0,Twitter for iPhone,Don't seem to be any closer to getting my spinal cord stimulator even with insurance approval. Stupid doctors....
246,dombrowski123,2011-05-17 03:00:00+00:00,0,Google,I uploaded a @YouTube video http://youtu.be/Q9jpUuouqa4?a Washington Pain - Spinal Cord Stimulator Implantation
247,CareGeneral,2011-05-13 15:17:59+00:00,0,healthqs,Spinal Cord Stimulator question? http://care.healthqs.org/spinal-cord-stimulator-question
248,Neurostradamus,2011-05-10 17:12:30+00:00,0,Hootsuite,Exciting- tiny MRI-compatible injectable wireless spinal cord stimulator for pain management from Stimwave #Neurotech2011
249,hbBack,2011-05-10 02:57:18+00:00,0,twitterfeed,Spinal Cord Stimulation Surgery: Hello all! ... I go in next week for the 2nd try at a spinal cord stimulator im... http://bit.ly/mmxumz
250,Ian_munro,2011-05-09 18:44:37+00:00,0,Twittelator,"@robjarcher hiya, I have a spinal cord stimulator that Was fitted at the Walton centre for neurosurgery in Liverpoo... http://tl.gd/ac08qa"
251,shellyquigg,2011-05-06 01:25:45+00:00,0,Twitter for Android,"@brentnhunter So true! I dealt with unrelenting pain for way too many years, until I had a Spinal Cord Stimulator implanted to control it."
252,Ian_munro,2011-05-04 18:16:43+00:00,0,Twittelator,"@rose_red_121 yes. I've got a spinal cord stimulator fitted and after working my way thru everything else, I'm currently on Methadone 4 pain"
253,hbBack,2011-05-03 22:36:12+00:00,0,twitterfeed,"Spinal cord stimulator: Hi all, well I am about at the end of my options I have had 3 Diskectomies, 1 laminectom... http://bit.ly/lZOVTQ"
254,Ian_munro,2011-05-03 10:24:36+00:00,0,Twittelator,@Becca_Boot I've got a spinal cord stimulator but contracted MRSA (took 10mnths to cure) when I got it so there is ... http://tl.gd/a7reac
255,merriecampbell,2011-05-02 19:41:35+00:00,0,Twitter for iPhone,@andersonrdean I heard that you have RSD is that correct?  I have it in both arms and have a spinal cord stimulator.
256,iLLz_OG,2011-04-30 02:57:35+00:00,0,Tumblr,Wheelz up ~ Heels down - Typically my Spinal Cord Stimulator range reaches to my ankle but no further.... http://tumblr.com/xkz2bo67ms
257,Tidalfish,2011-04-29 14:34:35+00:00,0,twitterfeed,Question OT - Spinal Cord Stimulator http://bit.ly/j4NbrP
258,TNVaught,2011-04-28 11:42:22+00:00,0,Mobile Web,Check out this topic: Spinal cord stimulator http://t.co/0XHYqoU
259,dombrowski123,2011-04-28 09:53:13+00:00,0,Google,I uploaded a @YouTube video http://youtu.be/QjVawCfR9PA?a Washington Pain Management - Spinal Cord Stimulator Trial
260,ronsuchoplas,2011-04-26 04:31:45+00:00,0,Reve Marketing ,Check out Students Design Bike Stimulator to Heal Spinal Cord Injuries at http://bit.ly/fpxtNK
261,critterlover66,2011-04-25 15:09:10+00:00,0,Twitter for Android,Reduced pain from spinal cord stimulator for 4 days and fuck now I can really tell how bad it is need to hurry and put perm one in
262,ChrisDca,2011-04-25 12:39:57+00:00,0,Google,Students Design Bike Stimulator to Heal Spinal Cord Injuries http://goo.gl/fb/AVPgw
263,Ian_munro,2011-04-22 19:16:09+00:00,0,Twittelator,@BIGHAUCTION I had a spinal cord stimulator fitted onto my spinal cord 6 yrs ago but contracted MRSA. It took 10 mo... http://tl.gd/a0v071
264,Ian_munro,2011-04-22 17:55:14+00:00,0,Twittelator,@datebook I had a spinal cord stimulator fitted which is a cross between a TENS machine and an epidural to ease my ... http://tl.gd/a0u1nb
265,iLLz_OG,2011-04-22 15:20:51+00:00,0,Tumblr,Photo: Precision Plus™ SCS System This spinal cord stimulator for me personally is a life saver. Thank you... http://tumblr.com/xkz27zxziq
266,hbBack,2011-04-22 00:58:24+00:00,0,twitterfeed,"Spinal Cord Stimulator (SCS): Hello, 
 
I've read that many patients have had promising results with this implan... http://bit.ly/fuO3jF"
267,Ian_munro,2011-04-20 20:55:46+00:00,0,Twittelator,"@laurasmith1995 I had a spinal cord stimulator fitted 6 yrs ago but got MRSA, it took 10 mths to go but left lots o... http://tl.gd/9vj5pc"
268,butterfly563r,2011-04-20 03:54:57+00:00,0,Twitter for Android,@cosmolitious A fing called Spinal Cord Stimulator dat helps her lotz but her still haz 2 b careful & haz sum pretty bad days I getz berry
269,NASheridan,2011-04-17 19:52:46+00:00,0,Twitter Web Client,@methestylist What did you have done?  Was it a spinal cord stimulator? I'm having an assessment for pain mgmt programme tomorrow
270,Ian_munro,2011-04-17 19:15:54+00:00,0,Twittelator,"@nidge1uk hiya, pls will u follow me. I've had CRPS for the past 14yrs & now have a spinal cord stimulator which doesn't work due to MRSA."
271,TNVaught,2011-04-15 10:38:26+00:00,0,Foursquare,On my way to surgery. Getting the spinal cord stimulator implanted. Week long trial to see if it works. Lil nervous. I have to be awake. :/
272,finnmcool,2011-04-13 15:46:50+00:00,0,Twitter for iPhone,"In hospital waiting to have stage 1 of spinal cord stimulator, stage 2 will come on Monday so I am here for about a week : ("
273,FLspine,2011-04-12 02:16:56+00:00,0,Twitter Web Client,Who is a Candidate for Spinal Cord Stimulator/Peripheral Nerve Stimulator? Find out if u are a candidate at  http://bit.ly/gXbmwK #backpain
274,ThePainDoctors,2011-04-08 17:33:51+00:00,0,TweetDeck,Contact us for info on the spinal cord stimulator. http://youtu.be/Cf5BfKQ5Mms
275,VMetJr,2011-04-07 19:34:08+00:00,0,Twitpic,Spinal cord stimulator pictures http://twitpic.com/4i14is
276,NeurosurgeryCNS,2011-04-07 13:09:27+00:00,1,Google,Ahead of Print: Technique for Steering Spinal Cord Stimulator Electrode: Full article access… http://goo.gl/fb/RPRNS
277,tabntom,2011-04-07 04:56:06+00:00,0,Twitter Web Client,"@HulkHogan4Real  Hulk i heard you have a spinal cord stimulator,,i have one how is it working for you isnt it amazing for pain??"
278,AlecNumUVolturi,2011-04-03 17:47:40+00:00,0,Twitter for Android,@BadAssLeeLee a spinal cord stimulator implant
279,woofenbarken,2011-04-01 12:52:49+00:00,0,Twitter for iPhone,Is enjoying the pain relief from the spinal cord stimulator.
280,odsimpson88,2011-03-30 03:42:17+00:00,0,Twitter for iPhone,I have been in #chronicpain for 3 years now! I am super excited about the spinal cord stimulator process! This just has to work!
281,odsimpson88,2011-03-29 20:20:40+00:00,0,Twitter for iPhone,So excited about being put through the trial for a spinal cord stimulator! I have hope again!
282,Shrav320,2011-03-26 22:29:30+00:00,0,LinkedIn,"Introducing Clik Anchor: ""The world's first rechargeable Spinal Cord Stimulator device for chronic pain management"" http://lnkd.in/4wvp2N"
283,equipment_lease,2011-03-26 02:19:38+00:00,0,twitterfeed,Boston Scientific Receives FDA Approval Of New Clik™ Anchor For Precision Plus™ Spinal Cord Stimulator System: B... http://bit.ly/gk014e
284,stopbackache,2011-03-25 21:39:09+00:00,0,twitterfeed,Boston Scientific Receives FDA Approval Of New Clikâ¢ Anchor For Precision Plusâ¢ Spinal Cord Stimulator Syste... http://bit.ly/dUBVfZ
285,hbPain,2011-03-25 19:39:26+00:00,0,twitterfeed,"Spinal Cord Stimulator Personal Question: I just had Spinal Cord Stimulator Surgery on Mar.8,11 and released on ... http://bit.ly/f5o4my"
286,healthyheaven,2011-03-25 18:45:59+00:00,0,SharedBy,Boston Scientific Receives FDA Approval Of New Clik™ Anchor For Precision Plus™ Spinal Cord Stimulator System http://bit.ly/fJi1WL
287,bostonnews1,2011-03-25 18:15:25+00:00,0,Boston News Tweet Feeder,Boston Scientific Receives FDA Approval Of New Clik&trade; Anchor For Precision Plus&trade; Spinal Cord Stimulator Sy ...  http://tf.to/pxcV
288,hbBack,2011-03-25 17:05:05+00:00,0,twitterfeed,"Personal Spinal Cord Stimulator Question: I just recently had the permanent Spinal Cord Stimulator 
surgery on M... http://bit.ly/etFa0x"
289,yanniwang,2011-03-25 14:36:43+00:00,0,Twitter Web Client,FDA has just approved the first rechargeable #spinal cord #stimulator device for #chronic #pain management. http://bit.ly/h1hu44
290,healthwdinfo,2011-03-25 12:34:13+00:00,0,twitterfeed,Boston Scientific Receives FDA Approval Of New Clik™ Anchor For Precision Plus™ Spinal Cord Stimulator System: B... http://bit.ly/ef3DJt
291,SpinePatientSoc,2011-03-25 12:19:52+00:00,0,twitterfeed,Boston Scientific Receives FDA Approval Of New Clik Anchor For Precision Plus Spinal Cord Stimulator System: B... http://bit.ly/h31r9E
292,MedDevicenews,2011-03-25 12:00:09+00:00,0,twitterfeed,Boston Scientific Receives FDA Approval Of New Clik™ Anchor For Precision Plus™ Spinal Cord Stimulator System: B... http://bit.ly/gk014e
293,medical_tweets,2011-03-25 11:37:05+00:00,0,SocialOomph,Boston Scientific Receives FDA Approval Of New Clik™ Anchor For Precision Plus™ Spinal Cord Stimulator System: Boston S.. http://dld.bz/T79j
294,bestcopydotnet,2011-03-25 11:29:44+00:00,0,twitterfeed,Boston Scientific Receives FDA Approval Of New Clik™ Anchor For Precision Plus™ Spinal Cord Stimulator System: B... http://bit.ly/dUBVfZ
295,sudharshan2k11,2011-03-25 11:18:12+00:00,0,Twitter Web Client,RT @PainFreeIndia Boston Scientific Launches New Spinal Cord Stimulator System For #Pain Management http://bit.ly/g99fOz #News
296,ryssyadnoor,2011-03-25 09:51:26+00:00,0,Newstreamer,FDA approves Boston Scientific's Clik Anchor for Precision Plus Spinal Cord Stimulator System (News Medical) http://feedzil.la/ibKi7A
297,Alltop_health,2011-03-25 09:49:50+00:00,0,twitterfeed,FDA approves Boston Scientific's Clik Anchor for Precision Plus Spinal Cord Stimulator System http://bit.ly/g1a2mf
298,MFMHealthcare,2011-03-25 09:12:24+00:00,0,MyFeedMe,FDA approves Boston Scientific's Clik Anchor for Precision Plus Spinal Cord Stimulator System #healthcare http://myfeedme.com/m/20409063
299,vijayanandnz,2011-03-25 05:46:16+00:00,0,Twitter Web Client,Boston Scientific Launches New Spinal Cord Stimulator System For #Pain Management http://bit.ly/g99fOz #News
300,Ian_munro,2011-03-24 22:40:54+00:00,0,Twittelator,@Beenbags the spinal cord stimulator helps about 20-30% but I can't tolerate it all the time cos I have to have it ... http://tl.gd/9f9j42
301,NoMorePain,2011-03-24 22:03:18+00:00,0,Facebook,Boston Scientific Launches New Spinal Cord Stimulator System For Pain Management http://bit.ly/gmGUXq http://fb.me/xMoNVevT
302,NoMorePain,2011-03-24 22:03:00+00:00,0,bitly bitlink,Boston Scientific Launches New Spinal Cord Stimulator System For Pain Management http://bit.ly/gmGUXq
303,jamieatar,2011-03-24 17:29:15+00:00,0,twitterfeed,Boston Scientific Launches New Spinal Cord Stimulator System For Pain Management: (BSX: News ) Thursday said it ... http://bit.ly/e0T8dQ
304,redorbit,2011-03-24 16:07:29+00:00,0,dlvr.it,Boston Scientific Receives FDA Approval of New Clik(TM) Anchor for Precision Plus(TM) Spinal Cord Stimulator System http://dlvr.it/LKdY8
305,PurpleGimp,2011-03-19 03:49:44+00:00,0,Twitter Web Client,RT @stimknowledge Preparing for spinal cord stimulator: http://t.co/beezR9P #chronicpain #backpain #headache #spoonie #migraine #pain #bydls
306,NCBeth4Duke,2011-03-18 16:33:55+00:00,0,Ustream.TV,Nicolelis Spinal Cord Stimulator Sparks Hope for Parkinson's Disease http://ow.ly/4hb13 #dukelive ( #dukelive live at http://ustre.am/3g0V)
307,lovinbeauty,2011-03-18 14:15:38+00:00,0,Twitterrific for iOS,"Does anyone have a spinal cord stimulator for their back?
I'll be having the 5 day test next week and want to see  what it feels like."
308,ashwee427,2011-03-18 04:13:41+00:00,0,Twitter SMS,@LoveForeverKay and none of them helped. so last year the put a spinal cord stimulator implant in her to help calm her nerve pain. it takes
309,hotupdate1,2011-03-18 03:58:05+00:00,0,erased9_3Ud7cuBk0y,[ Pain & Pain Management ] Open Question : Is spinal cord stimulator placement permanently a good thing after having a fusion surgery done?
310,amarintweet,2011-03-17 02:25:41+00:00,0,Twitter for iPhone,I wonder what will happen with the spinal cord stimulator when I go through security?
311,geekhappens,2011-03-12 03:02:38+00:00,0,Twitter for iPhone,@kosmikdawg spinal cord stimulator
312,Vikingfist,2011-03-11 00:54:54+00:00,0,TweetDeck,@Mommy_Drinks spinal cord stimulator. Some other soldiers got those for back probs & were having LOTS of probs. NOT interested in that!!
313,DeanQuickMTBC,2011-03-08 22:02:12+00:00,0,erased734497,Preparing the room to speak to a spinal cord stimulator group about the benefits of #musictherapy
314,geekhappens,2011-03-08 16:44:51+00:00,0,Twitter for Mac,Oh and I resolve to charge my spinal cord stimulator today before the pain flares up! gah!
315,stimjunky,2011-03-08 00:42:19+00:00,0,Twitterrific for iOS,@Waagzwife @Dale302 Spinal cord stimulator knowledge: http://stimknowledge.com
316,Birdiefischer,2011-03-05 12:12:49+00:00,0,Twitter for iPhone,Boston scientific spinal cord stimulator trial workshop.  Hope it is fun and informative.
317,nobbyfrog,2011-03-02 17:15:20+00:00,0,Twitter Web Client,"Are there any tweeters out there who suffer #ChronicPain ?? I have a Spinal Cord Stimulator Implanted in me,has anyone else and does it work"
318,puhuahospital,2011-02-23 17:27:17+00:00,0,Twitter Web Client,Quality of life in complete spinal cord injury patients with a brindley bladder stimulator compared to a matched control  #spinalcordinjury
319,Ian_munro,2011-02-22 03:55:32+00:00,0,Twittelator,@proudspirituk thanks for thought. I have a spinal cord stimulator which works on the same principal but it is fitt... http://tl.gd/8uuaql
320,puppybraille,2011-02-22 00:17:24+00:00,0,Qwitter Client,Disappointed that the spinal cord stimulator doesn't keep up with pain during a snow storm.
321,Omilyg,2011-02-18 18:33:22+00:00,0,Twitter Web Client,Sigh.  My daddy needs a spinal cord stimulator.  I smell a trip to KS in my near future.
322,debeautynet,2011-02-18 03:38:08+00:00,0,DeBeauty,http://www.debeauty.net/anus-stimulator.html #spinal #cord #injuries #universal Anus stimulator
323,Ian_munro,2011-02-15 14:56:37+00:00,0,Twittelator,@Sunnywitch16 6 years ago when they fitted the spinal cord stimulator in my neck. It was ok for 2 weeks then my neck popped open & (cont…
324,urbancritter,2011-02-07 02:29:57+00:00,0,Twitter Web Client,"@cburnham you have to admit, there's something sci fi about the fact that you have a spinal cord stimulator. Hope it helps lots!"
325,Ian_munro,2011-02-03 20:50:53+00:00,0,Twittelator,@ambrosinShitrit the spinal cord stimulator is sitting on the nerve that controls the bladder. The strokes have wea... http://tl.gd/8j678u
326,iBacki,2011-02-02 02:28:09+00:00,0,Twitter Web Client,What is a Spinal Cord Stimulator? Check out this article by Dr. Ben Wall: http://bit.ly/gHmlSn
327,SpinePatientSoc,2011-02-01 20:48:12+00:00,0,twitterfeed,Spinal cord stimulator: Went to the Neurosurgeon today convinced that my Stenosis was impinging the nerves at ab... http://bit.ly/feVsrd
328,nilamlove,2011-01-27 17:32:42+00:00,0,twitterfeed,hi8r.com Epidural Steroid Injection | Spinal Cord Stimulator http://bit.ly/dWk3w3
329,gabstar25,2011-01-26 09:38:08+00:00,0,Twitter Web Client,Watching so many Spinal Cord Stimulator films on Youtube...
330,Ian_munro,2011-01-25 19:37:24+00:00,0,Twittelator,"@richboden been on gabapentin for about 8 yrs now, got a spinal cord stimulator but contracted MRSA when fitted so ... http://tl.gd/8cpfbv"
331,flame250,2011-01-21 18:23:13+00:00,0,Twitter Web Client,"is in bed tired today, but i now have an appointment to see if they can give me a spinal cord stimulator i hope so less pain for me."
332,Johnfrancis1964,2011-01-18 21:00:30+00:00,0,HTC Peep,"Back from hospital with new Boston Scientific Spinal Cord Stimulator, just a little bit sore."
333,PainWellness,2011-01-18 15:59:07+00:00,0,erased183885,Spinal Cord Stimulator &ndash; Alleviate Chronic Back Pain | Video http://rca.st/gFdqRc
334,SpinePatientSoc,2011-01-17 17:15:59+00:00,0,twitterfeed,"Jay Schaeffer: laminectomy that made me worse, spinal cord stimulator, seeking advice on double fusion and one a... http://bit.ly/ffLTbJ"
335,torikfauzi,2011-01-16 02:25:13+00:00,0,twitterfeed,"Re: [Spinal Disorders Support] Spinal Cord Stimulator Problems:                                    *Hi, I can't ... http://bit.ly/h57nSE"
336,torikfauzi,2011-01-15 19:33:07+00:00,0,twitterfeed,RE: [Spinal Disorders Support] Spinal Cord Stimulator Problems:                                    Sorry to hear... http://bit.ly/eHF754
337,torikfauzi,2011-01-15 18:52:04+00:00,0,twitterfeed,[Spinal Disorders Support] Spinal Cord Stimulator Problems:                                    I do not know if ... http://bit.ly/fMObxz
338,Laura_Diz,2011-01-14 00:14:56+00:00,0,Twitter for Websites,Spinal Cord Stimulator Sparks Hope for Parkinson's Disease http://t.co/0bnC6Zk via @youtube
339,Ian_munro,2011-01-09 01:51:57+00:00,0,Twitter for iPad,@sandieb321  yes I did but in my neck I have a spinal cord stimulator & I got MRSA & now loads of scar tissue so can't lie on anything. Xx
340,unuthryear,2011-01-06 01:50:07+00:00,0,Mobile Web,@Fridaygirl1969 spinal cord stimulator implant stg 1 today (reversable) 2 try out for few days & if proves 2 b effective then made permanent
341,DrJenGunter,2011-01-04 15:34:26+00:00,0,Twitter Web Client,"@westr spinal cord stimulator not experimental, but only indicated for very select indications. Problem is often given to wrong patient."
342,hbBack,2011-01-04 08:05:16+00:00,0,twitterfeed,Pain Pump: I and almost out of options I have already had a spinal cord stimulator which was removed 2 years aft... http://bit.ly/i63h2C
343,Tinamarie11260,2011-01-01 22:37:04+00:00,0,Twitter Web Client,"@NoMorePain I have a Spinal Cord Stimulator for my issues with my back pain, which I love. Happy New Year!"
