,0,1,2,3,4
0,TheMSCIA,2011-08-23 20:35:56+00:00,0,Twitter Web Client,"Funded by @ReeveFoundation,Rob Summers was the 1st patient to get an epidural stimulator implanted over his spinal cord http://t.co/lxnArt3"
1,FitTips84,2011-06-21 23:02:12+00:00,0,twitterfeed,"#pharma #fitness Paraplegic Stands: An epidural stimulator, implanted on the spine, allows a paraplegic man to stand.  http://ow.ly/2fhwY"
2,PharmaNews7,2011-06-21 23:02:12+00:00,0,twitterfeed,"#pharma #fitness Paraplegic Stands: An epidural stimulator, implanted on the spine, allows a paraplegic man to stand.  http://ow.ly/2fhwY"
3,Spineandbrain,2011-05-20 11:33:05+00:00,0,Twitter for Websites,"Spinal cord stimulator -Medical News: Paralyzed Man Stands, Moves With Epidural Stimulation - in Neurology, http://t.co/k3yeQTu via @AddThis"
4,Ian_munro,2011-04-22 17:55:14+00:00,0,Twittelator,@datebook I had a spinal cord stimulator fitted which is a cross between a TENS machine and an epidural to ease my ... http://tl.gd/a0u1nb
5,nilamlove,2011-01-27 17:32:42+00:00,0,twitterfeed,hi8r.com Epidural Steroid Injection | Spinal Cord Stimulator http://bit.ly/dWk3w3
6,Deb_Cowans,2011-01-25 17:41:28+00:00,0,Echofon,@DianaKriztee @MrsdogC Have u considered an epidural nerve stimulator?
