,0,1,2,3,4
0,RAPMOnline,2013-12-23 09:15:06+00:00,0,twitterfeed,Featured Articles: Spinal Epidural Hematoma After Spinal Cord Stimulator Trial Lead Placement in a Patient Tak... http://t.co/DZuIwCA2xv
1,Science_Alerts,2013-12-21 16:49:10+00:00,0,dlvr.it,http://t.co/kR7dssDnGj Epidural Hematomas After Removal of Percutaneous Spinal Cord Stimulator Trial Leads: Two... http://t.co/x7oRbkZcZB
2,Life_Sciences_,2013-12-21 16:49:10+00:00,0,dlvr.it,http://t.co/j2H64yQPCG Epidural Hematomas After Removal of Percutaneous Spinal Cord Stimulator Trial Leads: Two... http://t.co/EUfRO3hjiq
3,Science_Alerts,2013-12-21 16:49:07+00:00,0,dlvr.it,http://t.co/kR7dssDnGj Spinal Epidural Hematoma After Spinal Cord Stimulator Trial Lead Placement in a Patient... http://t.co/AYsuy8JQoD
4,Life_Sciences_,2013-12-21 16:49:07+00:00,0,dlvr.it,http://t.co/j2H64yQPCG Spinal Epidural Hematoma After Spinal Cord Stimulator Trial Lead Placement in a Patient... http://t.co/coPjR6oiRl
5,RAPMOnline,2013-12-14 23:21:04+00:00,0,twitterfeed,Ahead of Print: Spinal Epidural Hematoma After Spinal Cord Stimulator Trial Lead Placement in a Patient Taking... http://t.co/HUFfLO9TOe
6,RAPMOnline,2013-12-10 21:54:22+00:00,0,twitterfeed,Ahead of Print: Epidural Hematomas After Removal of Percutaneous Spinal Cord Stimulator Trial Leads: Two Case ... http://t.co/4dBJLVEyTq
7,MayoClinicPMR,2013-10-13 01:51:03+00:00,0,Buffer,Epidural Lipomatosis as a Cause for High Impedance Values During a Spinal Cord Stimulator Trial http://t.co/tezrseE7V5
8,tyrnykillr,2013-10-09 03:03:57+00:00,0,Twitter Web Client,"@QRNCMCN No they said I didnt need the stimulator at least yet want to do the epidural,do you think different?"
9,CollierSpine,2013-08-14 18:50:01+00:00,0,Twitter Web Client,"We Offer: Epidural, Facet, Nerve Blocks,Trigger Point Injections, Neurolysis, Spinal Cord Stimulator Trials, EMG &amp; Nerve Conduction Studies!"
10,Biotronics3D,2013-05-13 17:14:52+00:00,0,twitterfeed,"Failed Spinal Cord Stimulator due to lead slippage in the epidural space, 2 images http://t.co/lCxf8whY4S"
11,PainSpecialistN,2013-02-09 02:50:44+00:00,0,Twitter for iPhone,Learning from 1 of Melbourne's very experienced spinal cord stimulator #SCS practitioners. Retrograde #epidural lead http://t.co/Q0e85czx
12,BlondeEagle,2013-02-02 19:46:50+00:00,0,Twitter for iPhone,"@HelloEndoBlog they told me thirty, and that I'll be put under. I'm not sure if I can have an epidural because I have a spinal stimulator"
