,0,1,2,3,4
0,WellBuzzNews,2014-12-18 17:56:33+00:00,0,Google,Dr Oz: Matthew Reeve Spinal Cord Injuries &amp; Epidural Stimulator Review http://t.co/NbUKpUThKO
1,LifestylePT2,2014-10-14 00:26:25+00:00,1,Facebook,If you are wondering what the epidural stimulator looks like. Here it is!! http://t.co/dCaKwUcVXH
2,ParkwaySurgery,2014-07-30 18:32:47+00:00,1,Facebook,"Watch Dr. Fabito conduct a spinal cord stimulator implant!

This video shows the placement of the epidural leads... http://t.co/mLh571klqs"
3,podmedic,2014-07-25 13:25:08+00:00,1,Buffer,New Hope for Spine Injuries with Epidural Nerve Stimulator (video) http://t.co/Wxcgn0Bsq9 #healthtech
4,podmedic,2014-07-22 21:46:00+00:00,1,Buffer,New Hope for Spine Injuries with Epidural Nerve Stimulator (video) http://t.co/cInUuusTIW
5,podmedic,2014-07-15 14:12:32+00:00,0,Buffer,New Hope for Spine Injuries with Epidural Nerve Stimulator (video) http://t.co/zKH8yY6Y9Z
6,podmedic,2014-07-11 14:12:15+00:00,1,Buffer,New Hope for Spine Injuries with Epidural Nerve Stimulator (video) http://t.co/lNjgzcLa6o #healthtech
7,podmedic,2014-07-08 15:09:10+00:00,0,Facebook,New Hope for Spine Injuries with Epidural Nerve Stimulator (video) http://t.co/9rGdhCWWgD #paralysis #spine #trauma http://t.co/kGRo8o2X4N
8,podmedic,2014-07-08 14:56:13+00:00,0,Facebook,New Hope for Spine Injuries with Epidural Nerve Stimulator (video) http://t.co/vn5XoqxoS2 #paralysis #spine #trauma http://t.co/QH8P5iNxDV
9,podmedic,2014-07-08 12:56:10+00:00,0,Buffer,New Hope for Spine Injuries with Epidural Nerve Stimulator (video) http://t.co/bT8Tm0UMnx #paralysis #spine #trauma
10,podmedic,2014-07-08 11:27:23+00:00,0,Twitter for Websites,New Hope for Spine Injuries with Epidural Nerve Stimulator (video) http://t.co/wo8L5XG0wu
11,podmedic,2014-07-08 10:56:14+00:00,0,Pinterest,New Hope for Spine Injuries with Epidural Nerve Stimulator (video) http://t.co/DU2y4URRxO
12,podmedic,2014-07-08 10:54:29+00:00,0,Jetpack.com,New Hope for Spine Injuries with Epidural Nerve Stimulator (video) http://t.co/Fr4I1jWumS
13,PainSpecialistN,2014-06-08 05:14:50+00:00,0,Twitter Web Client,Epidural haematoma after spinal cord stimulator trial in someone on aspirin -  1st case report http://t.co/5tk3zSebt1
14,BEL13VEJabby13,2014-05-15 14:20:27+00:00,2,Hootsuite,"Secondary functions restored with use of epidural stimulator. We BEL13VE in recovery. #BEL13VE
http://t.co/rduusyi3L5"
15,BEL13VEJabby13,2014-05-13 14:35:18+00:00,1,Hootsuite,"""Harkema is the first to use an epidural electrical stimulator on a person with a spinal cord injury.""  #BEL13VE 

http://t.co/GMPV8WWEh6"
16,RehabMgmt,2014-05-09 21:04:59+00:00,1,Twitter Web Client,"SHOUT-OUT!...
Susan Harkema, PhD
Developed epidural electronic stimulator
Another kick in the teeth to SCI...
http://t.co/joCrqI3WXU"
17,embeddedarts,2014-05-08 13:22:18+00:00,0,Twitter for Websites,Breakthrough spinal cord injury research: with an epidural stimulator Rob Summers stands for first time in 4 years http://t.co/Ifv8K87tpS
18,KngKazma,2014-04-18 16:33:33+00:00,0,twitterfeed,"Dustin Shillcox Is Paralyzed. Now, He Can Stand.: Dustin Shillcox is one of four people to receive an epidural stimulator, or a ""pace..."
19,ky_roc,2014-04-18 16:04:41+00:00,0,twitterfeed,"Dustin Shillcox Is Paralyzed. Now, He Can Stand.: Dustin Shillcox is one of four people to receive an epidural stimulator, or a ""pace..."
20,HisLoveKeptMe,2014-04-16 19:09:40+00:00,0,Twitter for iPad,"Nice to see @katiecouric show discussing the Epidural Stimulator for Paralysis. In Oct 2013, I had a Medtronic Spine  Stimulator implanted."
21,sylvainlabs,2014-04-14 15:30:42+00:00,0,Twitter Web Client,We're in constant awe of medical innovation. New tech gives paralyzed patients hope with epidural stimulator implants http://t.co/eQH8VUE3gN
22,FuturaOmnimedia,2014-04-11 16:04:28+00:00,0,Hootsuite,Epidural stimulator can restore mobility for some #spinal injury patients http://t.co/msZSsWG9b4 #health #wecanrebuildhim
23,BarbaraJones,2014-04-10 21:12:37+00:00,0,Hootsuite,@ReeveFoundation thank you for sharing this incredible new information &amp; the work you’re doing on the epidural stimulator! #mooonshot
24,ReeveFoundation,2014-04-10 21:10:26+00:00,1,Hootsuite,RT @shellysabel: Inspiring innovation @ReeveFoundation epidural stimulator version 1.0 WOW#IUNY14
25,ReeveFoundation,2014-04-10 21:09:03+00:00,2,Hootsuite,RT @stephenwalls: Whoa! Saw 1st video of epidural stimulator @ReeveFoundation-giving people mobility who were permanently paralyzed #IUNY14
26,shellysabel,2014-04-10 20:51:47+00:00,0,Twitter for iPad,Inspiring innovation @ReeveFoundation epidural stimulator version 1.0 WOW#IUNY14
27,stephenwalls,2014-04-10 20:47:16+00:00,0,Twitter for iPhone,Whoa! Saw 1st video of epidural stimulator @ReeveFoundation-giving people mobility who were told they were permanently paralyzed #IUNY14
28,thecarolynray,2014-04-10 20:44:19+00:00,2,Twitter for iPad,Amazing #technology #epidural stimulator helps people walk #matthew reeve just showed up @ReeveFoundation #IUNY14 http://t.co/uxYUABqgRQ
29,waterbndr,2014-04-10 00:15:29+00:00,0,TweetCaster for Android,"@MurphyPalmer RT @brontyman: Epidural stimulator helps four paralyzed men move their hips, ankles and toes http://t.co/dY8u1GFTg7"
30,brontyman,2014-04-10 00:13:24+00:00,1,Twitter for Websites,"Epidural stimulator helps four paralyzed men move their hips, ankles and toes http://t.co/oHLfxegK5P"
31,sebulon_v,2014-04-09 21:32:48+00:00,0,Tumblr,"Epidural stimulator helps four paralyzed men move their hips, ankles and toes - http://t.co/GqHkqgtaVc http://t.co/b8JvgWq8bE"
32,sherriedulworth,2014-04-09 20:52:18+00:00,0,Twitter for Websites,"Great to read about this SCI progress! Epidural stimulator helps four paralyzed men move their hips, ankles and toes http://t.co/1Ky1RCjeTF"
33,bgpvideo,2014-04-09 17:46:05+00:00,2,Twitter Web Client,"Four men paralyzed for years, moved their legs after being implanted with an epidural stimulator. http://t.co/rdNdI0e4Iw"
34,brontyman,2014-04-09 17:32:17+00:00,0,Twitter for Websites,"Epidural stimulator helps four paralyzed men move their hips, ankles and toes http://t.co/oHLfxegK5P"
35,UPI,2014-04-09 17:15:14+00:00,1,Buffer,"Epidural stimulator helps four paralyzed men move their hips, ankles and toes. http://t.co/aIaXEJw222"
36,msrosalinewong,2014-04-09 08:44:37+00:00,0,Twitter for Websites,Paralysed men move again. Epidural stimulator may give hope to millions of spinal injury sufferes.  http://t.co/6XhkzDzqZZ
37,theWSIE,2014-04-08 17:44:14+00:00,0,TweetDeck,Epidural stimulator helps reduce severe paralysis &amp; improves secondary consequences of spinal injuries http://t.co/0porQhPOn1 @uofl @arielhs
38,futurereeding,2014-04-08 11:57:45+00:00,0,Twitter for Websites,Electrical epidural stimulator helps paralyzed men move again with voice activation http://t.co/0BVJYxfAhW via @NBCNews
39,RAPMOnline,2014-01-12 14:52:34+00:00,0,twitterfeed,Most Popular: Epidural Hematomas After Removal of Percutaneous Spinal Cord Stimulator Trial Leads: Two Case Re... http://t.co/VEYehdxVGN
40,JRock514,2014-01-08 20:09:44+00:00,1,Twitter for iPad,@ChronicPainDad hey Chris...have u ever been recommended a spinal stimulator? A Dr. 2day suggested it &amp; epidural &amp; facet joint injections
41,RAPMOnline,2014-01-07 13:20:05+00:00,0,twitterfeed,Most Popular: Spinal Epidural Hematoma After Spinal Cord Stimulator Trial Lead Placement in a Patient Taking A... http://t.co/DZuIwCA2xv
42,RAPMOnline,2014-01-05 13:43:59+00:00,0,twitterfeed,New Article: Epidural Hematomas After Removal of Percutaneous Spinal Cord Stimulator Trial Leads: Two Case Rep... http://t.co/VEYehdxVGN
43,RAPMOnline,2014-01-04 12:29:25+00:00,0,twitterfeed,New Article: Spinal Epidural Hematoma After Spinal Cord Stimulator Trial Lead Placement in a Patient Taking As... http://t.co/DZuIwCA2xv
