,0,1,2,3,4
0,SCIbreakthrough,2015-12-17 05:24:14+00:00,0,Facebook,The Epidural Stimulation Device is surgically connected to the nerve systems. It is not a muscle stimulator or... https://t.co/EtjICTfhgN
1,rlhazelwood,2015-11-02 01:43:28+00:00,0,Twitter Web Client,I'm literally tearing up over the video of an epidural stimulator. This. This is what's making my day better. https://t.co/XTISb42mZc
2,chazfly,2015-09-08 18:45:26+00:00,0,Sendible,"Determination and help from implanted epidural stimulator,
this man is able to stand!   http://t.co/a417iHfF6g http://t.co/wjivzfe01J"
3,Eric432MHz,2015-09-03 07:04:11+00:00,0,Facebook,"Last epidural I hope! This one was pretty invasive and the stimulator has a small infection, not to worry just... http://t.co/r8VkW4H8uT"
4,SpectrumNews,2015-08-24 03:45:07+00:00,0,Hootsuite,A Utah man is testing an epidural stimulator that may help many more paralyzed patients stand and walk again. http://t.co/P4iCVBE5vh
5,SpectrumNews,2015-08-24 02:43:27+00:00,0,Hootsuite,A Utah man is testing an epidural stimulator that may help many more paralyzed patients stand and walk again. http://t.co/qB2as772n0 #health
6,GeraldDLukeJr,2015-08-12 03:57:15+00:00,0,Facebook,'I believe I will walk again one day': Epidural stimulator helps paralyzed Heber City man to stand http://t.co/qEmRNmiFDj
7,nld33,2015-08-11 20:24:38+00:00,0,Twitter Web Client,'I believe I will walk again one day' Epidural stimulator helps paralyzed Heber City man to stand - http://t.co/blo04uLQ6g #spinalcordinjury
8,Deseret,2015-08-11 15:00:48+00:00,4,TweetDeck,'I believe I will walk again': Epidural stimulator helps paralyzed Heber City man to stand http://t.co/VOp7SUqFcK http://t.co/M2uF2ixpMk
9,HeatherHCI,2015-08-06 21:06:23+00:00,13,Twitter for iPhone,Utah man paralyzed from the chest down stands with an epidural stimulator. @KSLcom @KSL5TV http://t.co/cvPZvsT7p1
10,mzw007,2015-07-13 00:17:27+00:00,0,Twitter for iPhone,"""...but was refined for use as an epidural spinal cord stimulator.""  2"
11,DoctorT,2015-03-06 03:19:29+00:00,0,Twitter for iPhone,@ReviveCampaign are you the epidural stimulator implant that the #ReeveFoundation is funding research on?
12,PSAP2013,2015-02-27 15:31:39+00:00,0,Facebook,"Spinal Cord Stimulator (SCS): 
Stimulating the spinal cord via the epidural space to modulate the pain pathway

-... http://t.co/Fp8Tl2hpeN"
13,crowdtrendies,2015-02-12 03:03:03+00:00,0,IFTTT,A new indiegogo project: Wed Feb 11 '15 Announcement from SCI - Stem Cells And Epidural Stimulator http://t.co/j6P65Gj5LQ #crowdfunding
14,crowdtrendies,2015-02-12 03:03:01+00:00,0,IFTTT,A new indiegogo project: Wed Feb 11 '15 Announcement from Help SCI - Stem Cells And Epidural Stimulator http://t.co/bvoXgjTj7D #crowdfunding
15,askhimheanswers,2015-01-29 05:09:05+00:00,0,Twitter Web Client,Help out! Give to SCI - Stem Cells And Epidural Stimulator http://t.co/JJspjPOPAR. Raise funds on #indiegogolife
16,zanecoll315956,2015-01-29 03:57:18+00:00,0,Twitter Web Client,Help out! Give to SCI - Stem Cells And Epidural Stimulator http://t.co/FDLuYAe0zY. Raise funds on #indiegogolife
17,raybout630215,2015-01-29 03:37:49+00:00,0,Twitter Web Client,Help out! Give to SCI - Stem Cells And Epidural Stimulator http://t.co/feslqPwFlR. Raise funds on #indiegogolife
18,RichardRiccio,2015-01-28 23:09:42+00:00,0,Twitter Web Client,Help out! Give to SCI - Stem Cells And Epidural Stimulator http://t.co/ZwDFgm4fdI. Raise funds on #indiegogolife
19,ttoantoa12a,2015-01-28 22:50:38+00:00,0,Mobile Web,Help out! Give to SCI - Stem Cells And Epidural Stimulator http://t.co/hUdgGB3MBF. Raise funds on #indiegogolife
20,daudauw21sq1,2015-01-28 22:48:26+00:00,0,Mobile Web,Help out! Give to SCI - Stem Cells And Epidural Stimulator http://t.co/lj3FIzFwHj. Raise funds on #indiegogolife
21,tytyyt1ue12dd,2015-01-28 22:46:51+00:00,0,Mobile Web,Help out! Give to SCI - Stem Cells And Epidural Stimulator http://t.co/6KqT9qrFMF. Raise funds on #indiegogolife
22,quytc1amxoaiqq,2015-01-28 22:01:20+00:00,0,Mobile Web,Help out! Give to SCI - Stem Cells And Epidural Stimulator http://t.co/MxAdbKnfjJ. Raise funds on #indiegogolife
23,aareoxdwwq12q,2015-01-28 21:59:06+00:00,0,Mobile Web,Help out! Give to SCI - Stem Cells And Epidural Stimulator http://t.co/M5swnxZJzg. Raise funds on #indiegogolife
24,tytyyt1ue12dd,2015-01-28 21:55:59+00:00,0,Mobile Web,Help out! Give to SCI - Stem Cells And Epidural Stimulator http://t.co/jRc2uddmfx . Raise funds on #indiegogolife
25,ttoantoa12a,2015-01-28 21:26:40+00:00,0,Mobile Web,Help make it happen for Help SCI - Stem Cells And Epidural Stimulator on @indiegogo http://t.co/Qsjol0i3tW
26,h7wqqqweqw,2015-01-28 21:23:57+00:00,0,Mobile Web,Help out! Give to SCI - Stem Cells And Epidural Stimulator http://t.co/EGmV0jyP5O. Raise funds on #indiegogolife
27,aareoxdwwq12q,2015-01-28 21:15:23+00:00,0,Mobile Web,Help make it happen for Help SCI - Stem Cells And Epidural Stimulator on @indiegogo http://t.co/RGEb5koO9Q
28,aareoxdwwq12q,2015-01-28 21:10:38+00:00,0,Mobile Web,Help out! Give to SCI - Stem Cells And Epidural Stimulator http://t.co/Dt0PRmGwMK . Raise funds on #indiegogolife
29,daudauw21sq1,2015-01-28 21:07:51+00:00,0,Mobile Web,Help make it happen for Help SCI - Stem Cells And Epidural Stimulator on @indiegogo http://t.co/NwV7HN20ua
30,h7wqqqweqw,2015-01-28 20:58:50+00:00,0,Mobile Web,Help make it happen for Help SCI - Stem Cells And Epidural Stimulator on @indiegogo http://t.co/DUONDvtvjx
31,zukkincaid,2015-01-28 20:49:14+00:00,0,Twitter Web Client,Help make it happen for Help SCI - Stem Cells And Epidural Stimulator on @indiegogo http://t.co/mRm5plPQx9
32,h7wqqqweqw,2015-01-28 20:40:38+00:00,0,Mobile Web,Help out! Give to SCI - Stem Cells And Epidural Stimulator http://t.co/A38UOARGmM . Raise funds on #indiegogolife
33,khiemddreiewe,2015-01-28 20:31:09+00:00,0,Mobile Web,Help make it happen for Help SCI - Stem Cells And Epidural Stimulator on @indiegogo http://t.co/XXSrGwpdBr
34,khiemddreiewe,2015-01-28 20:16:35+00:00,0,Mobile Web,Help out! Give to SCI - Stem Cells And Epidural Stimulator http://t.co/oLSae7ohrl. Raise funds on #indiegogolife
35,zukkincaid,2015-01-28 20:13:08+00:00,0,Twitter Web Client,Help out! Give to SCI - Stem Cells And Epidural Stimulator http://t.co/N426lSUh04. Raise funds on #indiegogolife
36,zukkincaid,2015-01-28 20:03:40+00:00,0,Twitter Web Client,Help out! Give to SCI - Stem Cells And Epidural Stimulator http://t.co/1yJZ4jyTOy . Raise funds on #indiegogolife
37,khiemddreiewe,2015-01-28 19:39:13+00:00,0,Mobile Web,Help out! Give to SCI - Stem Cells And Epidural Stimulator http://t.co/CHWxBEwP6h . Raise funds on #indiegogolife
38,malomaal0,2015-01-28 19:38:56+00:00,0,Twitter Web Client,Help make it happen for Help SCI - Stem Cells And Epidural Stimulator on @indiegogo http://t.co/PzseC16hP0
39,malomaal0,2015-01-28 19:30:12+00:00,0,Twitter Web Client,Help out! Give to SCI - Stem Cells And Epidural Stimulator http://t.co/txkv1PdMZi. Raise funds on #indiegogolife
40,malomaal0,2015-01-28 19:09:11+00:00,0,Twitter Web Client,Help out! Give to SCI - Stem Cells And Epidural Stimulator http://t.co/rPp1ezfB49 . Raise funds on #indiegogolife
41,SeptBot,2015-01-28 15:24:35+00:00,0,Twitter Web Client,Help make it happen for Help SCI - Stem Cells And Epidural Stimulator on @indiegogo http://t.co/TlWoOBNO2y
42,SeptBot,2015-01-28 15:18:18+00:00,0,Twitter Web Client,Help out! Give to SCI - Stem Cells And Epidural Stimulator http://t.co/NT2Ac1nfdO . Raise funds on #indiegogolife
43,SeptBot,2015-01-28 15:17:52+00:00,0,Twitter Web Client,Help out! Give to SCI - Stem Cells And Epidural Stimulator http://t.co/V93UcWmHvc. Raise funds on #indiegogolife
44,phil14432013,2015-01-28 14:48:33+00:00,0,Twitter Web Client,Help make it happen for Help SCI - Stem Cells And Epidural Stimulator on @indiegogo http://t.co/VsPx6YhNXE
45,phil14432013,2015-01-28 14:43:49+00:00,0,Twitter Web Client,Help out! Give to SCI - Stem Cells And Epidural Stimulator http://t.co/L6vugeA68m . Raise funds on #indiegogolife
46,phil14432013,2015-01-28 14:43:39+00:00,0,Twitter Web Client,Help out! Give to SCI - Stem Cells And Epidural Stimulator http://t.co/IdYZhqVYlM. Raise funds on #indiegogolife
47,FerdynandM,2015-01-28 14:38:35+00:00,0,Twitter Web Client,Help out! Give to SCI - Stem Cells And Epidural Stimulator http://t.co/Pt0Kd2IFlO . Raise funds on #indiegogolife
48,FerdynandM,2015-01-28 14:37:37+00:00,0,Twitter Web Client,Help make it happen for Help SCI - Stem Cells And Epidural Stimulator on @indiegogo http://t.co/DzCMtHRO3i
49,FerdynandM,2015-01-28 14:35:55+00:00,0,Twitter Web Client,Help out! Give to SCI - Stem Cells And Epidural Stimulator http://t.co/g0NJypYMEw. Raise funds on #indiegogolife
50,ewq722121q2,2015-01-28 13:46:08+00:00,0,Mobile Web,Help make it happen for Help SCI - Stem Cells And Epidural Stimulator on @indiegogo http://t.co/HnFleiJQvF
51,ewq722121q2,2015-01-28 13:27:12+00:00,0,Mobile Web,Help out! Give to SCI - Stem Cells And Epidural Stimulator http://t.co/O5G8O8MaWr . Raise funds on #indiegogolife
52,kansdhsgd7td,2015-01-28 13:25:54+00:00,0,Mobile Web,Help make it happen for Help SCI - Stem Cells And Epidural Stimulator on @indiegogo http://t.co/XBP0JYubPr
53,mnashdsgd5sd5f6,2015-01-28 12:18:33+00:00,0,Mobile Web,Help out! Give to SCI - Stem Cells And Epidural Stimulator http://t.co/fZsIy0fa3C. Raise funds on #indiegogolife
54,fee1311qqe223,2015-01-28 12:11:43+00:00,0,Mobile Web,Help out! Give to SCI - Stem Cells And Epidural Stimulator http://t.co/hfzwzYX0SA. Raise funds on #indiegogolife
55,honyausdbnasud1,2015-01-28 12:00:34+00:00,0,Mobile Web,Help make it happen for Help SCI - Stem Cells And Epidural Stimulator on @indiegogo http://t.co/H8ReXXMjh0
56,claribelmou3667,2015-01-28 11:45:20+00:00,0,Twitter Web Client,Help out! Give to SCI - Stem Cells And Epidural Stimulator http://t.co/bgVALvVHVx . Raise funds on #indiegogolife
57,mnashdsgd5sd5f6,2015-01-28 11:44:42+00:00,0,Mobile Web,Help make it happen for Help SCI - Stem Cells And Epidural Stimulator on @indiegogo http://t.co/ldtyYZpFxg
58,rafaelhumphri78,2015-01-28 11:38:24+00:00,0,Twitter Web Client,Help make it happen for Help SCI - Stem Cells And Epidural Stimulator on @indiegogo http://t.co/40TtqAf8Mg
59,doibuengl112,2015-01-28 11:37:50+00:00,0,Mobile Web,Help out! Give to SCI - Stem Cells And Epidural Stimulator http://t.co/5xZnCqviqM . Raise funds on #indiegogolife
60,doibuengl112,2015-01-28 11:33:07+00:00,0,Mobile Web,Help make it happen for Help SCI - Stem Cells And Epidural Stimulator on @indiegogo http://t.co/DoiZXuddQF
61,nhahungcysidh7,2015-01-28 11:27:10+00:00,0,Mobile Web,Help make it happen for Help SCI - Stem Cells And Epidural Stimulator on @indiegogo http://t.co/32bw8g8plE
62,Youneskaliente,2015-01-28 11:22:20+00:00,1,Twitter Web Client,Help out! Give to SCI - Stem Cells And Epidural Stimulator http://t.co/iOXQBDKxUJ. Raise funds on #indiegogolife
63,claribelmou3667,2015-01-28 11:20:39+00:00,0,Twitter Web Client,Help make it happen for Help SCI - Stem Cells And Epidural Stimulator on @indiegogo http://t.co/sy3i5sKqaJ
64,mnashdsgd5sd5f6,2015-01-28 11:13:42+00:00,0,Mobile Web,Help out! Give to SCI - Stem Cells And Epidural Stimulator http://t.co/38Mfj1yYfi . Raise funds on #indiegogolife
65,asndshdgyysdg7,2015-01-28 10:57:10+00:00,0,Mobile Web,Help out! Give to SCI - Stem Cells And Epidural Stimulator http://t.co/cvxwsxz32x. Raise funds on #indiegogolife
66,mnashsbtf6,2015-01-28 10:47:55+00:00,0,Mobile Web,Help out! Give to SCI - Stem Cells And Epidural Stimulator http://t.co/kZryOZYiOr. Raise funds on #indiegogolife
67,nhahungcysidh7,2015-01-28 10:44:47+00:00,0,Mobile Web,Help out! Give to SCI - Stem Cells And Epidural Stimulator http://t.co/AmnSnfqwNI . Raise funds on #indiegogolife
68,mnashsbtf6,2015-01-28 10:39:40+00:00,0,Mobile Web,Help make it happen for Help SCI - Stem Cells And Epidural Stimulator on @indiegogo http://t.co/bYeRYHem15
69,claribelmou3667,2015-01-28 10:35:46+00:00,0,Twitter Web Client,Help out! Give to SCI - Stem Cells And Epidural Stimulator http://t.co/0EY6JzK0qv. Raise funds on #indiegogolife
70,nnasgdsd6d5s7,2015-01-28 10:30:07+00:00,0,Mobile Web,Help make it happen for Help SCI - Stem Cells And Epidural Stimulator on @indiegogo http://t.co/vWvfRzS5sz
71,honyausdbnasud1,2015-01-28 10:26:32+00:00,0,Mobile Web,Help out! Give to SCI - Stem Cells And Epidural Stimulator http://t.co/MTH8hIFGKk. Raise funds on #indiegogolife
72,jonaszimmerma71,2015-01-28 10:25:26+00:00,0,Twitter Web Client,Help out! Give to SCI - Stem Cells And Epidural Stimulator http://t.co/xZt8CjVA8h. Raise funds on #indiegogolife
73,asndshdgyysdg7,2015-01-28 10:00:01+00:00,0,Mobile Web,Help out! Give to SCI - Stem Cells And Epidural Stimulator http://t.co/w1xzOGYiSd . Raise funds on #indiegogolife
74,mansdhsgd65dd6,2015-01-28 09:58:18+00:00,0,Mobile Web,Help make it happen for Help SCI - Stem Cells And Epidural Stimulator on @indiegogo http://t.co/960Qi2wdI8
75,nasjdgsdtf6dt,2015-01-28 09:57:56+00:00,0,Mobile Web,Help make it happen for Help SCI - Stem Cells And Epidural Stimulator on @indiegogo http://t.co/i3crVFQcjD
76,nasjdgsdtf6dt,2015-01-28 09:47:03+00:00,0,Mobile Web,Help out! Give to SCI - Stem Cells And Epidural Stimulator http://t.co/ZNOGY9Eksu. Raise funds on #indiegogolife
77,kansdhsgd7td,2015-01-28 09:42:31+00:00,0,Mobile Web,Help out! Give to SCI - Stem Cells And Epidural Stimulator http://t.co/EGxmsu293w. Raise funds on #indiegogolife
78,nhahungcysidh7,2015-01-28 09:40:43+00:00,0,Mobile Web,Help out! Give to SCI - Stem Cells And Epidural Stimulator http://t.co/sUV3GRlHm0. Raise funds on #indiegogolife
79,saglatravels,2015-01-28 09:39:58+00:00,1,Twitter Web Client,Help make it happen for Help SCI - Stem Cells And Epidural Stimulator on @indiegogo http://t.co/2QduhmFtzC
80,asndshdgyysdg7,2015-01-28 09:38:36+00:00,0,Mobile Web,Help make it happen for Help SCI - Stem Cells And Epidural Stimulator on @indiegogo http://t.co/cscUCY3H9Y
81,kansdhsgd7td,2015-01-28 09:38:12+00:00,0,Mobile Web,Help out! Give to SCI - Stem Cells And Epidural Stimulator http://t.co/ZoprAl98dW . Raise funds on #indiegogolife
82,mansdhsgd65dd6,2015-01-28 09:37:35+00:00,0,Mobile Web,Help out! Give to SCI - Stem Cells And Epidural Stimulator http://t.co/QwfG5GOI7y . Raise funds on #indiegogolife
83,mansdhsgd65dd6,2015-01-28 09:35:35+00:00,0,Mobile Web,Help out! Give to SCI - Stem Cells And Epidural Stimulator http://t.co/lmQNc1pndo. Raise funds on #indiegogolife
84,amila_du_preez,2015-01-28 09:32:26+00:00,0,Twitter Web Client,Help out! Give to SCI - Stem Cells And Epidural Stimulator http://t.co/dxQSKjLtpe . Raise funds on #indiegogolife
85,nnasgdsd6d5s7,2015-01-28 09:31:38+00:00,0,Mobile Web,Help out! Give to SCI - Stem Cells And Epidural Stimulator http://t.co/PsqRtwNMuY. Raise funds on #indiegogolife
86,amila_du_preez,2015-01-28 09:30:32+00:00,0,Twitter Web Client,Help make it happen for Help SCI - Stem Cells And Epidural Stimulator on @indiegogo http://t.co/ohN8s9XWRl
87,amila_du_preez,2015-01-28 09:29:48+00:00,0,Twitter Web Client,Help out! Give to SCI - Stem Cells And Epidural Stimulator http://t.co/USJN0qhhhp. Raise funds on #indiegogolife
88,mnashsbtf6,2015-01-28 09:25:53+00:00,0,Mobile Web,Help out! Give to SCI - Stem Cells And Epidural Stimulator http://t.co/1ODyWRHcrp . Raise funds on #indiegogolife
89,TMyrrey,2015-01-28 09:11:46+00:00,0,Twitter Web Client,Help out! Give to SCI - Stem Cells And Epidural Stimulator http://t.co/AX58j0v6C3. Raise funds on #indiegogolife
90,honyausdbnasud1,2015-01-28 09:11:37+00:00,0,Mobile Web,Help out! Give to SCI - Stem Cells And Epidural Stimulator http://t.co/izyy7OrXz0 . Raise funds on #indiegogolife
91,nasjdgsdtf6dt,2015-01-28 09:04:08+00:00,0,Mobile Web,Help out! Give to SCI - Stem Cells And Epidural Stimulator http://t.co/mTRB2RHbC4 . Raise funds on #indiegogolife
92,rafaelhumphri78,2015-01-28 08:50:51+00:00,0,Twitter Web Client,Help out! Give to SCI - Stem Cells And Epidural Stimulator http://t.co/iEUU9mnCGS. Raise funds on #indiegogolife
93,jonaszimmerma71,2015-01-28 08:45:57+00:00,0,Twitter Web Client,Help make it happen for Help SCI - Stem Cells And Epidural Stimulator on @indiegogo http://t.co/qeS0VolsLY
94,saglatravels,2015-01-28 08:45:01+00:00,1,Twitter Web Client,Help out! Give to SCI - Stem Cells And Epidural Stimulator http://t.co/02COwbtlAq. Raise funds on #indiegogolife
95,cherhackm144889,2015-01-28 08:39:32+00:00,0,Twitter Web Client,Help out! Give to SCI - Stem Cells And Epidural Stimulator http://t.co/JZC0EgSi22. Raise funds on #indiegogolife
96,saglatravels,2015-01-28 08:34:20+00:00,1,Twitter Web Client,Help out! Give to SCI - Stem Cells And Epidural Stimulator http://t.co/2JsFWYp282 . Raise funds on #indiegogolife
97,rafaelhumphri78,2015-01-28 08:24:26+00:00,0,Twitter Web Client,Help out! Give to SCI - Stem Cells And Epidural Stimulator http://t.co/XGIJSr0wUh . Raise funds on #indiegogolife
98,cherhackm144889,2015-01-28 07:45:07+00:00,0,Twitter Web Client,Help make it happen for Help SCI - Stem Cells And Epidural Stimulator on @indiegogo http://t.co/wuDRvweo0m
99,elfriedaskag866,2015-01-28 07:39:15+00:00,0,Twitter Web Client,Help out! Give to SCI - Stem Cells And Epidural Stimulator http://t.co/Io1DNAD0Xz. Raise funds on #indiegogolife
100,elfriedaskag866,2015-01-28 07:34:48+00:00,0,Twitter Web Client,Help out! Give to SCI - Stem Cells And Epidural Stimulator http://t.co/u11zXbvEMP . Raise funds on #indiegogolife
101,cherhackm144889,2015-01-28 07:14:49+00:00,0,Twitter Web Client,Help out! Give to SCI - Stem Cells And Epidural Stimulator http://t.co/1dklMWDdwZ . Raise funds on #indiegogolife
102,ninfafrechet158,2015-01-28 07:14:31+00:00,0,Twitter Web Client,Help make it happen for Help SCI - Stem Cells And Epidural Stimulator on @indiegogo http://t.co/ql9JWRxyUC
103,chidi452138,2015-01-28 07:13:48+00:00,0,Twitter Web Client,Help out! Give to SCI - Stem Cells And Epidural Stimulator http://t.co/5ZOa4Fn2CD . Raise funds on #indiegogolife
104,elhuevoverga,2015-01-28 07:06:30+00:00,0,Twitter Web Client,Help make it happen for Help SCI - Stem Cells And Epidural Stimulator on @indiegogo http://t.co/zsG8juq3gy
105,elhuevoverga,2015-01-28 07:04:46+00:00,0,Twitter Web Client,Help out! Give to SCI - Stem Cells And Epidural Stimulator http://t.co/UBUnLNZaak . Raise funds on #indiegogolife
106,jamalcorcor8041,2015-01-28 07:03:32+00:00,0,Twitter Web Client,Help out! Give to SCI - Stem Cells And Epidural Stimulator http://t.co/gACSBkiRKt . Raise funds on #indiegogolife
107,jamalcorcor8041,2015-01-28 06:55:31+00:00,0,Twitter Web Client,Help make it happen for Help SCI - Stem Cells And Epidural Stimulator on @indiegogo http://t.co/x9AB9n3Y6U
108,maxwelllenn5233,2015-01-28 06:45:06+00:00,0,Twitter Web Client,Help make it happen for Help SCI - Stem Cells And Epidural Stimulator on @indiegogo http://t.co/cTpjgdZW21
109,jamalcorcor8041,2015-01-28 06:41:25+00:00,0,Twitter Web Client,Help out! Give to SCI - Stem Cells And Epidural Stimulator http://t.co/moU3GYXDKT. Raise funds on #indiegogolife
110,ninfafrechet158,2015-01-28 06:41:08+00:00,0,Twitter Web Client,Help out! Give to SCI - Stem Cells And Epidural Stimulator http://t.co/tW0xOqzguC. Raise funds on #indiegogolife
111,TMyrrey,2015-01-28 06:40:00+00:00,0,Twitter Web Client,Help make it happen for Help SCI - Stem Cells And Epidural Stimulator on @indiegogo http://t.co/g7qRXH9spK
112,ninfafrechet158,2015-01-28 06:17:38+00:00,0,Twitter Web Client,Help out! Give to SCI - Stem Cells And Epidural Stimulator http://t.co/xMZYjQ7fEr . Raise funds on #indiegogolife
113,chidi452138,2015-01-28 06:16:40+00:00,0,Twitter Web Client,Help make it happen for Help SCI - Stem Cells And Epidural Stimulator on @indiegogo http://t.co/pq1wamzPm4
114,chidi452138,2015-01-28 06:12:29+00:00,0,Twitter Web Client,Help out! Give to SCI - Stem Cells And Epidural Stimulator http://t.co/nYJ1aw3VHl. Raise funds on #indiegogolife
115,maxwelllenn5233,2015-01-28 05:31:20+00:00,0,Twitter Web Client,Help out! Give to SCI - Stem Cells And Epidural Stimulator http://t.co/Dd34l4gIst. Raise funds on #indiegogolife
116,maxwelllenn5233,2015-01-28 05:17:24+00:00,0,Twitter Web Client,Help out! Give to SCI - Stem Cells And Epidural Stimulator http://t.co/icnFbPDEDV . Raise funds on #indiegogolife
117,Rubiantoparayu,2015-01-28 05:00:03+00:00,0,Twitter Web Client,Help make it happen for Help SCI - Stem Cells And Epidural Stimulator on @indiegogo http://t.co/ffpqGbLYdh
118,qqqwweresw12q,2015-01-28 04:45:37+00:00,0,Mobile Web,Help out! Give to SCI - Stem Cells And Epidural Stimulator http://t.co/3nGmI7oX3P . Raise funds on #indiegogolife
119,Rubiantoparayu,2015-01-28 04:30:16+00:00,0,Twitter Web Client,Help out! Give to SCI - Stem Cells And Epidural Stimulator http://t.co/Wvzq9kZ2jq. Raise funds on #indiegogolife
120,cicikmaghfiro,2015-01-28 04:27:22+00:00,0,Twitter Web Client,Help out! Give to SCI - Stem Cells And Epidural Stimulator http://t.co/e57bcEKUxM . Raise funds on #indiegogolife
121,cicikmaghfiro,2015-01-28 04:09:22+00:00,0,Twitter Web Client,Help out! Give to SCI - Stem Cells And Epidural Stimulator http://t.co/1pROWWGfve. Raise funds on #indiegogolife
122,sarina_sainuddi,2015-01-28 04:05:56+00:00,0,Twitter Web Client,Help out! Give to SCI - Stem Cells And Epidural Stimulator http://t.co/iFG9mCIvhq. Raise funds on #indiegogolife
123,qqqwweresw12q,2015-01-28 03:53:39+00:00,0,Mobile Web,Help out! Give to SCI - Stem Cells And Epidural Stimulator http://t.co/4uoB9DuhJy. Raise funds on #indiegogolife
124,rwlinda1,2015-01-28 03:46:53+00:00,0,Twitter Web Client,Help out! Give to SCI - Stem Cells And Epidural Stimulator http://t.co/ZDerRqRyP1. Raise funds on #indiegogolife
125,castielday,2015-01-28 03:43:29+00:00,0,Twitter Web Client,Help out! Give to SCI - Stem Cells And Epidural Stimulator http://t.co/CMn9iAbh8B. Raise funds on #indiegogolife
126,sarina_sainuddi,2015-01-28 03:28:39+00:00,0,Twitter Web Client,Help make it happen for Help SCI - Stem Cells And Epidural Stimulator on @indiegogo http://t.co/oEbOYSW6E0
127,rwlinda1,2015-01-28 03:27:07+00:00,0,Twitter Web Client,Help make it happen for Help SCI - Stem Cells And Epidural Stimulator on @indiegogo http://t.co/aVaR2V6y6V
128,sarina_sainuddi,2015-01-28 03:22:56+00:00,0,Twitter Web Client,Help out! Give to SCI - Stem Cells And Epidural Stimulator http://t.co/kbeSC3tuTE . Raise funds on #indiegogolife
129,qllqlllq23d,2015-01-28 03:18:38+00:00,0,Mobile Web,Help out! Give to SCI - Stem Cells And Epidural Stimulator http://t.co/M6s3GGhgFo . Raise funds on #indiegogolife
130,daspongdww12,2015-01-28 03:18:09+00:00,0,Mobile Web,Help make it happen for Help SCI - Stem Cells And Epidural Stimulator on @indiegogo http://t.co/6FEomqzrsB
131,rwlinda1,2015-01-28 03:17:12+00:00,0,Twitter Web Client,Help out! Give to SCI - Stem Cells And Epidural Stimulator http://t.co/6u8Ds6H4dG . Raise funds on #indiegogolife
132,cicikmaghfiro,2015-01-28 03:16:19+00:00,0,Twitter Web Client,Help make it happen for Help SCI - Stem Cells And Epidural Stimulator on @indiegogo http://t.co/5FgOm2lU9C
133,qqqwweresw12q,2015-01-28 03:13:32+00:00,0,Mobile Web,Help make it happen for Help SCI - Stem Cells And Epidural Stimulator on @indiegogo http://t.co/cyMlRn4Yga
134,Rubiantoparayu,2015-01-28 03:07:25+00:00,0,Twitter Web Client,Help out! Give to SCI - Stem Cells And Epidural Stimulator http://t.co/w1O5Sza3KS . Raise funds on #indiegogolife
135,qllqlllq23d,2015-01-28 03:06:29+00:00,0,Mobile Web,Help make it happen for Help SCI - Stem Cells And Epidural Stimulator on @indiegogo http://t.co/cfmAW42tPD
136,MKorja,2015-01-27 21:03:33+00:00,0,Twitter for iPhone,New high frequency (10 kHz) Senza epidural spinal cord stimulator for pain soon available also in US. http://t.co/UlSxBKWTbQ #pain #lbp
137,doibuengl112,2015-01-27 20:04:11+00:00,0,Mobile Web,Help out! Give to SCI - Stem Cells And Epidural Stimulator http://t.co/hniSUoQjXe. Raise funds on #indiegogolife
138,elhuevoverga,2015-01-27 15:02:32+00:00,0,Twitter Web Client,Help out! Give to SCI - Stem Cells And Epidural Stimulator http://t.co/QE6Qj55Ezz. Raise funds on #indiegogolife
139,qllqlllq23d,2015-01-27 12:54:29+00:00,0,Mobile Web,Help out! Give to SCI - Stem Cells And Epidural Stimulator http://t.co/s0D3P5lyI4. Raise funds on #indiegogolife
140,ewq722121q2,2015-01-27 11:42:01+00:00,0,Mobile Web,Help out! Give to SCI - Stem Cells And Epidural Stimulator http://t.co/lBWGqBds1p. Raise funds on #indiegogolife
141,honagtsydudbhdg,2015-01-27 11:25:09+00:00,0,Mobile Web,Help out! Give to SCI - Stem Cells And Epidural Stimulator http://t.co/QeT6w7IDnx. Raise funds on #indiegogolife
142,daspongdww12,2015-01-27 10:50:57+00:00,0,Mobile Web,Help out! Give to SCI - Stem Cells And Epidural Stimulator http://t.co/f5x6snEhqw. Raise funds on #indiegogolife
143,daspongdww12,2015-01-27 10:40:17+00:00,0,Mobile Web,Help out! Give to SCI - Stem Cells And Epidural Stimulator http://t.co/vDeodZlzzc . Raise funds on #indiegogolife
144,honagtsydudbhdg,2015-01-27 08:45:34+00:00,0,Mobile Web,Help make it happen for Help SCI - Stem Cells And Epidural Stimulator on @indiegogo http://t.co/JTWNlLLRbD
145,tgmabsdysg66,2015-01-27 08:37:49+00:00,0,Mobile Web,Help out! Give to SCI - Stem Cells And Epidural Stimulator http://t.co/Tkreiem5LN . Raise funds on #indiegogolife
146,tgmabsdysg66,2015-01-27 08:32:30+00:00,0,Mobile Web,Help make it happen for Help SCI - Stem Cells And Epidural Stimulator on @indiegogo http://t.co/XyyAbP7ZCK
147,copascuiopacakl,2015-01-27 08:28:19+00:00,0,Twitter Web Client,Help make it happen for Help SCI - Stem Cells And Epidural Stimulator on @indiegogo http://t.co/vJUZEvvEuB
148,tgmabsdysg66,2015-01-27 08:17:51+00:00,0,Mobile Web,Help out! Give to SCI - Stem Cells And Epidural Stimulator http://t.co/1cKBsSBrdQ. Raise funds on #indiegogolife
149,honagtsydudbhdg,2015-01-27 07:54:37+00:00,0,Mobile Web,Help out! Give to SCI - Stem Cells And Epidural Stimulator http://t.co/qQJeXGdKnn . Raise funds on #indiegogolife
150,papprik1,2015-01-27 07:45:51+00:00,0,Twitter Web Client,Help out! Give to SCI - Stem Cells And Epidural Stimulator http://t.co/pCzTW3gkse . Raise funds on #indiegogolife
151,sitizaimahza,2015-01-27 07:17:05+00:00,0,Twitter Web Client,Help out! Give to SCI - Stem Cells And Epidural Stimulator http://t.co/p3JwoGLsyQ . Raise funds on #indiegogolife
152,ontianakt,2015-01-27 07:17:03+00:00,0,Twitter Web Client,Help out! Give to SCI - Stem Cells And Epidural Stimulator http://t.co/MkGroua2dJ. Raise funds on #indiegogolife
153,copascuiopacakl,2015-01-27 07:14:29+00:00,0,Twitter Web Client,Help out! Give to SCI - Stem Cells And Epidural Stimulator http://t.co/wTDGVK4bhQ . Raise funds on #indiegogolife
154,ontianakt,2015-01-27 06:39:39+00:00,0,Twitter Web Client,Help out! Give to SCI - Stem Cells And Epidural Stimulator http://t.co/A7yUPiM73Z . Raise funds on #indiegogolife
155,ontianakt,2015-01-27 06:30:44+00:00,0,Twitter Web Client,Help make it happen for Help SCI - Stem Cells And Epidural Stimulator on @indiegogo http://t.co/u25cpUs7do
156,sitizaimahza,2015-01-27 05:54:39+00:00,0,Twitter Web Client,Help make it happen for Help SCI - Stem Cells And Epidural Stimulator on @indiegogo http://t.co/wkvY3nTgXJ
157,musanasser21119,2015-01-27 05:11:16+00:00,0,Twitter Web Client,Help out! Give to SCI - Stem Cells And Epidural Stimulator http://t.co/MuK2A3Z52l . Raise funds on #indiegogolife
158,razalimdyunus1,2015-01-27 05:05:58+00:00,0,Twitter Web Client,Help make it happen for Help SCI - Stem Cells And Epidural Stimulator on @indiegogo http://t.co/8GzWX91in4
159,skid_flash,2015-01-27 04:34:33+00:00,0,Twitter Web Client,Help out! Give to SCI - Stem Cells And Epidural Stimulator http://t.co/w1HbpkZxTt . Raise funds on #indiegogolife
160,aayub9912,2015-01-27 04:29:06+00:00,0,Twitter Web Client,Help make it happen for Help SCI - Stem Cells And Epidural Stimulator on @indiegogo http://t.co/CzKsyhGpfX
161,skid_flash,2015-01-27 04:26:15+00:00,0,Twitter Web Client,Help make it happen for Help SCI - Stem Cells And Epidural Stimulator on @indiegogo http://t.co/ORGGnPDhSu
162,sitizaimahza,2015-01-27 03:59:14+00:00,0,Twitter Web Client,Help out! Give to SCI - Stem Cells And Epidural Stimulator http://t.co/TGZWyG6Tkq. Raise funds on #indiegogolife
163,nurannisaosemmu,2015-01-27 03:52:36+00:00,0,Twitter Web Client,Help make it happen for Help SCI - Stem Cells And Epidural Stimulator on @indiegogo http://t.co/xFK3JTFOyv
164,sue_sakura89,2015-01-27 03:35:22+00:00,0,Twitter Web Client,Help out! Give to SCI - Stem Cells And Epidural Stimulator http://t.co/bHEBCfRuMO. Raise funds on #indiegogolife
165,sue_sakura89,2015-01-26 23:59:00+00:00,0,Twitter Web Client,Help make it happen for Help SCI - Stem Cells And Epidural Stimulator on @indiegogo http://t.co/LbYx4mPn9Q
166,syari_syarul,2015-01-26 23:54:49+00:00,0,Twitter Web Client,Help make it happen for Help SCI - Stem Cells And Epidural Stimulator on @indiegogo http://t.co/bWUAnRkJZ0
167,swina02,2015-01-26 23:40:36+00:00,0,Twitter Web Client,Help make it happen for Help SCI - Stem Cells And Epidural Stimulator on @indiegogo http://t.co/GsKJwvLbuI
168,nurulamirabint,2015-01-26 23:40:24+00:00,0,Twitter Web Client,Help make it happen for Help SCI - Stem Cells And Epidural Stimulator on @indiegogo http://t.co/bdht2IaNPW
169,syakinahislamic,2015-01-26 23:40:16+00:00,0,Twitter Web Client,Help make it happen for Help SCI - Stem Cells And Epidural Stimulator on @indiegogo http://t.co/oWBPFPdHy7
170,syari_syarul,2015-01-26 23:22:47+00:00,0,Twitter Web Client,Help out! Give to SCI - Stem Cells And Epidural Stimulator http://t.co/hFZ7hyNOQx . Raise funds on #indiegogolife
171,musanasser21119,2015-01-26 23:14:51+00:00,0,Twitter Web Client,Help out! Give to SCI - Stem Cells And Epidural Stimulator http://t.co/n7xKlAUgSL. Raise funds on #indiegogolife
172,sitizubaidahmo1,2015-01-26 23:14:07+00:00,0,Twitter Web Client,Help out! Give to SCI - Stem Cells And Epidural Stimulator http://t.co/us44mM71wE. Raise funds on #indiegogolife
173,skid_flash,2015-01-26 23:03:03+00:00,0,Twitter Web Client,Help out! Give to SCI - Stem Cells And Epidural Stimulator http://t.co/S8wSE9kaLz. Raise funds on #indiegogolife
174,ad11266111,2015-01-26 13:21:26+00:00,0,Twitter Web Client,Help make it happen for Help SCI - Stem Cells And Epidural Stimulator on @indiegogo http://t.co/msmNzLlHWn
175,ad11266111,2015-01-26 13:21:01+00:00,0,Twitter Web Client,Help out! Give to SCI - Stem Cells And Epidural Stimulator http://t.co/DTsiBdWqbH. Raise funds on #indiegogolife
176,papprik1,2015-01-26 13:18:17+00:00,0,Twitter Web Client,Help make it happen for Help SCI - Stem Cells And Epidural Stimulator on @indiegogo http://t.co/AoiEqDpJUV
177,syafeeq_ezwan,2015-01-26 13:10:21+00:00,0,Twitter Web Client,Help make it happen for Help SCI - Stem Cells And Epidural Stimulator on @indiegogo http://t.co/nPQCvj7vZR
178,syafeeq_ezwan,2015-01-26 13:05:53+00:00,0,Twitter Web Client,Help out! Give to SCI - Stem Cells And Epidural Stimulator http://t.co/HEPXnvtYQg . Raise funds on #indiegogolife
179,ad11266111,2015-01-26 13:05:15+00:00,0,Twitter Web Client,Help out! Give to SCI - Stem Cells And Epidural Stimulator http://t.co/CNL4wwDI2z . Raise funds on #indiegogolife
180,siti_asmah84,2015-01-26 13:04:42+00:00,0,Twitter Web Client,Help make it happen for Help SCI - Stem Cells And Epidural Stimulator on @indiegogo http://t.co/iaw5y1ziHe
181,siaubiniinus,2015-01-26 13:04:20+00:00,0,Twitter Web Client,Help out! Give to SCI - Stem Cells And Epidural Stimulator http://t.co/gmu9ksWAAT . Raise funds on #indiegogolife
182,musanasser21119,2015-01-26 12:59:36+00:00,0,Twitter Web Client,Help make it happen for Help SCI - Stem Cells And Epidural Stimulator on @indiegogo http://t.co/jNq148BwoW
183,syari_syarul,2015-01-26 12:55:46+00:00,0,Twitter Web Client,Help out! Give to SCI - Stem Cells And Epidural Stimulator http://t.co/Lkegc3GB2u. Raise funds on #indiegogolife
184,otaimerabung,2015-01-26 12:53:11+00:00,0,Twitter Web Client,Help make it happen for Help SCI - Stem Cells And Epidural Stimulator on @indiegogo http://t.co/XYwv0EjJud
185,nuratikahshuhai,2015-01-26 12:52:46+00:00,0,Twitter Web Client,Help out! Give to SCI - Stem Cells And Epidural Stimulator http://t.co/gqpTH9Vr7q . Raise funds on #indiegogolife
186,nuratikahshuhai,2015-01-26 12:47:35+00:00,0,Twitter Web Client,Help make it happen for Help SCI - Stem Cells And Epidural Stimulator on @indiegogo http://t.co/FISU1A2Zlb
187,papprik1,2015-01-26 12:45:00+00:00,0,Twitter Web Client,Help out! Give to SCI - Stem Cells And Epidural Stimulator http://t.co/bCRPZZo6tt. Raise funds on #indiegogolife
188,sue_sakura89,2015-01-26 12:43:49+00:00,0,Twitter Web Client,Help out! Give to SCI - Stem Cells And Epidural Stimulator http://t.co/2sKM8hkL0V . Raise funds on #indiegogolife
189,TMyrrey,2015-01-26 12:43:32+00:00,0,Twitter Web Client,Help out! Give to SCI - Stem Cells And Epidural Stimulator http://t.co/7w7BLJNHdY . Raise funds on #indiegogolife
190,sitizubaidahmo1,2015-01-26 12:42:10+00:00,0,Twitter Web Client,Help make it happen for Help SCI - Stem Cells And Epidural Stimulator on @indiegogo http://t.co/A27OH3AbEx
191,razalimdyunus1,2015-01-26 12:39:03+00:00,0,Twitter Web Client,Help out! Give to SCI - Stem Cells And Epidural Stimulator http://t.co/e6Pc9OEGhn. Raise funds on #indiegogolife
192,nurhasmizaibrah,2015-01-26 12:38:28+00:00,0,Twitter Web Client,Help out! Give to SCI - Stem Cells And Epidural Stimulator http://t.co/6cP15yzUpy. Raise funds on #indiegogolife
193,adierin5,2015-01-26 12:38:22+00:00,0,Twitter Web Client,Help make it happen for Help SCI - Stem Cells And Epidural Stimulator on @indiegogo http://t.co/V8S0yZPkkF
194,msdgjsuid76,2015-01-26 12:35:46+00:00,0,Twitter Web Client,Help out! Give to SCI - Stem Cells And Epidural Stimulator http://t.co/eF2GN1vxcK . Raise funds on #indiegogolife
195,siaubiniinus,2015-01-26 12:31:38+00:00,0,Twitter Web Client,Help make it happen for Help SCI - Stem Cells And Epidural Stimulator on @indiegogo http://t.co/cPZwgs4agY
196,razalimdyunus1,2015-01-26 12:31:17+00:00,0,Twitter Web Client,Help out! Give to SCI - Stem Cells And Epidural Stimulator http://t.co/zErnSFNOPp . Raise funds on #indiegogolife
197,sitinurasikin_e,2015-01-26 12:25:06+00:00,0,Twitter Web Client,Help make it happen for Help SCI - Stem Cells And Epidural Stimulator on @indiegogo http://t.co/9xFQzHncDL
198,msdgjsuid76,2015-01-26 12:22:19+00:00,0,Twitter Web Client,Help make it happen for Help SCI - Stem Cells And Epidural Stimulator on @indiegogo http://t.co/CuRcRm2VKU
199,syakinahislamic,2015-01-26 12:21:54+00:00,0,Twitter Web Client,Help out! Give to SCI - Stem Cells And Epidural Stimulator http://t.co/Ue6CC5cRhz. Raise funds on #indiegogolife
200,wandhy12341,2015-01-26 12:20:17+00:00,0,Twitter Web Client,Help make it happen for Help SCI - Stem Cells And Epidural Stimulator on @indiegogo http://t.co/yWXUguGJPr
201,siti_asmah84,2015-01-26 12:17:25+00:00,0,Twitter Web Client,Help out! Give to SCI - Stem Cells And Epidural Stimulator http://t.co/Hu6GPExqKd. Raise funds on #indiegogolife
202,SMariam69,2015-01-26 12:16:49+00:00,0,Twitter Web Client,Help out! Give to SCI - Stem Cells And Epidural Stimulator http://t.co/m3GlmPi6Kt . Raise funds on #indiegogolife
203,sitizubaidahmo1,2015-01-26 12:15:04+00:00,0,Twitter Web Client,Help out! Give to SCI - Stem Cells And Epidural Stimulator http://t.co/XlEeP85vZX . Raise funds on #indiegogolife
204,siaubiniinus,2015-01-26 12:09:43+00:00,0,Twitter Web Client,Help out! Give to SCI - Stem Cells And Epidural Stimulator http://t.co/DDtZllg6hw. Raise funds on #indiegogolife
205,otaimerabung,2015-01-26 12:02:30+00:00,0,Twitter Web Client,Help out! Give to SCI - Stem Cells And Epidural Stimulator http://t.co/ETCpqASrX4. Raise funds on #indiegogolife
206,nurannisaosemmu,2015-01-26 12:00:17+00:00,0,Twitter Web Client,Help out! Give to SCI - Stem Cells And Epidural Stimulator http://t.co/nboVspAQst . Raise funds on #indiegogolife
207,aayub9912,2015-01-26 11:54:04+00:00,0,Twitter Web Client,Help out! Give to SCI - Stem Cells And Epidural Stimulator http://t.co/UdWP6S76go. Raise funds on #indiegogolife
208,nurhasmizaibrah,2015-01-26 11:53:52+00:00,0,Twitter Web Client,Help make it happen for Help SCI - Stem Cells And Epidural Stimulator on @indiegogo http://t.co/JBN9Ykljxa
209,msdgjsuid76,2015-01-26 11:52:39+00:00,0,Twitter Web Client,Help out! Give to SCI - Stem Cells And Epidural Stimulator http://t.co/nIuDgRoWaC. Raise funds on #indiegogolife
210,sitinurasikin_e,2015-01-26 11:52:09+00:00,0,Twitter Web Client,Help out! Give to SCI - Stem Cells And Epidural Stimulator http://t.co/Ot0tHc619Q . Raise funds on #indiegogolife
211,syafeeq_ezwan,2015-01-26 11:52:00+00:00,0,Twitter Web Client,Help out! Give to SCI - Stem Cells And Epidural Stimulator http://t.co/BFV7KIeHG6. Raise funds on #indiegogolife
212,swina02,2015-01-26 11:49:17+00:00,0,Twitter Web Client,Help out! Give to SCI - Stem Cells And Epidural Stimulator http://t.co/5QiYpU1yRD . Raise funds on #indiegogolife
213,SMariam69,2015-01-26 11:46:08+00:00,0,Twitter Web Client,Help out! Give to SCI - Stem Cells And Epidural Stimulator http://t.co/TJJCBXDQma. Raise funds on #indiegogolife
214,otaimerabung,2015-01-26 11:45:24+00:00,0,Twitter Web Client,Help out! Give to SCI - Stem Cells And Epidural Stimulator http://t.co/adl3I9RFdp . Raise funds on #indiegogolife
215,nurannisaosemmu,2015-01-26 11:45:01+00:00,0,Twitter Web Client,Help out! Give to SCI - Stem Cells And Epidural Stimulator http://t.co/lzPwTVYE0O. Raise funds on #indiegogolife
216,aayub9912,2015-01-26 11:42:34+00:00,0,Twitter Web Client,Help out! Give to SCI - Stem Cells And Epidural Stimulator http://t.co/wMOV6p1V8w . Raise funds on #indiegogolife
217,sitinurasikin_e,2015-01-26 11:39:58+00:00,0,Twitter Web Client,Help out! Give to SCI - Stem Cells And Epidural Stimulator http://t.co/f6pOfYDRXd. Raise funds on #indiegogolife
218,syakinahislamic,2015-01-26 11:37:29+00:00,0,Twitter Web Client,Help out! Give to SCI - Stem Cells And Epidural Stimulator http://t.co/BGfwRo50l9 . Raise funds on #indiegogolife
219,swina02,2015-01-26 11:36:54+00:00,0,Twitter Web Client,Help out! Give to SCI - Stem Cells And Epidural Stimulator http://t.co/vjdaGEu9Sr. Raise funds on #indiegogolife
220,raina8281,2015-01-26 11:33:30+00:00,0,Twitter Web Client,Help make it happen for Help SCI - Stem Cells And Epidural Stimulator on @indiegogo http://t.co/MxXOldfWPB
221,SMariam69,2015-01-26 11:28:08+00:00,0,Twitter Web Client,Help make it happen for Help SCI - Stem Cells And Epidural Stimulator on @indiegogo http://t.co/vcTGwJ9k32
222,siti_asmah84,2015-01-26 11:23:16+00:00,0,Twitter Web Client,Help out! Give to SCI - Stem Cells And Epidural Stimulator http://t.co/lHONaiYfHX . Raise funds on #indiegogolife
223,nuratikahshuhai,2015-01-26 11:21:34+00:00,0,Twitter Web Client,Help out! Give to SCI - Stem Cells And Epidural Stimulator http://t.co/sILVmqotVS. Raise funds on #indiegogolife
224,nurhasmizaibrah,2015-01-26 11:21:08+00:00,0,Twitter Web Client,Help out! Give to SCI - Stem Cells And Epidural Stimulator http://t.co/pGNPnD7q2x . Raise funds on #indiegogolife
225,raina8281,2015-01-26 11:20:46+00:00,0,Twitter Web Client,Help out! Give to SCI - Stem Cells And Epidural Stimulator http://t.co/XmFyu4qpVn . Raise funds on #indiegogolife
226,raina8281,2015-01-26 11:16:38+00:00,0,Twitter Web Client,Help out! Give to SCI - Stem Cells And Epidural Stimulator http://t.co/8dZ4H5Aknk. Raise funds on #indiegogolife
227,wandhy12341,2015-01-26 10:38:44+00:00,0,Twitter Web Client,Help out! Give to SCI - Stem Cells And Epidural Stimulator http://t.co/ZP8eI1VVvv . Raise funds on #indiegogolife
228,nursyan_rezpect,2015-01-26 10:30:23+00:00,0,Twitter Web Client,Help make it happen for Help SCI - Stem Cells And Epidural Stimulator on @indiegogo http://t.co/2ngIgrCbsn
229,adierin5,2015-01-26 10:16:51+00:00,0,Twitter Web Client,Help out! Give to SCI - Stem Cells And Epidural Stimulator http://t.co/MAMfXNqxvV . Raise funds on #indiegogolife
230,nursyan_rezpect,2015-01-26 10:16:14+00:00,0,Twitter Web Client,Help out! Give to SCI - Stem Cells And Epidural Stimulator http://t.co/I9nye1dRMg . Raise funds on #indiegogolife
231,adierin5,2015-01-26 10:10:58+00:00,0,Twitter Web Client,Help out! Give to SCI - Stem Cells And Epidural Stimulator http://t.co/V9FSIR8Y41. Raise funds on #indiegogolife
232,wandhy12341,2015-01-26 10:08:19+00:00,0,Twitter Web Client,Help out! Give to SCI - Stem Cells And Epidural Stimulator http://t.co/mOesOyDxRH. Raise funds on #indiegogolife
233,nurulamirabint,2015-01-26 10:04:46+00:00,0,Twitter Web Client,Help out! Give to SCI - Stem Cells And Epidural Stimulator http://t.co/oz8hKPt5Ag. Raise funds on #indiegogolife
234,nursyan_rezpect,2015-01-26 09:55:42+00:00,0,Twitter Web Client,Help out! Give to SCI - Stem Cells And Epidural Stimulator http://t.co/DxEd1FNxyT. Raise funds on #indiegogolife
235,nurulamirabint,2015-01-26 09:39:05+00:00,0,Twitter Web Client,Help out! Give to SCI - Stem Cells And Epidural Stimulator http://t.co/7AOvnuPMGh . Raise funds on #indiegogolife
236,hsyrik225,2015-01-26 05:40:50+00:00,0,Twitter Web Client,Help make it happen for Help SCI - Stem Cells And Epidural Stimulator on @indiegogo http://t.co/X7OyDfrjRB
237,hsyrik225,2015-01-26 05:38:58+00:00,0,Twitter Web Client,Help out! Give to SCI - Stem Cells And Epidural Stimulator http://t.co/wlenlWnnfI . Raise funds on #indiegogolife
238,hsyrik225,2015-01-26 05:20:10+00:00,1,Twitter Web Client,Help out! Give to SCI - Stem Cells And Epidural Stimulator http://t.co/mY4amMVWaB. Raise funds on #indiegogolife
239,RichardRiccio,2015-01-25 23:27:55+00:00,0,Twitter Web Client,Help out! Give to SCI - Stem Cells And Epidural Stimulator http://t.co/QjPTMTsr1l . Raise funds on #indiegogolife
240,wwwdothcmq1,2015-01-25 22:53:26+00:00,0,Mobile Web,Help make it happen for Help SCI - Stem Cells And Epidural Stimulator on @indiegogo http://t.co/ML1YFkJjG3
241,wwwdothcmq1,2015-01-25 22:28:35+00:00,0,Mobile Web,Help out! Give to SCI - Stem Cells And Epidural Stimulator http://t.co/iuBWnntMdk . Raise funds on #indiegogolife
242,wwwdothcmq1,2015-01-25 22:19:12+00:00,0,Mobile Web,Help out! Give to SCI - Stem Cells And Epidural Stimulator http://t.co/oTIw8QbZcK. Raise funds on #indiegogolife
243,sass2s22q1,2015-01-25 22:11:10+00:00,0,Mobile Web,Help out! Give to SCI - Stem Cells And Epidural Stimulator http://t.co/asLCfnybKj . Raise funds on #indiegogolife
244,sass2s22q1,2015-01-25 21:58:51+00:00,0,Mobile Web,Help make it happen for Help SCI - Stem Cells And Epidural Stimulator on @indiegogo http://t.co/aOc3uhcmpr
245,sass2s22q1,2015-01-25 21:38:11+00:00,0,Mobile Web,Help out! Give to SCI - Stem Cells And Epidural Stimulator http://t.co/XpoM2MCaWh. Raise funds on #indiegogolife
246,kfghqegsg,2015-01-25 21:02:51+00:00,0,Twitter Web Client,Help make it happen for Help SCI - Stem Cells And Epidural Stimulator on @indiegogo http://t.co/7fqt3dwtcy
247,dyyyy213343,2015-01-25 20:59:45+00:00,0,Mobile Web,Help out! Give to SCI - Stem Cells And Epidural Stimulator http://t.co/V1dvivQkiS . Raise funds on #indiegogolife
248,huuyhdsw221s,2015-01-25 20:20:22+00:00,0,Mobile Web,Help make it happen for Help SCI - Stem Cells And Epidural Stimulator on @indiegogo http://t.co/qDgO3Mu3vL
249,kkqkwkq1k1w,2015-01-25 20:02:41+00:00,0,Mobile Web,Help out! Give to SCI - Stem Cells And Epidural Stimulator http://t.co/NT45OvUIwZ . Raise funds on #indiegogolife
250,semangemveko24,2015-01-25 19:57:18+00:00,0,Mobile Web,Help out! Give to SCI - Stem Cells And Epidural Stimulator http://t.co/hIkuTmkEBp. Raise funds on #indiegogolife
251,huuyhdsw221s,2015-01-25 19:38:21+00:00,0,Mobile Web,Help out! Give to SCI - Stem Cells And Epidural Stimulator http://t.co/JIiYVVlYX8. Raise funds on #indiegogolife
252,ppoiiooi2ere3,2015-01-25 19:28:11+00:00,0,Mobile Web,Help out! Give to SCI - Stem Cells And Epidural Stimulator http://t.co/SvCws8oCQT. Raise funds on #indiegogolife
253,semangemveko24,2015-01-25 19:02:31+00:00,0,Mobile Web,Help make it happen for Help SCI - Stem Cells And Epidural Stimulator on @indiegogo http://t.co/fSSvlcRTT9
254,camon1cuoce,2015-01-25 18:50:07+00:00,0,Mobile Web,Help out! Give to SCI - Stem Cells And Epidural Stimulator http://t.co/iQK3LZAEcN . Raise funds on #indiegogolife
255,kkqkwkq1k1w,2015-01-25 18:44:46+00:00,0,Mobile Web,Help make it happen for Help SCI - Stem Cells And Epidural Stimulator on @indiegogo http://t.co/ac0oDvxcS2
256,ccvcv1cvvds21,2015-01-25 18:39:06+00:00,0,Mobile Web,Help make it happen for Help SCI - Stem Cells And Epidural Stimulator on @indiegogo http://t.co/EGrgjtu0TI
257,dyyyy213343,2015-01-25 18:26:45+00:00,0,Mobile Web,Help make it happen for Help SCI - Stem Cells And Epidural Stimulator on @indiegogo http://t.co/2KiAK0shkC
258,Squizerz,2015-01-25 18:24:20+00:00,1,Twitter Web Client,Help make it happen for Help SCI - Stem Cells And Epidural Stimulator on @indiegogo http://t.co/nREFW3gXz0
259,sdhhaylsmwu2,2015-01-25 18:09:01+00:00,0,Mobile Web,Help out! Give to SCI - Stem Cells And Epidural Stimulator http://t.co/vMOKXKvwEA. Raise funds on #indiegogolife
260,ccvcv1cvvds21,2015-01-25 18:08:45+00:00,0,Mobile Web,Help out! Give to SCI - Stem Cells And Epidural Stimulator http://t.co/NboESfkzz8 . Raise funds on #indiegogolife
261,dyyyy213343,2015-01-25 18:07:27+00:00,0,Mobile Web,Help out! Give to SCI - Stem Cells And Epidural Stimulator http://t.co/oaDuNUI83N. Raise funds on #indiegogolife
262,camon1cuoce,2015-01-25 17:55:18+00:00,0,Mobile Web,Help out! Give to SCI - Stem Cells And Epidural Stimulator http://t.co/dNNvEyS4eo. Raise funds on #indiegogolife
263,kkqkwkq1k1w,2015-01-25 17:46:46+00:00,0,Mobile Web,Help out! Give to SCI - Stem Cells And Epidural Stimulator http://t.co/K1Jy4T9Rb8. Raise funds on #indiegogolife
264,killertoh65,2015-01-25 17:39:45+00:00,0,Twitter Web Client,Help out! Give to SCI - Stem Cells And Epidural Stimulator http://t.co/NUUcLE4Cz6 . Raise funds on #indiegogolife
265,camon1cuoce,2015-01-25 17:33:07+00:00,0,Mobile Web,Help make it happen for Help SCI - Stem Cells And Epidural Stimulator on @indiegogo http://t.co/XXWdpaUyBD
266,semangemveko24,2015-01-25 17:27:38+00:00,0,Mobile Web,Help out! Give to SCI - Stem Cells And Epidural Stimulator http://t.co/6pXWCiTuFM . Raise funds on #indiegogolife
267,ppoiiooi2ere3,2015-01-25 17:17:50+00:00,0,Mobile Web,Help out! Give to SCI - Stem Cells And Epidural Stimulator http://t.co/mhDpgl5eLY . Raise funds on #indiegogolife
268,ercTek,2015-01-25 17:06:41+00:00,0,Twitter Web Client,Help make it happen for Help SCI - Stem Cells And Epidural Stimulator on @indiegogo http://t.co/t5mCl2c5MF
269,ercTek,2015-01-25 17:04:39+00:00,0,Twitter Web Client,Help out! Give to SCI - Stem Cells And Epidural Stimulator http://t.co/3DOxjZkmHx. Raise funds on #indiegogolife
270,sdhhaylsmwu2,2015-01-25 17:00:23+00:00,0,Mobile Web,Help out! Give to SCI - Stem Cells And Epidural Stimulator http://t.co/uIH25xVV6K . Raise funds on #indiegogolife
271,huuyhdsw221s,2015-01-25 16:56:31+00:00,0,Mobile Web,Help out! Give to SCI - Stem Cells And Epidural Stimulator http://t.co/a82WsdzhlF . Raise funds on #indiegogolife
272,killertoh65,2015-01-25 16:47:37+00:00,0,Twitter Web Client,Help out! Give to SCI - Stem Cells And Epidural Stimulator http://t.co/qVxuu4kQLE. Raise funds on #indiegogolife
273,ccvcv1cvvds21,2015-01-25 16:42:55+00:00,0,Mobile Web,Help out! Give to SCI - Stem Cells And Epidural Stimulator http://t.co/bhvXeZATBb. Raise funds on #indiegogolife
274,yyyqyyq2y3,2015-01-25 16:28:30+00:00,0,Mobile Web,Help out! Give to SCI - Stem Cells And Epidural Stimulator http://t.co/D5PNPLtgFM . Raise funds on #indiegogolife
275,ququ23yrqu1,2015-01-25 15:45:45+00:00,0,Mobile Web,Help out! Give to SCI - Stem Cells And Epidural Stimulator http://t.co/3ywyhmKux5. Raise funds on #indiegogolife
276,yyyqyyq2y3,2015-01-25 15:44:38+00:00,0,Mobile Web,Help make it happen for Help SCI - Stem Cells And Epidural Stimulator on @indiegogo http://t.co/f8DVVR3Q2n
277,ququ23yrqu1,2015-01-25 14:57:02+00:00,0,Mobile Web,Help out! Give to SCI - Stem Cells And Epidural Stimulator http://t.co/GZOT3qGEer . Raise funds on #indiegogolife
278,yyyqyyq2y3,2015-01-25 13:58:51+00:00,0,Mobile Web,Help out! Give to SCI - Stem Cells And Epidural Stimulator http://t.co/BSrfRAK0vl. Raise funds on #indiegogolife
279,ManmaaaNonmae,2015-01-25 13:55:22+00:00,0,Twitter Web Client,Help make it happen for Help SCI - Stem Cells And Epidural Stimulator on @indiegogo http://t.co/nTmP7zdxpZ
280,dsah2uwwey332,2015-01-25 13:53:31+00:00,0,Mobile Web,Help out! Give to SCI - Stem Cells And Epidural Stimulator http://t.co/wpTb7R5NqQ. Raise funds on #indiegogolife
281,sabeehakram2584,2015-01-25 13:08:48+00:00,0,Twitter Web Client,Help make it happen for Help SCI - Stem Cells And Epidural Stimulator on @indiegogo http://t.co/TvL8LXqmm4
282,husay1qqqq1,2015-01-25 13:04:30+00:00,0,Mobile Web,Help out! Give to SCI - Stem Cells And Epidural Stimulator http://t.co/NeJTO7YCEb . Raise funds on #indiegogolife
283,sabeehakram2584,2015-01-25 12:51:24+00:00,0,Twitter Web Client,Help out! Give to SCI - Stem Cells And Epidural Stimulator http://t.co/zw8qtcyRQi . Raise funds on #indiegogolife
284,dsah2uwwey332,2015-01-25 12:23:32+00:00,0,Mobile Web,Help make it happen for Help SCI - Stem Cells And Epidural Stimulator on @indiegogo http://t.co/XH9qkmMQEf
285,husay1qqqq1,2015-01-25 12:16:27+00:00,0,Mobile Web,Help make it happen for Help SCI - Stem Cells And Epidural Stimulator on @indiegogo http://t.co/NjsB4QT8Aq
286,castielday,2015-01-25 11:22:11+00:00,0,Twitter Web Client,Help make it happen for Help SCI - Stem Cells And Epidural Stimulator on @indiegogo http://t.co/jZqMtG2CK7
287,castielday,2015-01-25 11:20:32+00:00,0,Twitter Web Client,Help out! Give to SCI - Stem Cells And Epidural Stimulator http://t.co/knfCpA3AdH . Raise funds on #indiegogolife
288,dsah2uwwey332,2015-01-25 11:11:06+00:00,0,Mobile Web,Help out! Give to SCI - Stem Cells And Epidural Stimulator http://t.co/1LdtSp1fqU . Raise funds on #indiegogolife
289,husay1qqqq1,2015-01-25 11:10:20+00:00,0,Mobile Web,Help out! Give to SCI - Stem Cells And Epidural Stimulator http://t.co/ik3St9PgVW. Raise funds on #indiegogolife
290,ququ23yrqu1,2015-01-25 10:30:57+00:00,0,Mobile Web,Help make it happen for Help SCI - Stem Cells And Epidural Stimulator on @indiegogo http://t.co/s36eCL1lFM
291,dwq8wyw1qu,2015-01-25 10:30:37+00:00,0,Mobile Web,Help out! Give to SCI - Stem Cells And Epidural Stimulator http://t.co/gGZVoWdU2K . Raise funds on #indiegogolife
292,dwq8wyw1qu,2015-01-25 10:27:13+00:00,0,Mobile Web,Help make it happen for Help SCI - Stem Cells And Epidural Stimulator on @indiegogo http://t.co/X1XJ4O5QKi
293,dwq8wyw1qu,2015-01-25 09:32:20+00:00,0,Mobile Web,Help out! Give to SCI - Stem Cells And Epidural Stimulator http://t.co/QI6bl0fKuz. Raise funds on #indiegogolife
294,triwe_,2015-01-25 05:05:43+00:00,0,Twitter Web Client,Help out! Give to SCI - Stem Cells And Epidural Stimulator http://t.co/KNxtDoKjyo . Raise funds on #indiegogolife
295,triwe_,2015-01-25 05:03:47+00:00,0,Twitter Web Client,Help make it happen for Help SCI - Stem Cells And Epidural Stimulator on @indiegogo http://t.co/Mw2xhLh2ps
296,dsadssauw,2015-01-24 22:26:32+00:00,0,Mobile Web,Help make it happen for Help SCI - Stem Cells And Epidural Stimulator on @indiegogo http://t.co/AXHzBIiZba
297,dsadssauw,2015-01-24 22:24:08+00:00,0,Mobile Web,Help out! Give to SCI - Stem Cells And Epidural Stimulator http://t.co/NipQM7vI7y. Raise funds on #indiegogolife
298,dsadssauw,2015-01-24 22:00:00+00:00,0,Mobile Web,Help out! Give to SCI - Stem Cells And Epidural Stimulator http://t.co/LSUcsvNfiK . Raise funds on #indiegogolife
299,steffo8687,2015-01-24 19:47:46+00:00,0,Twitter Web Client,Help make it happen for Help SCI - Stem Cells And Epidural Stimulator on @indiegogo http://t.co/nvl6ztyDiB
300,steffo8687,2015-01-24 19:46:14+00:00,0,Twitter Web Client,Help out! Give to SCI - Stem Cells And Epidural Stimulator http://t.co/LwdHFG58nY. Raise funds on #indiegogolife
301,triwe_,2015-01-24 16:40:52+00:00,0,Twitter Web Client,Help out! Give to SCI - Stem Cells And Epidural Stimulator http://t.co/UtPwrk2zaG. Raise funds on #indiegogolife
302,weynruniy,2015-01-24 15:41:32+00:00,0,Twitter Web Client,Help make it happen for Help SCI - Stem Cells And Epidural Stimulator on @indiegogo http://t.co/st5o3ArO2v
303,ZNews_Info,2015-01-24 15:19:06+00:00,0,Twitter Web Client,Help make it happen for Help SCI - Stem Cells And Epidural Stimulator on @indiegogo http://t.co/6tb8UvUr15
304,TheMartis69,2015-01-24 14:50:03+00:00,0,Twitter Web Client,Help make it happen for Help SCI - Stem Cells And Epidural Stimulator on @indiegogo http://t.co/RxxfI4ZbVJ
305,TheMartis69,2015-01-24 11:55:34+00:00,0,Twitter Web Client,Help out! Give to SCI - Stem Cells And Epidural Stimulator http://t.co/8dxB2GZsaD. Raise funds on #indiegogolife
306,TheMartis69,2015-01-24 11:54:29+00:00,0,Twitter Web Client,Help out! Give to SCI - Stem Cells And Epidural Stimulator http://t.co/JXN0Amcc1J . Raise funds on #indiegogolife
307,paneraishop,2015-01-23 20:38:40+00:00,0,Twitter Web Client,Help make it happen for Help SCI - Stem Cells And Epidural Stimulator on @indiegogo http://t.co/F7rDFY4Yzd
308,playdoh86,2015-01-23 18:57:35+00:00,0,Twitter Web Client,Help out! Give to SCI - Stem Cells And Epidural Stimulator http://t.co/E1nTcdgPOF . Raise funds on #indiegogolife
309,marcopalla99,2015-01-23 18:52:55+00:00,0,Twitter Web Client,Help make it happen for Help SCI - Stem Cells And Epidural Stimulator on @indiegogo http://t.co/qXJl8BsU8W
310,tuangianglion,2015-01-23 16:06:27+00:00,0,Twitter Web Client,Help out! Give to SCI - Stem Cells And Epidural Stimulator http://t.co/Gq3rz9b4cH . Raise funds on #indiegogolife
311,tuangianglion,2015-01-23 16:05:45+00:00,0,Twitter Web Client,Help out! Give to SCI - Stem Cells And Epidural Stimulator http://t.co/qoZyquE8tS. Raise funds on #indiegogolife
312,LindaStampley,2015-01-23 15:45:19+00:00,0,Twitter Web Client,Help make it happen for Help SCI - Stem Cells And Epidural Stimulator on @indiegogo http://t.co/cFGFz8nAXu
313,LindaStampley,2015-01-23 14:55:16+00:00,0,Twitter Web Client,Help out! Give to SCI - Stem Cells And Epidural Stimulator http://t.co/0qeAOuKvgu. Raise funds on #indiegogolife
314,LindaStampley,2015-01-23 14:49:04+00:00,0,Twitter Web Client,Help out! Give to SCI - Stem Cells And Epidural Stimulator http://t.co/Orss9O452V . Raise funds on #indiegogolife
315,ruth_sherri,2015-01-23 14:39:57+00:00,0,Twitter Web Client,Help out! Give to SCI - Stem Cells And Epidural Stimulator http://t.co/YJjd93K9Pa. Raise funds on #indiegogolife
316,aulia_jannah475,2015-01-23 14:30:32+00:00,0,Twitter Web Client,Help make it happen for Help SCI - Stem Cells And Epidural Stimulator on @indiegogo http://t.co/9U64E1TnEj
317,cikpuan_senghal,2015-01-23 14:10:21+00:00,0,Twitter Web Client,Help out! Give to SCI - Stem Cells And Epidural Stimulator http://t.co/msZVTFYyQx . Raise funds on #indiegogolife
318,asyraf_ganu06,2015-01-23 14:02:55+00:00,0,Twitter Web Client,Help make it happen for Help SCI - Stem Cells And Epidural Stimulator on @indiegogo http://t.co/DSVTaut8Oo
319,cikpuan_senghal,2015-01-23 13:30:12+00:00,0,Twitter Web Client,Help out! Give to SCI - Stem Cells And Epidural Stimulator http://t.co/NI6pKrm2Pz. Raise funds on #indiegogolife
320,lizzmonica85,2015-01-23 13:21:59+00:00,0,Twitter Web Client,Help make it happen for Help SCI - Stem Cells And Epidural Stimulator on @indiegogo http://t.co/WjKt4HND3H
321,kuciyjat_tenn1,2015-01-23 13:21:23+00:00,0,Twitter Web Client,Help make it happen for Help SCI - Stem Cells And Epidural Stimulator on @indiegogo http://t.co/BPlM252ffA
322,kuciyjat_tenn1,2015-01-23 11:54:26+00:00,0,Twitter Web Client,Help out! Give to SCI - Stem Cells And Epidural Stimulator http://t.co/F20NFErkLd. Raise funds on #indiegogolife
323,kuciyjat_tenn1,2015-01-23 10:58:04+00:00,0,Twitter Web Client,Help out! Give to SCI - Stem Cells And Epidural Stimulator http://t.co/rT1uVKR2ED . Raise funds on #indiegogolife
324,asyraf_ganu06,2015-01-23 10:57:51+00:00,0,Twitter Web Client,Help out! Give to SCI - Stem Cells And Epidural Stimulator http://t.co/QY5oGQjsJY . Raise funds on #indiegogolife
325,aulia_jannah475,2015-01-23 10:53:56+00:00,0,Twitter Web Client,Help out! Give to SCI - Stem Cells And Epidural Stimulator http://t.co/WZUrBgqOo4 . Raise funds on #indiegogolife
326,aulia_jannah475,2015-01-23 10:42:16+00:00,0,Twitter Web Client,Help out! Give to SCI - Stem Cells And Epidural Stimulator http://t.co/pMIlU1CA2d. Raise funds on #indiegogolife
327,asyraf_ganu06,2015-01-23 10:38:16+00:00,0,Twitter Web Client,Help out! Give to SCI - Stem Cells And Epidural Stimulator http://t.co/SKE4ZFkWmg. Raise funds on #indiegogolife
328,lizzmonica85,2015-01-23 10:28:01+00:00,0,Twitter Web Client,Help out! Give to SCI - Stem Cells And Epidural Stimulator http://t.co/fDaODHjf6L. Raise funds on #indiegogolife
329,socialmediafr51,2015-01-23 10:18:18+00:00,0,Twitter Web Client,Help out! Give to SCI - Stem Cells And Epidural Stimulator http://t.co/mxLx6Yun19. Raise funds on #indiegogolife
330,socialmediafr51,2015-01-23 10:03:22+00:00,1,Twitter Web Client,Help out! Give to SCI - Stem Cells And Epidural Stimulator http://t.co/loFe1kHlm8 . Raise funds on #indiegogolife
331,qruynhqe,2015-01-23 09:58:09+00:00,0,Mobile Web,Help make it happen for Help SCI - Stem Cells And Epidural Stimulator on @indiegogo http://t.co/yAvbUH4Zry
332,lizzmonica85,2015-01-23 09:37:18+00:00,0,Twitter Web Client,Help out! Give to SCI - Stem Cells And Epidural Stimulator http://t.co/wCOLiu1v3s . Raise funds on #indiegogolife
333,BiancaBb76aa84,2015-01-23 08:46:18+00:00,0,Twitter Web Client,Help out! Give to SCI - Stem Cells And Epidural Stimulator http://t.co/kbAuhcpuPu . Raise funds on #indiegogolife
334,qruynhqe,2015-01-23 07:53:15+00:00,0,Mobile Web,Help out! Give to SCI - Stem Cells And Epidural Stimulator http://t.co/DYeZFPmzUe. Raise funds on #indiegogolife
335,fificollin,2015-01-23 07:47:53+00:00,0,Twitter Web Client,Help out! Give to SCI - Stem Cells And Epidural Stimulator http://t.co/nSLf8w0CSb. Raise funds on #indiegogolife
336,apai_3223,2015-01-23 07:09:13+00:00,0,Twitter Web Client,Help make it happen for Help SCI - Stem Cells And Epidural Stimulator on @indiegogo http://t.co/KxIJHVsKxd
337,qruynhqe,2015-01-23 06:41:48+00:00,0,Mobile Web,Help out! Give to SCI - Stem Cells And Epidural Stimulator http://t.co/9Z22aSAlIV . Raise funds on #indiegogolife
338,eeww3euwe3,2015-01-23 04:05:34+00:00,0,Mobile Web,Help make it happen for Help SCI - Stem Cells And Epidural Stimulator on @indiegogo http://t.co/Yly6uoPIg9
339,Grapheet,2015-01-22 23:29:19+00:00,1,Twitter Web Client,Help make it happen for Help SCI - Stem Cells And Epidural Stimulator on @indiegogo http://t.co/F3UA0ArN7V
340,apai_3223,2015-01-22 22:02:06+00:00,0,Twitter Web Client,Help out! Give to SCI - Stem Cells And Epidural Stimulator http://t.co/PzignvT4zO . Raise funds on #indiegogolife
341,eeww3euwe3,2015-01-22 21:57:07+00:00,0,Mobile Web,Help out! Give to SCI - Stem Cells And Epidural Stimulator http://t.co/R0Rio0dizT. Raise funds on #indiegogolife
342,apai_3223,2015-01-22 21:20:10+00:00,0,Twitter Web Client,Help out! Give to SCI - Stem Cells And Epidural Stimulator http://t.co/Y0m5YDzjiB. Raise funds on #indiegogolife
343,bdsh2fhdserw2,2015-01-22 21:08:57+00:00,0,Mobile Web,Help make it happen for Help SCI - Stem Cells And Epidural Stimulator on @indiegogo http://t.co/A3niVt0w1y
344,eeww3euwe3,2015-01-22 20:49:51+00:00,0,Mobile Web,Help out! Give to SCI - Stem Cells And Epidural Stimulator http://t.co/J4JOhnz26H . Raise funds on #indiegogolife
345,mdsmn2sdvndu32,2015-01-22 20:43:07+00:00,0,Mobile Web,Help make it happen for Help SCI - Stem Cells And Epidural Stimulator on @indiegogo http://t.co/2IcDkTLWk1
346,omgsuchbootyomg,2015-01-22 20:37:02+00:00,0,Twitter Web Client,Help make it happen for Help SCI - Stem Cells And Epidural Stimulator on @indiegogo http://t.co/C5JV2E97mV
347,dsahdusa343,2015-01-22 20:19:15+00:00,0,Mobile Web,Help make it happen for Help SCI - Stem Cells And Epidural Stimulator on @indiegogo http://t.co/zY2vRy3wkj
348,omgsuchbootyomg,2015-01-22 20:17:47+00:00,0,Twitter Web Client,Help out! Give to SCI - Stem Cells And Epidural Stimulator http://t.co/1fFIRbN86G. Raise funds on #indiegogolife
349,omgsuchbootyomg,2015-01-22 20:16:15+00:00,0,Twitter Web Client,Help out! Give to SCI - Stem Cells And Epidural Stimulator http://t.co/AU0uk7JUzU . Raise funds on #indiegogolife
350,mdsmn2sdvndu32,2015-01-22 17:41:42+00:00,0,Mobile Web,Help out! Give to SCI - Stem Cells And Epidural Stimulator http://t.co/Q642YEbOfE . Raise funds on #indiegogolife
351,bdsh2fhdserw2,2015-01-22 16:01:14+00:00,0,Mobile Web,Help out! Give to SCI - Stem Cells And Epidural Stimulator http://t.co/0KMLDZgfoc. Raise funds on #indiegogolife
352,brober27,2015-01-22 15:36:01+00:00,1,Twitter Web Client,Help make it happen for Help SCI - Stem Cells And Epidural Stimulator on @indiegogo http://t.co/DxCZv48SFL
353,dsahdusa343,2015-01-22 15:22:09+00:00,0,Mobile Web,Help out! Give to SCI - Stem Cells And Epidural Stimulator http://t.co/JNtFj9mMMn. Raise funds on #indiegogolife
354,ivanzanin12,2015-01-22 15:15:46+00:00,0,Twitter Web Client,Help out! Give to SCI - Stem Cells And Epidural Stimulator http://t.co/pTb4R5oPah . Raise funds on #indiegogolife
355,mashulyakirpic1,2015-01-22 15:11:55+00:00,0,Twitter Web Client,Help make it happen for Help SCI - Stem Cells And Epidural Stimulator on @indiegogo http://t.co/t5wNspXQeU
356,dsahdusa343,2015-01-22 15:09:44+00:00,0,Mobile Web,Help out! Give to SCI - Stem Cells And Epidural Stimulator http://t.co/e3DaMUhnLD . Raise funds on #indiegogolife
357,ivanzanin12,2015-01-22 15:09:12+00:00,0,Twitter Web Client,Help out! Give to SCI - Stem Cells And Epidural Stimulator http://t.co/zizJedxCKx. Raise funds on #indiegogolife
358,brober27,2015-01-22 15:07:55+00:00,0,Twitter Web Client,Help out! Give to SCI - Stem Cells And Epidural Stimulator http://t.co/fxeGj7UMks . Raise funds on #indiegogolife
359,mdsmn2sdvndu32,2015-01-22 14:51:33+00:00,0,Mobile Web,Help out! Give to SCI - Stem Cells And Epidural Stimulator http://t.co/HE4tZ81t4H. Raise funds on #indiegogolife
360,bdsh2fhdserw2,2015-01-22 14:49:40+00:00,0,Mobile Web,Help out! Give to SCI - Stem Cells And Epidural Stimulator http://t.co/bSAlcHTE7u . Raise funds on #indiegogolife
361,vsadaewrdsadwqe,2015-01-22 07:15:20+00:00,0,Mobile Web,Help make it happen for Help SCI - Stem Cells And Epidural Stimulator on @indiegogo http://t.co/Z08s6dDxxS
362,ManmaaaNonmae,2015-01-22 06:38:43+00:00,0,Twitter Web Client,Help out! Give to SCI - Stem Cells And Epidural Stimulator http://t.co/ag6Y3tN5dj . Raise funds on #indiegogolife
363,gavinqzwr,2015-01-22 05:04:20+00:00,0,Twitter Web Client,Help make it happen for Help SCI - Stem Cells And Epidural Stimulator on @indiegogo http://t.co/fjTimv5n2d
364,ZNews_Info,2015-01-21 23:57:24+00:00,0,Twitter Web Client,Help out! Give to SCI - Stem Cells And Epidural Stimulator http://t.co/aW3tgtGEQU . Raise funds on #indiegogolife
365,ZNews_Info,2015-01-21 23:56:24+00:00,0,Twitter Web Client,Help out! Give to SCI - Stem Cells And Epidural Stimulator http://t.co/ZL15vLXWsC. Raise funds on #indiegogolife
366,vsadaewrdsadwqe,2015-01-21 21:54:16+00:00,0,Mobile Web,Help out! Give to SCI - Stem Cells And Epidural Stimulator http://t.co/w33SUfj9Ru . Raise funds on #indiegogolife
367,DeboraPorno,2015-01-21 21:44:29+00:00,0,Twitter Web Client,@DeboraPorno's account is temporarily unavailable because it violates the Twitter Media Policy. Learn more.
368,vsadaewrdsadwqe,2015-01-21 21:18:53+00:00,0,Mobile Web,Help out! Give to SCI - Stem Cells And Epidural Stimulator http://t.co/NgklDNmJlf. Raise funds on #indiegogolife
369,mmnashdstsrd5t1,2015-01-21 20:04:13+00:00,0,Mobile Web,Help make it happen for Help SCI - Stem Cells And Epidural Stimulator on @indiegogo http://t.co/GqFhKsqYEH
370,nhatsdfsdfsdrd1,2015-01-21 19:06:43+00:00,0,Mobile Web,Help make it happen for Help SCI - Stem Cells And Epidural Stimulator on @indiegogo http://t.co/882aN8Zcc1
371,Squizerz,2015-01-21 19:03:47+00:00,0,Twitter Web Client,Help out! Give to SCI - Stem Cells And Epidural Stimulator http://t.co/XTQtFTQEBO . Raise funds on #indiegogolife
372,Squizerz,2015-01-21 18:47:12+00:00,0,Twitter Web Client,Help out! Give to SCI - Stem Cells And Epidural Stimulator http://t.co/5MCG5JXGPf. Raise funds on #indiegogolife
373,AltGR320,2015-01-21 18:28:08+00:00,0,Twitter Web Client,Help out! Give to SCI - Stem Cells And Epidural Stimulator http://t.co/5y9NiYgAvL. Raise funds on #indiegogolife
374,AltGR320,2015-01-21 18:26:58+00:00,0,Twitter Web Client,Help out! Give to SCI - Stem Cells And Epidural Stimulator http://t.co/wK9qCK0S7J . Raise funds on #indiegogolife
375,bembo91,2015-01-21 18:25:07+00:00,0,Twitter Web Client,Help make it happen for Help SCI - Stem Cells And Epidural Stimulator on @indiegogo http://t.co/7hyPaLhuYr
376,marcopalla99,2015-01-21 18:24:51+00:00,0,Twitter Web Client,Help out! Give to SCI - Stem Cells And Epidural Stimulator http://t.co/5od5OQgJQy . Raise funds on #indiegogolife
377,marcopalla99,2015-01-21 18:19:33+00:00,0,Twitter Web Client,Help out! Give to SCI - Stem Cells And Epidural Stimulator http://t.co/aVgFQLSYLf. Raise funds on #indiegogolife
378,paneraishop,2015-01-21 18:17:40+00:00,0,Twitter Web Client,Help out! Give to SCI - Stem Cells And Epidural Stimulator http://t.co/BBMUfsIfRD . Raise funds on #indiegogolife
379,JOHNDUE10,2015-01-21 18:11:32+00:00,0,Twitter Web Client,Help out! Give to SCI - Stem Cells And Epidural Stimulator http://t.co/VllenPrPR0. Raise funds on #indiegogolife
380,JOHNDUE10,2015-01-21 18:08:39+00:00,0,Twitter Web Client,Help out! Give to SCI - Stem Cells And Epidural Stimulator http://t.co/0aPmxIzJrM . Raise funds on #indiegogolife
381,dawidq1,2015-01-21 17:02:40+00:00,1,Twitter Web Client,Help make it happen for Help SCI - Stem Cells And Epidural Stimulator on @indiegogo http://t.co/j98Pi8S9E4
382,dawidq1,2015-01-21 16:53:00+00:00,0,Twitter Web Client,Help out! Give to SCI - Stem Cells And Epidural Stimulator http://t.co/u5GfNQyQH8. Raise funds on #indiegogolife
383,dawidq1,2015-01-21 16:52:10+00:00,0,Twitter Web Client,Help out! Give to SCI - Stem Cells And Epidural Stimulator http://t.co/ndUaCGyPse . Raise funds on #indiegogolife
384,BratLuka,2015-01-21 16:18:17+00:00,0,Twitter Web Client,Help out! Give to SCI - Stem Cells And Epidural Stimulator http://t.co/sPGSaF49ou . Raise funds on #indiegogolife
385,nhatsdfsdfsdrd1,2015-01-21 16:17:36+00:00,0,Mobile Web,Help out! Give to SCI - Stem Cells And Epidural Stimulator http://t.co/KfaVdcyCST. Raise funds on #indiegogolife
386,BratLuka,2015-01-21 16:02:06+00:00,0,Twitter Web Client,Help out! Give to SCI - Stem Cells And Epidural Stimulator http://t.co/uX34tZmFET. Raise funds on #indiegogolife
387,mmnashdstsrd5t1,2015-01-21 15:19:17+00:00,0,Mobile Web,Help out! Give to SCI - Stem Cells And Epidural Stimulator http://t.co/TUfoh0m3eG . Raise funds on #indiegogolife
388,nhatsdfsdfsdrd1,2015-01-21 15:03:04+00:00,0,Mobile Web,Help out! Give to SCI - Stem Cells And Epidural Stimulator http://t.co/pc7yPFcOhi . Raise funds on #indiegogolife
389,nhasgdtsr5tr,2015-01-21 14:13:34+00:00,0,Mobile Web,Help make it happen for Help SCI - Stem Cells And Epidural Stimulator on @indiegogo http://t.co/m8tbq3t1EK
390,hiasnthsy65t6,2015-01-21 12:43:18+00:00,0,Mobile Web,Help make it happen for Help SCI - Stem Cells And Epidural Stimulator on @indiegogo http://t.co/Fmb1p43Ucn
391,nhatrsdsgd6s56,2015-01-21 12:20:05+00:00,0,Mobile Web,Help out! Give to SCI - Stem Cells And Epidural Stimulator http://t.co/CYNFk8wKhl. Raise funds on #indiegogolife
392,trasshdgs65r5,2015-01-21 12:18:37+00:00,0,Mobile Web,Help make it happen for Help SCI - Stem Cells And Epidural Stimulator on @indiegogo http://t.co/KqYjVDfbvl
393,nhasds5dsfd5,2015-01-21 11:54:53+00:00,0,Mobile Web,Help out! Give to SCI - Stem Cells And Epidural Stimulator http://t.co/pfmOmjoCT0 . Raise funds on #indiegogolife
394,ghfuysssdas2e,2015-01-21 10:41:01+00:00,0,Mobile Web,Help make it happen for Help SCI - Stem Cells And Epidural Stimulator on @indiegogo http://t.co/QWdsEtzC9v
395,frfgtg43,2015-01-21 09:27:22+00:00,0,Mobile Web,Help make it happen for Help SCI - Stem Cells And Epidural Stimulator on @indiegogo http://t.co/mO3SITWPga
396,nhasds5dsfd5,2015-01-21 09:22:32+00:00,0,Mobile Web,Help out! Give to SCI - Stem Cells And Epidural Stimulator http://t.co/Whkq8xWxpd. Raise funds on #indiegogolife
397,rewreu8eesdfg,2015-01-21 09:12:58+00:00,0,Mobile Web,Help make it happen for Help SCI - Stem Cells And Epidural Stimulator on @indiegogo http://t.co/t8XBy7EP7Z
398,desnucao,2015-01-21 09:09:48+00:00,1,Twitter Web Client,Help make it happen for Help SCI - Stem Cells And Epidural Stimulator on @indiegogo http://t.co/n2bW7otKEX
399,desnucao,2015-01-20 23:28:13+00:00,0,Twitter Web Client,Help out! Give to SCI - Stem Cells And Epidural Stimulator http://t.co/bR9Gs4U6HU . Raise funds on #indiegogolife
400,Ass_lic,2015-01-20 23:14:24+00:00,0,Twitter Web Client,Help out! Give to SCI - Stem Cells And Epidural Stimulator http://t.co/Yda8xs6YJy. Raise funds on #indiegogolife
401,Ass_lic,2015-01-20 23:11:25+00:00,0,Twitter Web Client,Help out! Give to SCI - Stem Cells And Epidural Stimulator http://t.co/r3pykwrTdC . Raise funds on #indiegogolife
402,nhasgdstd5sfd5,2015-01-20 23:08:02+00:00,0,Mobile Web,Help out! Give to SCI - Stem Cells And Epidural Stimulator http://t.co/YsBFX2ogSx . Raise funds on #indiegogolife
403,nhagdstrsdsf661,2015-01-20 23:06:58+00:00,0,Mobile Web,Help out! Give to SCI - Stem Cells And Epidural Stimulator http://t.co/wKXJZdlglv . Raise funds on #indiegogolife
404,nhasgdstd5sfd5,2015-01-20 23:03:57+00:00,0,Mobile Web,Help out! Give to SCI - Stem Cells And Epidural Stimulator http://t.co/ZKQ1X99ahj. Raise funds on #indiegogolife
405,nhagstds5s4r3,2015-01-20 22:58:21+00:00,0,Mobile Web,Help out! Give to SCI - Stem Cells And Epidural Stimulator http://t.co/4hosCh9igi. Raise funds on #indiegogolife
406,nhagstds5s4r3,2015-01-20 22:49:49+00:00,0,Mobile Web,Help out! Give to SCI - Stem Cells And Epidural Stimulator http://t.co/mqQI2t4O5D . Raise funds on #indiegogolife
407,nhasgdtsr5tr,2015-01-20 22:35:56+00:00,0,Mobile Web,Help out! Give to SCI - Stem Cells And Epidural Stimulator http://t.co/yHm1x1FAH8. Raise funds on #indiegogolife
408,nhasgdtsr5tr,2015-01-20 22:33:34+00:00,0,Mobile Web,Help out! Give to SCI - Stem Cells And Epidural Stimulator http://t.co/tRrgo7Jov3 . Raise funds on #indiegogolife
409,trasshdgs65r5,2015-01-20 22:31:31+00:00,0,Mobile Web,Help out! Give to SCI - Stem Cells And Epidural Stimulator http://t.co/6BsilWgljo . Raise funds on #indiegogolife
410,nhagdstrsdsf661,2015-01-20 22:29:17+00:00,0,Mobile Web,Help out! Give to SCI - Stem Cells And Epidural Stimulator http://t.co/uMP9l6vlpF. Raise funds on #indiegogolife
411,hiasnthsy65t6,2015-01-20 21:42:29+00:00,0,Mobile Web,Help out! Give to SCI - Stem Cells And Epidural Stimulator http://t.co/EDPwKc4uVo. Raise funds on #indiegogolife
412,hiasnthsy65t6,2015-01-20 21:36:10+00:00,0,Mobile Web,Help out! Give to SCI - Stem Cells And Epidural Stimulator http://t.co/RZTSfkiQDw . Raise funds on #indiegogolife
413,trasshdgs65r5,2015-01-20 20:45:20+00:00,0,Mobile Web,Help out! Give to SCI - Stem Cells And Epidural Stimulator http://t.co/V30p2EEMhO. Raise funds on #indiegogolife
414,frfgtg43,2015-01-20 20:32:23+00:00,0,Mobile Web,Help out! Give to SCI - Stem Cells And Epidural Stimulator http://t.co/qXZzhlbIgm. Raise funds on #indiegogolife
415,babajbd,2015-01-20 19:19:59+00:00,0,Twitter Web Client,Help out! Give to SCI - Stem Cells And Epidural Stimulator http://t.co/zn7aHz7z4I . Raise funds on #indiegogolife
416,babajbd,2015-01-20 19:15:56+00:00,0,Twitter Web Client,Help out! Give to SCI - Stem Cells And Epidural Stimulator http://t.co/OD5dt15rkA. Raise funds on #indiegogolife
417,frfgtg43,2015-01-20 18:38:56+00:00,0,Mobile Web,Help out! Give to SCI - Stem Cells And Epidural Stimulator http://t.co/JZ8RBi0QNn . Raise funds on #indiegogolife
418,Seantea8Sean,2015-01-20 17:29:21+00:00,0,Twitter Web Client,Help out! Give to SCI - Stem Cells And Epidural Stimulator http://t.co/3OD3HJ7cDR. Raise funds on #indiegogolife
419,Seantea8Sean,2015-01-20 17:28:22+00:00,0,Twitter Web Client,Help out! Give to SCI - Stem Cells And Epidural Stimulator http://t.co/cc9FxXJ85U . Raise funds on #indiegogolife
420,nhatrsfdrsrrs54,2015-01-20 16:57:12+00:00,0,Mobile Web,Help out! Give to SCI - Stem Cells And Epidural Stimulator http://t.co/fArJQQvmSC. Raise funds on #indiegogolife
421,tranhstdsrd54r5,2015-01-20 15:58:18+00:00,0,Mobile Web,Help out! Give to SCI - Stem Cells And Epidural Stimulator http://t.co/x9VRlafxuH . Raise funds on #indiegogolife
422,tranhstdsrd54r5,2015-01-20 15:03:06+00:00,0,Mobile Web,Help out! Give to SCI - Stem Cells And Epidural Stimulator http://t.co/g4p8GpirjR. Raise funds on #indiegogolife
423,xzsdxixsarew,2015-01-20 14:12:02+00:00,0,Mobile Web,Help out! Give to SCI - Stem Cells And Epidural Stimulator http://t.co/xcmvrcdpgs . Raise funds on #indiegogolife
424,xzsdxixsarew,2015-01-20 13:26:15+00:00,0,Mobile Web,Help out! Give to SCI - Stem Cells And Epidural Stimulator http://t.co/mS5BSl37QB. Raise funds on #indiegogolife
425,rewreu8eesdfg,2015-01-20 13:21:35+00:00,0,Mobile Web,Help out! Give to SCI - Stem Cells And Epidural Stimulator http://t.co/peGEZWD92P . Raise funds on #indiegogolife
426,rewreu8eesdfg,2015-01-20 11:58:05+00:00,0,Mobile Web,Help out! Give to SCI - Stem Cells And Epidural Stimulator http://t.co/3OapcioKja. Raise funds on #indiegogolife
427,trasndhsgdtdte1,2015-01-20 11:42:30+00:00,0,Mobile Web,Help out! Give to SCI - Stem Cells And Epidural Stimulator http://t.co/wCfLZcdcIz. Raise funds on #indiegogolife
428,trasndhsgdtdte1,2015-01-20 11:37:35+00:00,0,Mobile Web,Help out! Give to SCI - Stem Cells And Epidural Stimulator http://t.co/6mqGm6PiIO . Raise funds on #indiegogolife
429,bembo91,2015-01-20 11:07:14+00:00,0,Twitter Web Client,Help out! Give to SCI - Stem Cells And Epidural Stimulator http://t.co/27RHVKP7zV. Raise funds on #indiegogolife
430,ghfuysssdas2e,2015-01-20 11:01:24+00:00,0,Mobile Web,Help out! Give to SCI - Stem Cells And Epidural Stimulator http://t.co/lCWuqRo1Yn . Raise funds on #indiegogolife
431,bembo91,2015-01-20 10:53:46+00:00,0,Twitter Web Client,Help out! Give to SCI - Stem Cells And Epidural Stimulator http://t.co/ycLO3BKy9Z . Raise funds on #indiegogolife
432,ghfuysssdas2e,2015-01-20 10:48:48+00:00,0,Mobile Web,Help out! Give to SCI - Stem Cells And Epidural Stimulator http://t.co/srloRwjLbF. Raise funds on #indiegogolife
433,daklsayangjdsaj,2015-01-20 08:31:46+00:00,0,Twitter Web Client,Help out! Give to SCI - Stem Cells And Epidural Stimulator http://t.co/ckQwWeHvWa . Raise funds on #indiegogolife
434,daklsayangjdsaj,2015-01-20 08:20:03+00:00,0,Twitter Web Client,Help out! Give to SCI - Stem Cells And Epidural Stimulator http://t.co/5AULucKZbe. Raise funds on #indiegogolife
435,NeazNihad,2015-01-20 07:22:53+00:00,0,Twitter Web Client,Help out! Give to SCI - Stem Cells And Epidural Stimulator http://t.co/C0wgc5Ja2N. Raise funds on #indiegogolife
436,NeazNihad,2015-01-20 07:22:23+00:00,0,Twitter Web Client,Help out! Give to SCI - Stem Cells And Epidural Stimulator http://t.co/918T9Oh88W . Raise funds on #indiegogolife
437,LiveStar76,2015-01-20 05:58:00+00:00,0,Twitter Web Client,Help out! Give to SCI - Stem Cells And Epidural Stimulator http://t.co/YbSvha0VfN. Raise funds on #indiegogolife
438,LiveStar76,2015-01-20 05:50:53+00:00,0,Twitter Web Client,Help out! Give to SCI - Stem Cells And Epidural Stimulator http://t.co/ZYpd4YLBEY . Raise funds on #indiegogolife
439,Grapheet,2015-01-19 23:37:53+00:00,0,Twitter Web Client,Help out! Give to SCI - Stem Cells And Epidural Stimulator http://t.co/rq5OLYsKmx . Raise funds on #indiegogolife
440,Grapheet,2015-01-19 22:59:30+00:00,0,Twitter Web Client,Help out! Give to SCI - Stem Cells And Epidural Stimulator http://t.co/QZWq5lqjpl. Raise funds on #indiegogolife
441,jessiemaloney,2015-01-19 21:37:45+00:00,0,Facebook,SCI - Stem Cells And Epidural Stimulator http://t.co/OSNYNkO6pO
442,jessiemaloney,2015-01-19 20:43:13+00:00,0,Facebook,SCI - Stem Cells And Epidural Stimulator http://t.co/KjONJ7FECn
443,manu_spears,2015-01-19 19:22:14+00:00,0,Twitter Web Client,Help out! Give to SCI - Stem Cells And Epidural Stimulator http://t.co/MWH6CVfpj5 . Raise funds on #indiegogolife
444,braumone,2015-01-19 19:13:28+00:00,0,Twitter Web Client,Help out! Give to SCI - Stem Cells And Epidural Stimulator http://t.co/PKtDHB8V8j. Raise funds on #indiegogolife
445,allordun,2015-01-19 18:44:01+00:00,0,Twitter Web Client,Help out! Give to SCI - Stem Cells And Epidural Stimulator http://t.co/AHxs45ftNz. Raise funds on #indiegogolife
446,allordun,2015-01-19 18:43:17+00:00,0,Twitter Web Client,Help out! Give to SCI - Stem Cells And Epidural Stimulator http://t.co/d5VztozUIx . Raise funds on #indiegogolife
447,victorjanett,2015-01-19 18:13:09+00:00,0,Twitter Web Client,Help out! Give to SCI - Stem Cells And Epidural Stimulator http://t.co/fCNrNhmzpV. Raise funds on #indiegogolife
448,pedroperes002,2015-01-19 15:51:49+00:00,0,Twitter Web Client,Help out! Give to SCI - Stem Cells And Epidural Stimulator http://t.co/EjQgbux2dP . Raise funds on #indiegogolife
449,pedroperes002,2015-01-19 15:50:02+00:00,0,Twitter Web Client,Help out! Give to SCI - Stem Cells And Epidural Stimulator http://t.co/VQdM2ziCI7. Raise funds on #indiegogolife
450,marioverdi831,2015-01-19 15:22:52+00:00,0,Twitter Web Client,Help out! Give to SCI - Stem Cells And Epidural Stimulator http://t.co/3QXzKZS1ud . Raise funds on #indiegogolife
451,braumone,2015-01-19 15:17:07+00:00,0,Twitter Web Client,Help out! Give to SCI - Stem Cells And Epidural Stimulator http://t.co/CgT0DKP1MA . Raise funds on #indiegogolife
452,marioverdi831,2015-01-19 15:15:38+00:00,0,Twitter Web Client,Help out! Give to SCI - Stem Cells And Epidural Stimulator http://t.co/gVj30oU1qK. Raise funds on #indiegogolife
453,braumone,2015-01-19 15:09:30+00:00,0,Twitter Web Client,Help out! Give to SCI - Stem Cells And Epidural Stimulator http://t.co/PKtDHB8V8j. Raise funds on #indiegogolife
454,bishop__x26,2015-01-19 14:56:37+00:00,0,Twitter Web Client,Help out! Give to SCI - Stem Cells And Epidural Stimulator http://t.co/O35CAE2QVM. Raise funds on #indiegogolife
455,bishop__x26,2015-01-19 14:55:37+00:00,0,Twitter Web Client,Help out! Give to SCI - Stem Cells And Epidural Stimulator http://t.co/QSSYD8IjIJ . Raise funds on #indiegogolife
456,weynruniy,2015-01-19 12:04:03+00:00,1,Twitter Web Client,Help out! Give to SCI - Stem Cells And Epidural Stimulator http://t.co/crUSqckmTw . Raise funds on #indiegogolife
457,weynruniy,2015-01-19 12:03:22+00:00,1,Twitter Web Client,Help out! Give to SCI - Stem Cells And Epidural Stimulator http://t.co/C9qwYuhbLR. Raise funds on #indiegogolife
458,Marcopalla999,2015-01-19 11:59:15+00:00,0,Twitter Web Client,Help out! Give to SCI - Stem Cells And Epidural Stimulator http://t.co/ojhFDts3Yb . Raise funds on #indiegogolife
459,Marcopalla999,2015-01-19 11:58:54+00:00,0,Twitter Web Client,Help out! Give to SCI - Stem Cells And Epidural Stimulator http://t.co/HY0VcyYFWH. Raise funds on #indiegogolife
460,siska_bawel76,2015-01-19 10:25:40+00:00,0,Twitter Web Client,Help out! Give to SCI - Stem Cells And Epidural Stimulator http://t.co/NbrSoltl5B. Raise funds on #indiegogolife
461,nhgaisbsgdkiem1,2015-01-19 09:16:18+00:00,0,Mobile Web,Help out! Give to SCI - Stem Cells And Epidural Stimulator http://t.co/jECKXJlUBj. Raise funds on #indiegogolife
462,nhgaisbsgdkiem1,2015-01-19 08:47:51+00:00,0,Mobile Web,Help out! Give to SCI - Stem Cells And Epidural Stimulator http://t.co/4q3fGrtjq7 . Raise funds on #indiegogolife
463,thasnishsbueeb1,2015-01-19 08:33:14+00:00,0,Mobile Web,Help out! Give to SCI - Stem Cells And Epidural Stimulator http://t.co/wYI0v3cvuk . Raise funds on #indiegogolife
464,thasnishsbueeb1,2015-01-19 08:20:45+00:00,0,Mobile Web,Help out! Give to SCI - Stem Cells And Epidural Stimulator http://t.co/u2oNXqgj9c. Raise funds on #indiegogolife
465,TomRainser,2015-01-19 07:29:05+00:00,0,Mobile Web,Help out! Give to SCI - Stem Cells And Epidural Stimulator http://t.co/9A9ix2gfIF . Raise funds on #indiegogolife
466,John_Curtus,2015-01-19 07:27:41+00:00,0,Mobile Web,Help out! Give to SCI - Stem Cells And Epidural Stimulator http://t.co/nJd3prUhJL . Raise funds on #indiegogolife
467,TomRainser,2015-01-19 07:24:00+00:00,0,Mobile Web,Help out! Give to SCI - Stem Cells And Epidural Stimulator http://t.co/BDjgLBdDUW. Raise funds on #indiegogolife
468,John_Curtus,2015-01-19 07:21:22+00:00,0,Mobile Web,Help out! Give to SCI - Stem Cells And Epidural Stimulator http://t.co/MSgMbcE2Hp. Raise funds on #indiegogolife
469,SchoiriyahS,2015-01-19 07:11:20+00:00,0,Twitter Web Client,Help out! Give to SCI - Stem Cells And Epidural Stimulator http://t.co/gwC3I2euZg . Raise funds on #indiegogolife
470,sarizatun,2015-01-19 06:34:13+00:00,0,Twitter Web Client,Help out! Give to SCI - Stem Cells And Epidural Stimulator http://t.co/NHZpEHYydX. Raise funds on #indiegogolife
471,thsiennamdthfu1,2015-01-19 06:19:47+00:00,0,Mobile Web,Help out! Give to SCI - Stem Cells And Epidural Stimulator http://t.co/SOZ5eadmGc . Raise funds on #indiegogolife
472,duoalahamzahdij,2015-01-19 06:17:15+00:00,0,Twitter Web Client,Help out! Give to SCI - Stem Cells And Epidural Stimulator http://t.co/58geJjH4tL . Raise funds on #indiegogolife
473,hhusyydstfdsfe,2015-01-19 06:16:50+00:00,0,Mobile Web,Help out! Give to SCI - Stem Cells And Epidural Stimulator http://t.co/WDcjKoRa96 . Raise funds on #indiegogolife
474,safwansofi516,2015-01-19 06:16:12+00:00,0,Twitter Web Client,Help out! Give to SCI - Stem Cells And Epidural Stimulator http://t.co/RWm2aMBb2L . Raise funds on #indiegogolife
475,noormarinam_roi,2015-01-19 06:13:03+00:00,0,Twitter Web Client,Help out! Give to SCI - Stem Cells And Epidural Stimulator http://t.co/tMdpNH7AIu . Raise funds on #indiegogolife
476,sarizatun,2015-01-19 06:13:02+00:00,0,Twitter Web Client,Help out! Give to SCI - Stem Cells And Epidural Stimulator http://t.co/XePH9f36JJ . Raise funds on #indiegogolife
477,nhasgdstds55dr,2015-01-19 06:11:47+00:00,0,Mobile Web,Help out! Give to SCI - Stem Cells And Epidural Stimulator http://t.co/lEJVgeBJfR . Raise funds on #indiegogolife
478,giansgdhsdgt651,2015-01-19 06:10:55+00:00,0,Mobile Web,Help out! Give to SCI - Stem Cells And Epidural Stimulator http://t.co/W2MlFCjvku . Raise funds on #indiegogolife
479,duoalahamzahdij,2015-01-19 05:46:26+00:00,0,Twitter Web Client,Help out! Give to SCI - Stem Cells And Epidural Stimulator http://t.co/1MJvAaNkJI. Raise funds on #indiegogolife
480,giansgdhsdgt651,2015-01-19 05:46:18+00:00,0,Mobile Web,Help out! Give to SCI - Stem Cells And Epidural Stimulator http://t.co/cnBs5FPHMv. Raise funds on #indiegogolife
481,nhasgdstds55dr,2015-01-19 05:39:39+00:00,0,Mobile Web,Help out! Give to SCI - Stem Cells And Epidural Stimulator http://t.co/km02psIugA. Raise funds on #indiegogolife
482,safwansofi516,2015-01-19 05:38:00+00:00,0,Twitter Web Client,Help out! Give to SCI - Stem Cells And Epidural Stimulator http://t.co/vavcQ3YhvW. Raise funds on #indiegogolife
483,hhusyydstfdsfe,2015-01-19 05:35:13+00:00,0,Mobile Web,Help out! Give to SCI - Stem Cells And Epidural Stimulator http://t.co/3NWblTLqaw. Raise funds on #indiegogolife
484,SchoiriyahS,2015-01-19 05:31:30+00:00,0,Twitter Web Client,Help out! Give to SCI - Stem Cells And Epidural Stimulator http://t.co/eYW0esf9lI. Raise funds on #indiegogolife
485,noormarinam_roi,2015-01-19 05:30:04+00:00,0,Twitter Web Client,Help out! Give to SCI - Stem Cells And Epidural Stimulator http://t.co/XfW42naJcw. Raise funds on #indiegogolife
486,gavinqzwr,2015-01-19 05:26:41+00:00,0,Twitter Web Client,Help out! Give to SCI - Stem Cells And Epidural Stimulator http://t.co/9Nu3qRSp8L. Raise funds on #indiegogolife
487,SCIFYIUSA,2015-01-06 18:41:03+00:00,1,Twitter Web Client,"@NRT_inc @ReggieEdgerton. Another man at Univ of Louisville, #5, implanted with epidural stimulator regains function. http://t.co/hOeqBuyTkz"
488,SCIFYIUSA,2015-01-06 03:11:40+00:00,0,Twitter Web Client,@NRT_inc The epidural stimulator technology behind the Big Idea. https://t.co/8s0KdxNFwf
