,0,1,2,3,4
0,haematologic,2016-11-11 00:09:38+00:00,0,Twitter for Android,Incredible intracortical microelectrode/epidural stimulator as brain–spine interface for gait deficit in cord injury https://t.co/RQvOnFC3WS
1,MonashCR,2016-10-06 23:10:27+00:00,0,Facebook,"Pain TV &gt; Video Categories… 
- Low Back Pain TV 
- Spinal Cord Stimulator Implants 
- Epidural injections 
- Disc... https://t.co/1T8tr3vUtt"
2,lifeinpain,2016-07-16 12:39:57+00:00,0,twitterfeed,"Comment on Ever Have A Bad Epidural? by L. Hill: I had the permanent spinal cord stimulator, that you are tal... https://t.co/hNLmfvEzKU"
3,NGHJournalClub,2016-05-03 10:03:28+00:00,0,Twitter for iPad,"Spinal anaesthetics considered ok, epidural avoided if got a spinal column stimulator. #RCoACPD"
4,TamaraMena1,2016-03-26 04:24:39+00:00,0,Facebook,@DustinShillcox #standsup with the power of the #epiduralstimulator!! He was one of the first 4 participants of a... https://t.co/JCcJ4Xg0s3
5,Rollinwrench,2016-02-22 06:21:54+00:00,0,Twitter for Android,"@SCIbreakthrough I have a D.C.S. already, can I still get the epidural stimulator also or will there be an interference issue?"
