,0,1,2,3,4
0,PreMedGirl,2017-12-11 16:34:45+00:00,0,Twitter for iPhone,"Having an epidural to reduce some inflammation post spinal cord stimulator implant on 11/22. Still too much inflammation. 

Any reason that would be a bad idea? #updates #MyJourney #eds #heds #EhlersDanlos"
1,masonx54,2017-12-11 14:25:20+00:00,0,Twitter for iPhone,I’m glad to hear that the @ReeveFoundation has “the official green light from the FDA to start #TheBigIdea study and enroll participants.” #EpiduralStimulator #SpinalCordInjury
2,DSFoundation14,2017-11-23 00:58:12+00:00,0,Google,How Dustin's Stands with the epidural stimulator by Dustin Shillcox: https://t.co/6jJmPiux3O via @YouTube
3,soberjen316,2017-11-17 07:18:01+00:00,0,Twitter for iPhone,@surelybutslowly Umm I do as well. He guided lead wires and up the epidural wall. one bad move it would be dangerous. I’m optimist and he is an amazing surgeon.  This Stimulator has been a huge pain. I’m ready for them to take it out
4,ChristalPowell,2017-11-15 20:10:22+00:00,3,Jetpack.com,Partnership Hopes to Bring Breakthrough Epidural Stimulator Technologies to Millions https://t.co/zyzb2A5HDt
5,Peccavi_ultum,2017-11-12 22:28:28+00:00,0,Twitter for Android,"@headachedoc Wait....Epidural Steroid Injections are being used by PM Docs everywhere,  despite NOT being FDA approved,  and giving many of us Arachnoiditis ....also, there are the Spinal Cord Stimulator which, like the ESIs, have an abysmally low success rate...what both have in common is $$"
6,Tburd02865179,2017-10-26 18:29:59+00:00,1,Twitter for iPad,"@ThomasKlineMD CDC recommends excersize, etc. I've tried it, PT, other meds, epidural steroid injs-nerve blocks, multiple surgeries, spinal cord stimulator"
7,Tburd02865179,2017-10-26 17:59:56+00:00,0,Twitter for iPad,"@MartinHeinrich I've been thru hell for decades trying PT, other meds, epidural steroid injections, nerve blocks, multiple surgeries, spinal cord stimulator"
8,Tburd02865179,2017-10-26 17:15:57+00:00,0,Twitter for iPad,"@RickSchaler I've tries other meds, PT, steroid epidural injections, nerve blocks, acupuncture, multiple surgeries, spinal cord stimulator. Never abused"
9,Peccavi_ultum,2017-10-14 01:55:26+00:00,6,Twitter for Android,"@bitterexdroid @creoleking63 @Rbeals1976 @justaborb @stevecripe57 @HollyKai2 @shelley_bean60 @ThomasKlineMD @SkyeWolfie @CPPatientsWar @Mary86802059 @JamieLRich10 @TrumperPaul @a6a250e936ac4c7 @RobertDRoseJr1 @spoonierebel @crhonicpain @ModerateInTx @AnnaSage9 @DrMargareAranda @doodlebugmom @TheRebelPatient @DawsonInga @qiessence_g @StaceyF62 @Rosavecchia @WeAreUnited22 @PainPtFightBack @MarilynKennedy2 @ChuckGore2 @marykayconsult3 @KimmeeKMiller @davidbecker19 @FiveOhFour @SpoonieRoomies @KirbyLana @tensharp66 @SuicideDue2Pain @CLindberghGore @RawTalkPain @neuro_pain @CarlynZwaren @StefanKertesz @lawhern1 @PainWarriorUSA @jiggaz31 @andreas_wisst @omasoncharles @DHSgov @OIGatHHS I had 3 Epidural Steroid Injections, too !! THAT'S how I got ARACHNOIDITIS !!  Then a Spinal Cord Stimulator what I was told I had to get !"
10,bestalentscout,2017-08-26 13:39:26+00:00,0,Twitter Web Client,https://t.co/ONJxVzPMRg (epidural stimulator) and omental transposition might help you to walk
11,niteyeti,2017-06-13 09:11:38+00:00,1,Twitter for iPhone,"@Cezmas1 Have had three ops, an epidural, a £900 root nerve block injection, phsyio, acupuncture, painkillers (every type), spinal cord stimulator..."
12,Rae_belk,2017-05-02 21:24:22+00:00,0,Twitter for Android,These epidural injections are the devil. If all goes well with insurance I will be able to get a spinal stimulator and no more injections.
13,MastaOfMp3s,2017-04-20 03:56:54+00:00,0,Twitter Web App,@MissJupiter1957 I just had to minor surgeries both leaving me worse epidural nerve blocks stimulator trial in wrong area of course no increase in meds 😬
14,DianeJo98420908,2017-02-26 16:41:08+00:00,0,Twitter for iPhone,@CCentenoMD. Epidural. Injected in 2 separate spots. No help. They have recommended implant spinal stimulator. Never doing that.
15,woodythemover,2017-01-10 20:01:58+00:00,1,Twitter for iPad,"@Funnybunny56 ouch, I had epidural for my leg, now fitted with a spinal cord stimulator. Pain has spread into my arm now after an accident"
