,0,1,2,3,4
0,LNP_Spine_Neuro,2018-12-21 14:19:00+00:00,2,TweetDeck,A spinal cord stimulator is a device that is surgically implanted under the skin in your spine near the vertebrae with wires leading to the epidural space - Richard Gullan informs us of what you need to know when it comes to SCS! https://t.co/xGBGwMTKEN
1,D2_ISON,2018-12-18 14:00:17+00:00,2,Twitter for Android,"This is in the VERY near future. My son just completed many, many tests at Frazier Rehab in Louisville, KY for an epidural stimulator implant &amp; this plays a part. 
#spinalcordinjury
@BrainGateTeam
@ChristalPowell
@NRT_inc
@neurokinex
 https://t.co/RBIWA1o6XL"
2,BeekMelodious,2018-12-06 20:13:13+00:00,0,Twitter Web App,"Or being forced into experimental non FDA approved spinal steriod epidural shots, spinal cord stimulator, force tapers of opioid meds from stable, functioning pain pts."
3,clifsayshi,2018-12-05 19:39:56+00:00,1,Twitter for Android,"@JackCarrUSA @CedarsSinai @DISCmd Just went through that. Explore all your options. Call me if you want. SERIOUSLY. I'VE HAD 4 surgeries, a stimulator, and about a gazillion facet joint, epidural steroid injections, transforaminal, radiofrequency lesioning. Had it all. You can call me, no joke. DM me."
4,dhoomonyou,2018-11-30 00:44:01+00:00,2,Twitter for iPhone,@ThomasKlineMD @headdock If I’m not mistaken some use of epidural spinal injections are not even FDA approved and spinal stimulator‘s are running a high risk of infection and more permanent pain and spinal damage
5,icewolf610,2018-11-11 09:49:00+00:00,1,Twitter for Android,@APainPrincess I know what you mean. It's why we can't sleep and we're up late on Twitter. I got a couple steroid injections this week and I'm scheduled for a Caudal Epidural in couple weeks. It's helping ease the removal of fentanyl patches from my regular dosage. Stimulator doesn't do it.
6,PainSpecialistN,2018-11-06 00:24:24+00:00,11,LinkedIn,It's all in the #planning - using 3-D image rendering for an upcoming difficult spinal cord stimulator revision. Assessing which are the best epidural access points as close to the target as possible. #chronicpain #painmanagement #neuromodulation #INS2019 https://t.co/mJTXKe0oFU
7,PixMichelle,2018-11-03 18:03:16+00:00,0,Twitter for iPhone,"@IShantBelieveIt @TammieCroft @sorryforthekiss @nhojhpesoj @ThomasS83684637 @SDDNP @Froggyswim76 @RoseWoo15096108 @ellenmay65 @aspiringinvntor @AnnKeenan3434 @SassyMsViolet @jenjavajunky @jendalessio @GOVTWINE @RileyPresident @CunningSq16 @jdd2169 @Black2thBone @AngryandAsian @SarahLies4Trump @activist360 @AllenCMarshall @Augustus709 @AviFlyGirl @AryaResists @AnthonyHopeNYC @AmyCA0214 @ArachnidImagery @An_Omnist @apoliticthot @42Gnome @TheChickLivesOn @Leia_Resists @MaddoxxMe @CtC271 @DrDebraJKenned2 @geekyginge @BeautyAbounds4U @WykydR @gordy_shanks @soverybasic70 @pipsbabe33 @LiberalDemIda @DaddyDaddymac @MoondanceGiving @jesscollie @Twitter @TwitterSupport @TwitterSafety I'm actually in my 40's, and it was all because of a slip and fall on ice. I've had 5 surgeries on my spine (fusion, laminectomy, discectomy), Spinal Cord Stimulator implant, plethora of injections (SI joint, caudal, facet joints, epidural, etc) and nerve ablation multiple times."
8,WHIM4wellness,2018-11-01 12:35:14+00:00,2,Facebook,Exciting news! More evidence that epidural stimulation really is a helping people. Three more men at a clinic in Switzerland are now walking after having a stimulator implanted in their spinal cord! https://t.co/Dhkfic1Eqt
9,SPINALpedia,2018-11-01 00:49:57+00:00,27,Facebook,Exciting news we had to share. More evidence that epidural stimulation really is a huge deal. Three more men at a clinic in Switzerland can now walk after having a stimulator implanted in their spinal cord. https://t.co/TbQWE12Bpd
10,Educated_Change,2018-10-25 10:45:32+00:00,0,IFTTT,RT @LynnThompson01: A Kentucky Spinal Cord Injury Research Center patient with #paralysis saw promising results thanks to epidural stimulator implants combined with intense #PhysicalTherapy. #neurology https://t.co/mOTmLhjDXs
11,LynnThompson01,2018-10-25 10:30:01+00:00,0,LinkedIn,A Kentucky Spinal Cord Injury Research Center patient with #paralysis saw promising results thanks to epidural stimulator implants combined with intense #PhysicalTherapy. #neurology https://t.co/hHHqcPEsop
12,SCIbreakthrough,2018-10-18 10:21:00+00:00,1,Twitter Web Client,"American C4-C5 SCI patient talks about his determination towards improvements after Epidural Stimulation at Unique Access Medical in Thailand.

""It feels like my body is progressing in the right direction and it's healing faster, with the surgery and the stimulator."" - David https://t.co/qmQCYfhvfi"
13,CJ_freethinkr,2018-10-12 23:50:45+00:00,4,Twitter for Android,"@ThomasKlineMD The epidural injections crippled me for 15 yrs, not even able 2 sit, hip surgery, spinal stimulator 2X. Took up to 12 benedryl to be unconscious bc no meds. I was still undx, found the cause of original pain was Lyme disease. Injections are not supposed to give ppl w/infection!"
14,cflesher42,2018-10-02 04:28:30+00:00,0,Twitter for Android,"@AmericaDuped I have a spinal cord stimulator permanently implanted in my back, I have had over 20 epidural steroid injections in my back, o have had 2 major surgeries on my back, I have gone through years of physical therapy and acupuncture. You don't get it until you walk in my shoes."
15,AskaPatient,2018-09-26 12:01:07+00:00,0,Hootsuite Inc.,Epidural stimulator along with daily therapy allows people with complete spinal cord injuries to stand and even walk again. https://t.co/dIZz1SfO1w
16,HFDigest,2018-09-25 18:59:25+00:00,0,Twitter Web Client,"Bionics: An implanted epidural stimulator (16 electrodes) amplified faint signals from the brain that cross the site of a spinal cord injury to enable 4 paraplegic patients to walk again. Exciting, but still very experimental--don't get hopes too high yet. https://t.co/XtEMmLPyvz"
17,JBernardJones,2018-09-25 12:06:36+00:00,0,Facebook,"“These devices, called epidural stimulators, have been used for years to treat chronic pain. When the epidural stimulator is on, it delivers electrical impulses to the lower spine. That stimulation, combined with an intense... https://t.co/B8VcdoWPig"
18,KnowledgeGeek,2018-09-18 19:22:47+00:00,0,Twitter Web App,"@dianamorton17 @stshinn @Shasta77777 the horrid symptoms &amp; now, along with a spinal cord stimulator &amp; epidural steroidal injections, I can manage my pain with cannabis. I believe many could be helped if cannabis were legalized. Those who use cannabis tend to use far less opioid pain meds &amp; some"
19,VOParalysis,2018-09-17 18:31:15+00:00,0,Hootsuite Inc.,"Spinal cord epidural stimulation contributes to sustained improvements in blood pressure regulation, detailed in study published by KSCIRC today in @JAMANeuro. Stefanie puts it best, “Because of the epidural stimulator, I can live my life to the fullest!” https://t.co/k85X3rLy4P"
20,PowellJose,2018-09-11 16:14:13+00:00,0,Twitter for iPhone,"@TweetsbySimone @markpollock @ReeveFoundation @EksoBionics Injury was about 5 years ago, rare complication after heart surgery (dark irony as I’m a cardiologist 🙄). Gets FES to his muscles on a stander &amp; with locomotor training. Dr. Susan Harkema is doing epidural stimulator research at his rehab, I’m familiar with Dr. Edgertons work"
21,SCI_FIT,2018-08-09 16:28:09+00:00,0,Facebook,@lance24h getting some standing hip flexion work in while testing out different programs on his epidural stimulator. #scifit #sci #spinalcordinjury #scitherapy #scirecovery #sciexercise #scirehab https://t.co/FEcBwXWXhw
22,KansasPain,2018-08-02 12:36:25+00:00,1,Twitter Web Client,"Kansas Pain Provides Treatment for Low Back Pain:

Epidural Steroid Injection
Dorsal Root Ganglion (DRG)
RFA 
Spinal Cord Stimulator Implants
Spinal Disc Decompression
Platelet Rich Plasma
Percutaneous Discectomy
Vertebroplasty &amp; Kyphoplasty
Sacroiliac Joint Injections https://t.co/ttL2XJSbLx"
23,AKolostomyBag,2018-08-01 07:57:53+00:00,3,Twitter for Android,"@MD_STAT @NaanDerthaal Yeah, forget that the Epidural Steroid Injections that ""Pain Mgmnt "" Doctors gave me is responsible for my Adhesive Arachnoiditis and after that they insisted I have a Spinal Cord Stimulator implanted, opening me up for MORE Scarring of my nerves......"
24,jennocide,2018-07-26 23:55:42+00:00,0,IFTTT,"Apparently, I have a “low impedance epidural space” which means unless I’m in some bizarre troll position I can’t put the spinal cord stimulator into MRI mode. Who knew?! Nearly shat my daks when I saw this message pop up. All sorted now though 🤦🏻‍♀️… https://t.co/EfRCkLMhFa https://t.co/v7CoEexvG2"
25,bestalentscout,2018-06-22 09:43:29+00:00,0,Twitter Web Client,will.......e-Dura / Bionic Spine / epidural stimulator / omental transposition ......help ?
26,Peccavi_ultum,2018-05-24 14:24:54+00:00,2,Twitter for Android,"@LurkerInTheLoft @dreamr9876 @Deeenst @DanLairdMD I had 3 Epidural Steroid Injections,  also, &amp; that was when I wasn't getting enough medicine to reduce my Pain; that's how I wound up w/Arachnoiditis, then told I'd need a Spinal Cord Stimulator to get my pain under control, which helped SOME, BUT after that STILL too much PAIN !"
27,westr,2018-04-27 19:30:53+00:00,3,Twitter Web Client,"Are #PainManagement Docs now exploiting the #opioid crisis to cajole their patients into #ESI (epidural steroid injection), spinal stimulator, and other invasive treatments using pills as leverage? 

#pain #chronicpain #neuropathicpain #backpain #rheum #hcsm #HippocraticOath"
28,jeanine0307,2018-04-24 11:39:33+00:00,0,Facebook,Nothing like an early morning appt you get an injection in your back... (epidural) 1 step closer to spinal stimulator trials... — at Carolina Pain Physicians https://t.co/sitMUX8yEu
29,NextStepOrl,2018-04-09 16:18:18+00:00,0,Instagram,It’s been 6 weeks since David returned from Thailand after getting his Epidural Stimulator! In… https://t.co/4HggKTAr9R
30,AKolostomyBag,2018-03-16 04:59:59+00:00,2,Twitter for Android,"@Shasta77777 @AuntTritsy @Jmkilingnyc @shelley_bean60 @FirstWillisCrew @DrNickels @RogueWolf2001 @BlogLiberally @VanWagoner @process_x @CarolynColson @HyperBerean @JohnLibert3 @BurnsieMN @jenrauls @RobertDRoseJr1 @tanglednwire @DavidWCole1 @NicoleInPain @WeAreUnited22 @ThomasKlineMD @EndLiberalism @Wanita1 @LelenaPeacock @Mary86802059 @Deeenst @Peccavi_ultum @Skywtchr @ManyStarrs @PainPtFightBack @TrumperPaul @TinkieBelles @cshel0607 @djwilliams35 @phoenxrisin2 @Rosavecchia @Made_In_Japan76 @rlamartini @AVestige1 @USMC6591 @djsjrb @Rbeals1976 @ravensspirit68 @browndotflop @Lauri_USA @travdet @UnreadDatum @donkos @brent_kellogg @MornMoor Yeah, 3 Epidural Steroid Injections later and, LO &amp; BEHOLD, I HAVE ARACHNOIDITIS !! Then MORE Gabapentin, Lyrica, etc., then ""you need a Spinal Cord Stimulator !!"", which helped some but not enough, &amp; ultimately that Doc STILL didn't get Pain under control !! I was ""difficult""?"
31,SPINALpedia,2018-03-13 20:30:10+00:00,2,Facebook,"Kathy Allen, a paraplegic in the E-STAND epidural stimulator trial at Hennepin County Medical Center in... https://t.co/RPG7MvBI8F"
32,DrAaronPhillips,2018-03-11 00:44:40+00:00,7,Twitter for iPhone,"And I should mention, this is the first woman in the world to be implanted with an epidural stimulator to restore motor function after spinal cord injury #InternationalWomensDay #genderequity"
33,InsightsSpine,2018-03-09 14:58:49+00:00,0,Zapier.com,Epidural Abscess During a Spinal Cord Stimulator Trial: A Case Report.  https://t.co/BBnizUpS1W
34,MedicalMeridian,2018-03-06 16:54:12+00:00,0,Instagram,"Tired of back pain? 
Dr Ben Krepps offers spinal cord stimulator insertion and epidural steroid… https://t.co/4XIl549BGH"
35,ibshospital,2018-02-14 12:06:17+00:00,2,Twitter Web Client,"In Epidural Stimulation, an electric current is provided to the specific parts of our body. When the stimulator is turned on, paralyzed people are able to move their legs. It also needs the help of extensive training. For More information, contact us at 7677767748

#IBSHospitals https://t.co/j1ZRAMx4rR"
36,Peccavi_ultum,2018-01-08 04:22:05+00:00,8,Twitter for Android,"@CampHemlock @ColsonCarolyn @RobertDRoseJr1 @Skywtchr @Wanita1 @USMC6591 @ThomasKlineMD @djsjrb @Rosavecchia @Mary86802059 @process_x @LelenaPeacock @cshel0607 @PetsRBetterPpl @Rbeals1976 @ravensspirit68 @browndotflop @Lauri_USA @AuntTritsy @Made_In_Japan76 @travdet @UnreadDatum @shelley_bean60 @donkos @brent_kellogg @MornMoor @BlogLiberally @rlamartini @musicalheretic @LadyNazh @RandiPoch @DQ_GSD @DeeEnst @phoenxrisin2 @djwilliams35 @DanLairdMD @invisiblegirl99 @FiveOhFour @beachnut826 @WeAreUnited22 @jamie5577jamie @4everTachyon @MarilynKennedy2 @spoonierebel @TrumperPaul @PainPtFightBack @davidbecker19 @darkcola2 @ZacharyJensen78 @SuicideDue2Pain I had 3 Epidural Steroid Injections for Post Spinal Surgery pain (because no one wanted to Rx opiods). result was Arachnoiditis which is worse, never ending, incurable Pain, &amp; THEN to get relief for the Pain from Arachnoiditis, I was told I needed a Spinal Cord Stimulator ..1/?.."
