,0,1,2,3,4
0,dhillstrong1,2019-12-10 23:21:28+00:00,8,Twitter Web App,I was able to pull myself forward without having to use my epidural stimulator https://t.co/KckYHVYtEI
1,eperlste,2019-12-10 01:25:14+00:00,30,Twitter for iPhone,An honor and a pleasure to meet the first person living with SCI implanted with an epidural stimulator. Thanks Rob and Julie for a wonderful evening of brainstorming. Stronger together! https://t.co/plDLoWgfy7
2,660news,2019-12-09 20:19:02+00:00,0,Salesforce - Social Studio,"The 20-year-old, who is paralyzed from the chest down, had an epidural stimulator implanted in his spine while he was in Bangkok. A week later, doctors also injected stem cells above and below his spinal injury to try to reverse some of the damage. https://t.co/JXS23Bs13b"
3,CityNewsYEG,2019-12-09 17:51:01+00:00,0,Salesforce - Social Studio,"The 20-year-old, who is paralyzed from the chest down, had an epidural stimulator implanted in his spine while he was in Bangkok. A week later, doctors also injected stem cells above and below his spinal injury to try to reverse some of the damage. https://t.co/fp4a0n27D2"
4,CityNewsWPG,2019-12-09 16:33:19+00:00,1,Salesforce - Social Studio,"The 20-year-old, who is paralyzed from the chest down, had an epidural stimulator implanted in his spine while he was in Bangkok. A week later, doctors also injected stem cells above and below his spinal injury to try to reverse some of the damage. https://t.co/16vgp1HocK"
5,CityNewsMTL,2019-12-09 15:56:33+00:00,2,Salesforce - Social Studio,"The 20-year-old, who is paralyzed from the chest down, had an epidural stimulator implanted in his spine while he was in Bangkok. A week later, doctors also injected stem cells above and below his spinal injury to try to reverse some of the damage. https://t.co/piG5cxDK3I"
6,660news,2019-12-02 19:57:02+00:00,0,Salesforce - Social Studio,Doctors implanted an epidural stimulator in Ryan Straschnitzki’s spine and one week later injected stem cells above and below the injury to try to reverse some of the damage. https://t.co/kw6lzgcGsQ
7,news1130,2019-12-02 19:32:03+00:00,11,Salesforce - Social Studio,Doctors implanted an epidural stimulator in Ryan Straschnitzki’s spine and one week later injected stem cells above and below the injury to try to reverse some of the damage. https://t.co/tpMAfGurgh
8,CityNewsYEG,2019-12-02 19:08:03+00:00,0,Salesforce - Social Studio,Doctors implanted an epidural stimulator in Ryan Straschnitzki’s spine and one week later injected stem cells above and below the injury to try to reverse some of the damage. https://t.co/cUr0Q5omsU
9,CityNewsMTL,2019-12-02 18:51:02+00:00,0,Salesforce - Social Studio,Doctors implanted an epidural stimulator in Ryan Straschnitzki’s spine and one week later injected stem cells above and below the injury to try to reverse some of the damage. https://t.co/Zf3t8lpSuq
10,CityNewsWPG,2019-12-02 18:26:02+00:00,0,Salesforce - Social Studio,Doctors implanted an epidural stimulator in Ryan Straschnitzki’s spine and one week later injected stem cells above and below the injury to try to reverse some of the damage. https://t.co/BK5HF453SS
11,CityNewsOttawa,2019-11-22 12:28:34+00:00,2,TweetDeck,Doctors implanted an epidural stimulator in Ryan Straschnitzki's spine earlier this month. https://t.co/xOO9XiCR9n
12,CityNewsYEG,2019-11-21 23:13:02+00:00,0,Salesforce - Social Studio,"The former Humboldt Broncos player flew to Thailand for the operation earlier this month, which placed an epidural stimulator implant that sends electrical currents to move his limbs. https://t.co/PzqaPh7HMh"
13,CityNewsMTL,2019-11-21 22:53:02+00:00,0,Salesforce - Social Studio,"The former Humboldt Broncos player flew to Thailand for the operation earlier this month, which placed an epidural stimulator implant that sends electrical currents to move his limbs. https://t.co/CPVgTnMeru"
14,CityNewsWPG,2019-11-21 22:30:32+00:00,0,Salesforce - Social Studio,"The former Humboldt Broncos player flew to Thailand for the operation earlier this month, which placed an epidural stimulator implant that sends electrical currents to move his limbs. https://t.co/5SRRwGrCjn"
15,lrwsweeney,2019-11-12 00:37:41+00:00,0,Twitter Web App,"Ryan Straschnitzki, former Humboldt Bronco hockey player paralyzed from the chest down in bus crash, has moved his legs, after an epidural stimulator was implanted in Thailand. Video of Ryan moving his legs.
 #StrazStrong #HumboldtStrong 
https://t.co/bKb5GVWbFH"
16,ehletstalk,2019-11-09 14:36:25+00:00,0,ContentStudio.io,"On Monday, doctors in Thailand implanted an epidural stimulator in Straschnitzki's spine in the hope that it could restore some movement in his legs. https://t.co/U50CHl2F8g #fashion #fun #Toronto #the6ix"
17,Brink_Thinker,2019-11-09 12:34:11+00:00,92,Twitter for Android,"Ryan paralyzed in a bus crash last year moves his own legs for the first time after doctors implanted an epidural stimulator in his spine. 

It is a miracle!
https://t.co/BnwKjfsNrh"
18,GinoHard_,2019-11-07 00:07:59+00:00,15585,Twitter for iPhone,"After doctors in Thailand implanted an epidural stimulator in his spine, Ryan Straschnitzki was able to move his own legs for the first time since the Humboldt Broncos bus crash 🙌 https://t.co/ooBa77UmhZ"
19,hockeynight,2019-11-06 22:49:16+00:00,1576,Buffer,"Doctors in Thailand implanted an epidural stimulator in Ryan Straschnitzki's spine in the hope that it could restore some movement in his legs.
https://t.co/h6sXdNkrDZ"
20,HumboldtJournal,2019-10-28 17:22:46+00:00,45,Facebook,"Ryan Straschnitzki is going to Thailand later this week to have a epidural stimulator implanted in his spine, which could hopefully restore some of his functions. https://t.co/a8AL73vXgF"
21,DrMaxBoakye,2019-10-24 23:25:37+00:00,1,Twitter Web Client,Our protocol for safe neuromodulation in spinal cord injury: Root cause analysis of epidural spinal cord stimulator implant infections with resolution after implementation of an improved protocol for surgical... - PubMed - NCBI https://t.co/ykasFcrUdd
22,NOWFindRelief,2019-10-22 22:35:04+00:00,0,gotcha!Stream,Thoracic Epidural Abscess with Cord Compression Following a High-Frequency Spinal Cord Stimulator Tr #painmanagement https://t.co/q1y3yrMe4Y
23,MayoClinicINFD,2019-10-12 22:53:24+00:00,11,Sprinklr,"Highlighting ID Fellow Research 

Approach to Spinal Cord Stimulator Infections

Dx delay —&gt;  meningitis, epidural abscess, vertebral osteomyelitis

Superficial infection —&gt; antibiotic therapy alone. Deep infection —&gt; device removal.

@RizwanSohailMD 

 https://t.co/HMftnT0BGa"
24,LeeDragonlady,2019-10-07 09:02:30+00:00,1,Twitter for iPad,"@JoeAllenNewman @SuicideDue2Pain @Deeenst @Elianok10 @abcthis Take me off working meds,try to force stimulator, pain pump, epidural injections.Thinking about returning scripts, Paying to be tortured?Call me when you're ready to treat!!"
25,tylwill,2019-09-25 23:19:36+00:00,0,Twitter for iPhone,"Yet @POTUS @SGottliebFDA @CDCgov want to punish me because I have a disease that requires pain meds. I have had 2 failed stimulator trials, 15 epidural steroids and 4 ganglion injections. I have also done ketamine. The only thing that makes thing tolerable are my meds. #CRPS"
26,DrFeelgood95,2019-09-13 04:07:31+00:00,0,Twitter Web App,"Why do a Cervical Epidural Steroid Injection?  Why even introduce a Spinal Cord Stimulator trial for the patient or do a permanent implant?  Make my life easier and less risky.  Just offer Physical Therapy, Steroids, call it a day.  Go elsewhere.  Furthermore, that's me being"
27,SethNikesh,2019-09-04 15:07:37+00:00,0,SocialPilot.co,"State of the Art treatment options are offered including radiofrequency ablation, spinal cord stimulator implants, occipital blocks, kyphoplasty and several new types of epidural steroid injections.  #PainManagement #Pain #Doctor #ChronicPain https://t.co/z4mTF5DD2Q"
28,Jopo_dr,2019-08-30 13:15:09+00:00,21,Twitter for iPhone,Calling all epidural putter-inners! Your epidurals aren’t all that crap; somatically nearly half of us aren’t even a) symmetrical or b) innervated with perfect symmetry. Being out by 1mm is enough to give unilateral sensory changes for a spinal cord stimulator soooo https://t.co/t2hekcnDmZ
29,LEX18News,2019-08-24 16:30:00+00:00,9,SocialNewsDesk,The implant is an epidural stimulator that’s embedded near the spinal cord. Electricity then triggers the nervous system which can help restore brain-to-spine connectivity. https://t.co/UCCIJX9zlb
30,KJRH2HD,2019-08-24 09:00:00+00:00,0,TweetDeck,"The implant is an epidural stimulator that’s embedded near the spinal cord. Electricity then triggers the nervous system which can help restore brain-to-spine connectivity. 
https://t.co/5ZLRdSOnzf https://t.co/Rv60vl7EUp"
31,ry_ry90,2019-08-22 11:56:39+00:00,0,Twitter for iPhone,@JaredShepp ~&gt; All 4 were classified w/ a chronic motor complete spinal cord injury and were unable to move their lower extremities prior to the implantation of an epidural stimulator. Hence why I feel that professor X can use his powers to move himself.
32,MayoInvents,2019-08-08 13:00:02+00:00,0,Sprinklr,#TBT: Spinal cord research took a major step forward when a team of  @MayoClinic researchers implanted an epidural electrical stimulator device into a paralyzed man's lower spine in 2017. Read: https://t.co/VLzf5HKAOq via @nytimes #research #medtech #innovation {photo via @AP} https://t.co/uHrtL21qSC
33,selaimannoori,2019-08-08 02:54:17+00:00,0,Twitter Web App,"Acute Epidural Hematoma Occurring After Removal of Percutaneous Spinal Cord Stimulator Trial Leads in a Cancer Patient with Chronic Thrombocytopenia: A Case Report
https://t.co/oxoB757Ofi"
34,IJOA_Journal,2019-07-26 09:00:08+00:00,6,Buffer,"How many of us have managed a vagus nerve stimulator in  a labouring woman with an epidural? Case reports like this one from @MountSinaiAnes1 are the only source of experience sometimes. #OBanes 

https://t.co/LMtNLUz9o0 https://t.co/58BI38bCr0"
35,VOParalysis,2019-07-08 20:54:10+00:00,1,Twitter Web App,"Sharing this animation by @CBSNLive- a great visual representation of how the epidural stimulator works to awaken injured nerve pathways, allowing the brain to communicate with the legs (and other body systems, too!) after #sci.

https://t.co/lTpxOxfpje"
36,scottgottlies,2019-06-12 15:39:23+00:00,3,Twitter for Android,"@jplaz59 @soofriends @WhiteHouse @Surgeon_General I was on Pain Medicine for years, &amp; it DID help, much more than the Epidural shots for pain that GAVE ME my Arachnoiditis, &amp; more than the Spinal Cord Stimulator I had implanted for overriding Pain w/ Electrical Shock to my nerve roots... Most CPPs come to Opiods as last resort."
37,CindySouth9,2019-06-04 21:18:18+00:00,0,Twitter for Android,"the nerve roots. I have had multiple spinal fusions, spinal cord stimulator implanted, nerve blocks, epidural steroid injections, nerve ablations, physical therapy, aquatic therapy, acupuncture, I've done everything that the government is pushing for and nothing has worked. This"
38,hereandnow,2019-05-31 02:40:00+00:00,7,TweetDeck,The Kentucky Spinal Cord Injury Research Center is pioneering a new application for a medical device called an epidural stimulator. It’s a surgical implant that sends a continuous electrical current to the nervous system. https://t.co/TGf4HWnGI6
39,ChereeseFerrei1,2019-05-26 06:58:57+00:00,2,Twitter for Android,"@PpoaPartners @StefanKertesz 2.) To @PpoaPartners 
I then had several epidural injections (NON- FDA approved) Then 4 stimulator implant surgeries. Only to have it removed.
Next the Pain pump implant. 
My health has deteriorated and these procedures have made my disease spread.
Please don't torture your cpps."
40,CJ_freethinkr,2019-05-23 12:26:33+00:00,9,Twitter for Android,"@noiduriamo @JoshBloomACSH @Brandeis @FLOTUS
Not just alt meds. They coerce #CPP s! The pain is simply too much! We have no choice! If we say NO to extreme ""treatments"" like epidural injections, spinal cord stimulator then they name you as an uncooperative patient, drug addict or both!
#ChronicPain
#opioidhysteria"
41,navderek,2019-05-13 19:31:19+00:00,0,Twitter Web Client,"My brother-in-law was in a motorcycle accident about 9 years ago. He recently began a clinical trial for E-stand, where an epidural stimulator is implanted in his back with the goal of restoring some function to his legs. Will you chip in to help? https://t.co/aG3kay7yFE"
42,Jennife90117914,2019-05-12 12:19:55+00:00,2,Twitter for iPhone,"@Deeenst @JoeAllenNewman @ravensspirit68 @arandamdphd Plus b/c I have Chiari &amp; syringomyelia, I can’t have a spinal stimulator, thank god. Same with epidural injections. Apparently still eligible 4 the pain pump. It doesn’t sound as bad tho’. The computer delivers pain meds into ur spine all day. &amp; if u breakthrough there’s a bolus"
43,aboezaart1,2019-04-21 17:28:32+00:00,1,Twitter Web Client,@DizdarevicMD @amit_pawa @womackjonathan @drsas27 @RegionalAnaesUK If you put a nerve stimulator on the epidural catheter (UltraCath) there is no anxiety and surprises.
44,MrsArkban,2019-03-27 20:17:04+00:00,0,Twitter for Android,"No one seems to talk about insurance companies complicity in the opiod issue.
They refuse to pay for alternative pain relief.
Brought to you by my insurance company's refusal to pay for a pain relief cream or a spinal cord stimulator or epidural shots"
45,SPINALpedia,2019-03-11 20:30:30+00:00,11,Facebook,"Meet a Canadian woman, paralyzed 11 yrs ago on a Mother's Day motorcycle ride, who is now able to move her legs a small amount thanks to being part of the E-STAND epidural stimulator trial currently happening at Hennepin Medical Center in Minnesota. https://t.co/BflcF6OHX2"
46,Dick_Castle,2019-03-11 20:21:52+00:00,0,Twitter for Android,"@MayoClinicHS I saw u were doing epidural stimulator studies for spinal cord injuries.. I've had one for 20 years, how do I get on that list or study or whatever it is?"
47,TheSpineCare,2019-03-09 20:48:01+00:00,0,Sprout Social,"A Spinal Cord Stimulator is a device implanted with electrode leads along the spinal column, called the epidural space. This device is used to replace continual chronic pain with a pleasant sensation, or simply no pain. https://t.co/e2HL5Mb2Xx https://t.co/GnEBG9NLUG"
48,CindySouth9,2019-03-06 01:39:03+00:00,4,Twitter for Android,"@chronic_spoonie I even had 2 spinal fusions, both failed. I followed CDC guidelines and had the spinal cord stimulator implanted to no avail. From all of the epidural steroid injections, spinal surgeries, Myelograms, i now have Adhesive Arachnoiditis. The only thing that has helped is my meds."
49,SPINALpedia,2019-02-27 21:30:08+00:00,1,Facebook,"Remember the bus of hockey players who were killed/injured in Canada last year? One of the survivors, Ryan Straschnitzki, is going to Thailand for an epidural stimulator implant. https://t.co/Pvg84YL2sU"
50,kelijtalbert,2019-02-14 12:26:32+00:00,0,Instagram,Surgery day for hubby to place a spinal cord stimulator in the epidural space at his c-spine. Been here since 5 am. Praying all goes perfectly well and his team is  highly skilled and do… https://t.co/LLn7K5TofR
51,TheWalkOnFound,2019-02-11 00:25:14+00:00,0,Facebook,We are excited for board member Jerod Nieder being selected and approved for surgery as a research participant for the the epidural spinal cord stimulator in Louisville. Subscribe to his channel below to follow his story. https://t.co/Ic8bHGyqWW
52,DrFeelgood95,2019-02-08 15:49:49+00:00,0,Twitter Web Client,Extremely excited for this Spinal Cord Stimulator case set to begin in 50 minutes. Failed Back Surgery Syndrome was the indication. Lead implants in the epidural space leading to alleviation of pain. Here's a little snippet of the case I'll be performing: https://t.co/gWKE8fM6Ym
53,BeekMelodious,2019-01-07 16:54:25+00:00,1,Twitter Web App,"@ePatientDave PM who forced steroid epidural shots on me, tapered to 3 of former 8 pills a day, said end game was 0 opioids and a spinal cord stimulator. My Neuro said do not allow any more SEI, I quit going. PM was insistent even after begging no more in tears, made pain worse."
54,LeeDragonlady,2019-01-07 08:40:25+00:00,8,Twitter for iPad,"@RogueWolf2001 @ClarisseTru @headdock @louisanamom @TheSarge11 @SpicyPurritos @CarolynColson @NefarusContrara @minxy99 @StopBadDocs @Angelsgal02 @Havasubum1My @AuntTritsy @1959smith715 @pennyrae45 @PainPlayhouse @_victoriaharris @StarvinLarry @mlvanbrit @sprague_ruth @pteet1 @Delta33_1976 @Jmkilingnyc @nfjord7 @BlogLiberally @aander1987 @Elianok10 @WriterMera @GlitterEone @ThomasKlineMD @rhlwp @Onedayatatimeb1 @fightpaindaily @thornton_melley @ShoppPaul @shelley_bean60 @AlexandCohen @emergVictorious @Jwjacobs817Jeff @Peccavi_ultum @HilaryKimMorden @SickSicklySher @guinea_wrangler @Annelia116 @DaniScotchIrish Those epidural injections after 1st back surgery,nothing belongs in spinal canal.Tries chiro,massage,then rebuilt from waist down with new hardware,2 salesmen in operating room.Recal on it 2 yrs later.850,000 complaints on SCS stimulator,FDA approved! They dont care $$$$$"
55,BeekMelodious,2019-01-03 18:09:07+00:00,2,Twitter Web App,"@PithyPins @HawaiianHooah @AlexandCohen @ThomasKlineMD @GiaPia2 @NefarusContrara @maceeboo @shelley_bean60 @OfByForEveR @AuntTritsy @TheSarge11 @RogueWolf2001 @SpicyPurritos @StopBadDocs @Havasubum1My @pteet1 @nurse2k1 @Peccavi_ultum @_victoriaharris @BlogLiberally @PainPlayhouse @ReeseSTyrell @Angelsgal02 @Deeenst @bmill247 @pennyrae45 @Lauri_USA @headdock @ClarisseTru @louisanamom @CarolynColson @minxy99 @1959smith715 @StarvinLarry @mlvanbrit @sprague_ruth @Delta33_1976 @Jmkilingnyc @nfjord7 @aander1987 @Elianok10 @WriterMera @GlitterEone @rhlwp @Onedayatatimeb1 @fightpaindaily @thornton_melley @ShoppPaul @emergVictorious @Jwjacobs817Jeff I moved July 2017. Lost old PCP. Treated horribly. Forced  to pain mgmt. clinic Dr was awful. Force tapered, forced steroid epidural shots, pee in a cup, was aiming 4Spinal stimulator &amp; 0 opioids. Quit going per my neurosurg. Said no more SEI. No rx 4 pain meds now 27 shunt surgs"
56,BeekMelodious,2019-01-03 17:52:06+00:00,4,Twitter Web App,"PM Dr who forced steroid epidural shots on me was pushing towards a spinal cord stimulator, said end game was to get me off all opioids. Had tapered me to 3 pills from 8/day. Called my NS, had bad reactions to shots. NS has done my 27 shunt surg 4 iih trust him Said no more shots"
