,0,1,2,3,4
0,judekay17,2020-12-28 22:53:35+00:00,3,Twitter for iPhone,@wendycardenb Yeah it’s pretty much an epidural with an external spinal cord stimulator to see if I get relief. My pain isn’t in my back it’s CRPS and primarily on my left side of my upper body. It would go in my spine though if the trial works for me.
1,judekay17,2020-12-08 10:10:21+00:00,0,Twitter for iPhone,@ShewolfWicked Pain is mostly under control thanks to my last infusion. Psych evaluation Wednesday and if I pass they will schedule my spinal chord stimulator week long trial. It’s basically an epidural on my back and they strap it to me and I have a bunch of lead hooked to my nerves. 🙃
2,ReeveFoundation,2020-12-01 14:20:21+00:00,3,Sprout Social,"Today is #GivingTuesday. In June, Denna Laing became the 27th person to receive an epidural stimulator implant at @uofl Research Center. Your donation today gives hope to @dlaing14 and millions of others living with a spinal cord injury. https://t.co/8UXyH3IHQM"
3,Mayur_Neurosurg,2020-11-18 00:28:49+00:00,3,Twitter Web App,"@UofLNeurosurg @aljuboori_zaid 
 Comparison Among Punctate Midline Myelotomy, Intrathecal Pain Pump, and Spinal Cord Epidural Stimulator https://t.co/JX6njMzGql"
4,dlaing14,2020-09-22 15:55:53+00:00,5,Twitter for iPhone,"Trial update: In June I had an epidural stimulator surgically implanted on my spine. Followed by a 3 week recovery and a few weeks of testing. After the testing phase, I was randomized into a training group and I began the training sessions mid August."
5,WalkaboutOrg,2020-09-17 12:01:38+00:00,1,Hootsuite Inc.,"In 2010 we started funding the research of Dr. Edgerton. He developed the first epidural stimulator that uses electric currents to re-engage the spinal cord, which changed SCI research and by 2018 several paralysed individuals could walk again🙏🏼

#TBT
… https://t.co/ZjkUVRYjvz"
6,JarnaShahMD,2020-09-11 02:53:12+00:00,4,Twitter Web App,"@dremilym @MonicaHarbellMD @EMARIANOMD @DrJeniMD @AmyPearsonMD Need both for so many procedures. Epidural loss of resistance needs two hands, as does anything ultrasound guided or stimulator related"
7,Godly_Artwork,2020-09-08 01:45:54+00:00,0,Twitter for Android,@RobertPaylor5 This brings me back to setting my son stand up after his epidural Stimulator or when I got to see him walk in an exoskeleton device. He is still paralyzed but some things in science with the sheer will of exceptional human beings is priceless. Congrats!!! Keep going!!!
8,byrnemetfan7,2020-08-09 17:10:07+00:00,5,Twitter for iPhone,@JohnnyJBuckets Yeah I’ll give you an epidural stimulator
9,ReeveFoundation,2020-08-03 17:37:40+00:00,5,Sprout Social,"Check out the Life After Paralysis Podcast with @TiffCarlson. Episode 8: Keith Smith &amp; His Epidural Stimulator Journey
@SPINALpedia https://t.co/FOnJ4qwmPZ"
10,SPINALpedia,2020-07-15 20:50:07+00:00,3,Hootsuite Inc.,"RT @UnitedSpinal: Besieged by medical problems, United Spinal member Keith Smith couldn’t picture a positive future for himself after sustaining a spinal cord injury. A fortuitous phone call and an epidural stimulator changed everything. https://t.co/LmOoHeaB49"
11,UnitedSpinal,2020-07-14 18:38:40+00:00,2,Twitter for Advertisers.,"Besieged by medical problems, United Spinal member Keith Smith couldn’t picture a positive future for himself for yrs after sustaining a spinal cord injury in a motorcycle accident. A fortuitous phone call and an epidural stimulator changed everything. https://t.co/cL2gjVrzx9"
12,CJMENews,2020-06-29 16:30:29+00:00,3,Hootsuite Inc.,"Former Humboldt Bronco Ryan Straschnitzki has had a lot of time to practise with an epidural stimulator while confined to his home in Airdrie, Alta., during the COVID-19 lockdown.
https://t.co/jOFy5wAGp8"
13,EpochTimesCan,2020-06-29 14:03:02+00:00,1,Buffer,"Ryan Straschnitzki, the former #HumboldtBroncos hockey player paralyzed from the chest down 2 years ago had an epidural stimulator implanted during spinal surgery in Thailand last fall
https://t.co/MEzSXVQrG1"
14,carolinekvitter,2020-06-27 11:43:08+00:00,0,Twitter Web App,"Go-2 Spinal Stimulator to Help Return Leg Function. GTX Medical, a medtech company, has announced that it received Breakthrough Device Designation for the Go-2 system, an implant that provides targeted epidural spinal stimulation therapy for patients with spinal cord injuries."
15,AdamSewellMD,2020-06-20 19:00:01+00:00,0,Buffer,"Spinal Cord Stimulator therapy is a revolutionary treatment for patients suffering from chronic back pain. small electronic device is surgically implanted close to the spinal cord in the epidural space. 
https://t.co/lgkpS7qOmS

#spinalcordstimulatortherapy"
16,MediaClymer,2020-06-11 14:57:35+00:00,1,Twitter for Android,"@headdock Well, I was given epidural steroid injections for persistant post-op Neuropathic pain, then later diagnosed with Arachnoiditis, and then the same Pain mgmnt Doctor coerced a spinal Cord Stimulator  implant , as he didn't want to increase opioid Rx... Now no Doc will treat me."
17,Dave808state,2020-05-28 06:54:20+00:00,1,Twitter for Android,@EricRWeinstein Nerve ablation for relief along with epidural and trigger point injections.  Botox if muscles are in spasm. Artificial disc replacement for prolapsed disc. Spinal cord stimulator. Capsaicin cream is good it is made out of hot chillies and penetrates down through the skin to nerve
18,drunk_logic,2020-05-26 01:51:59+00:00,11,Twitter for iPhone,"Yesterday I had Dorsal Root Ganglion Stimulator C7-T1 leads inserted via epidural under light sedation for a week long trial.

Cannot believe the difference so far.
I actually cannot accurately describe how it feels yet. Don’t think I even want to, as I’d rather not jinx myself."
19,CindySouth9,2020-03-23 06:13:29+00:00,0,Twitter for Android,"@rgcgzg @ThomasKlineMD I have had every procedure done to cause it. I've had over 20 epidural steroid injections, 2 Myelogram's, nerve blocks, nerve ablations, 3 spinal fusions, 1 implanted spinal cord stimulator, 1 spinal cord stimulator removed, a partial Laminectomy and a pain pump implanted!"
20,nuvationpain,2020-03-07 20:24:14+00:00,0,Instagram,Patient with #failedbacksurgerysyndrome s/p L3-5 fusion (which was surgery #2) with ongoing axial low back pain and right leg pain.  No relief with epidural steroid injections.  I implanted a spinal cord stimulator… https://t.co/b5fNUuZ9Hk
21,UnitedSpinal,2020-03-03 16:13:50+00:00,10,Twitter Web App,"At the University of Louisville, researchers are using an epidural stimulator to allow patients with spinal cord injuries to stand and even walk again. Their accidental discovery of this treatment is changing our understanding of the spinal cord.

https://t.co/oQjJP3WegA"
22,NarouzeMD,2020-02-28 19:21:41+00:00,20,Twitter for iPhone,"Spinal Epidural and Retropharyngeal Abscesses following Spinal Cord Stimulator Implantation
Allan, Probert et al. #AAPM2020 
Contrast-enhanced MRI 👇🏼C4-C6 retropharyngeal and T6- T9 epidural abscesses 😱 
@SMoeschlerMD @SNeumanMD will review infection control recs on Sunday 11am https://t.co/8KACisqMLF"
23,ScottWMedTech,2020-02-21 16:40:29+00:00,6,Twitter Web App,"Doctors told Kent he’d never walk again. But since he’s been working with an epidural stimulator in a new clinical trial, he’s gained impressive mobility and function. He was even able to dance at his wedding! You’ll want to keep following this story. https://t.co/mXZTFja98E"
24,Sativa_Rose18,2020-02-07 16:57:16+00:00,2,Twitter for iPhone,#fesbike and @MoneyBaggYo every morning is the best Physical therapy he gon make me stand up and start twerking 😂😂😂 1..2..3..lets go #roadtorecovery #gofundme link in bio #epiduralstimulator https://t.co/coJ2Sb6vJJ
25,CKOMNews,2020-02-02 19:00:05+00:00,6,SoCast Digital,"Ryan Straschnitzki, who can't move from the chest down, had an epidural stimulator implanted in his spine in November. The device sends electrical currents to his spinal cord to try to stimulate nerves and move limbs. https://t.co/igoBqr5X2Z"
26,CJMENews,2020-02-02 19:00:05+00:00,1,SoCast Digital,"Ryan Straschnitzki, who can't move from the chest down, had an epidural stimulator implanted in his spine in November. The device sends electrical currents to his spinal cord to try to stimulate nerves and move limbs. https://t.co/ycAgRlqINc"
27,UofLepicenter,2020-01-21 15:00:35+00:00,0,Buffer,"#TechnologyTuesday: #UofL researchers have developed software that automatically detects, records, and visualizes #EMG signals from the muscles of spinal cord injury patients with epidural stimulator implants. #paralysis #neurostimulation #medicine 
https://t.co/enazjH8FTP https://t.co/VMKjg7SPof"
28,Quicktake,2020-01-19 20:00:53+00:00,67,SocialFlow,"People with spinal cord injuries can stand and even walk again, researchers say, thanks to an implanted epidural stimulator that sends an electrical shock to the nervous system.

Get the latest on that story and more in our daily newsletter 👇https://t.co/2gYzsLfrlK https://t.co/KOkzueinh9"
29,v_shakthi,2020-01-11 13:44:09+00:00,3,Twitter for Android,"People with spinal cord injuries can stand and even walk again, researchers say, thanks to an implanted epidural stimulator that sends an electrical shock to the nervous system.

 https://t.co/QfLlrZdl2x"
30,Quicktake,2020-01-11 13:21:19+00:00,63,SocialFlow,"People with spinal cord injuries can stand and even walk again, researchers say, thanks to an implanted epidural stimulator that sends an electrical shock to the nervous system.

Get the latest on that story and more in our daily newsletter 👇https://t.co/th1yCnkEws https://t.co/PIBiobbZHw"
31,v_shakthi,2020-01-09 12:47:05+00:00,0,Twitter for Android,"People with spinal cord injuries can stand and even walk again, researchers say, thanks to an implanted epidural stimulator that sends an electrical shock to the nervous system.

 https://t.co/TBgI2RJUk8"
32,Quicktake,2020-01-09 12:37:58+00:00,83,SocialFlow,"People with spinal cord injuries can stand and even walk again, researchers say, thanks to an implanted epidural stimulator that sends an electrical shock to the nervous system.

Get the latest on that story and more in our daily newsletter 👇https://t.co/neZbV6W19U https://t.co/h8cIIC763S"
33,tudor_jacob,2020-01-08 08:03:17+00:00,0,IFTTT,HumanProgress: Researchers recently created an epidural stimulator that can allow patients with spinal cord injuries to stand and even walk again. This invention shows that there is potential for new discoveries pertaining to the nervous system. https://t.co/HSzHrmy3w1 Good thi…
34,HumanProgress,2020-01-08 00:02:00+00:00,27,Buffer,Researchers recently created an epidural stimulator that can allow patients with spinal cord injuries to stand and even walk again. This invention shows that there is potential for new discoveries pertaining to the nervous system. https://t.co/1MsO4K1kqf
35,bqprime,2020-01-07 12:45:00+00:00,3,Twitter Media Studio,"At the University of Louisville, researchers are using an epidural stimulator to allow patients with spinal cord injuries to stand and even walk again. Their accidental discovery of this treatment is changing our understanding of the spinal cord. https://t.co/veA5HlpbgT"
