,0,1,2,3,4
0,Bilked2TheBrink,2021-12-27 01:44:50+00:00,3,Twitter for iPhone,"@Taschna_ @foxtrotsky_ @professorannab You are exactly on spot and it is so infuriating because they want to exploit us. That’s what I think makes me the most angry because I’m stubborn as hell. 
I would die in a hospital parking lot before I let them put a spinal cord stimulator in my back, or a 5 inch epidural shot!"
1,Fuksoks,2021-12-23 14:49:09+00:00,0,Twitter Web App,"@Nudiustertian_1 Trans epidural nerve stimulator 

Mostly used to ease chronic back pain"
2,AnalEmbke,2021-12-23 08:23:17+00:00,0,Twitter for Android,"@1PadreWil BTW, I have what you have plus Arachnoiditis, Epidural Fibrosis, have had fusion w/instrumentation, and the implantation of a Spinal Cord Stimulator, and no Doctor anywhere remotely near me will take me on as a new patient knowing that I was on opioids for more than a decade..."
3,MichaelNey19,2021-12-22 23:07:03+00:00,3,Twitter for iPhone,@Bilked2TheBrink @Angel2bme @D321Debbie @DrKrisFerguson1 @NStoehlker @tinwisc @TanyaThorson1 Why the WI med board let him become a member when he put a stimulator lead through the epidural space and in direct contact with the spinal cord is crazy. Shows you what little regard they have for patient safety.
4,ReeveFoundation,2021-12-17 17:00:17+00:00,3,Sprout Social,"In 2011, Jerod Nieder ran to the beach, dove into a sandbar, and broke his neck. After learning of the Reeve-funded clinical trial, The Big Idea, Jared was selected via lottery for an epidural stimulator. 
Together we can accelerate progress for cures. https://t.co/cgnq2OuY2h"
5,Bilked2TheBrink,2021-12-15 21:53:24+00:00,1,Twitter for iPhone,"@SarahSaysWhatev @CMerandi Thank you! This one also explains the exact arterial error risk that is in all three 
5”TOUHY-needle punctures, whether it be in *labor epidural or *spinal cord stimulator trial or another *epidural steroid injection."
6,Bilked2TheBrink,2021-11-29 22:10:05+00:00,1,Twitter for iPhone,"ONLY THING I would sign for these people is a release/waiver -TAKING FULL RESPONSIBILITY FOR MY MEDICATION! 
P.s. ALL EPIDURAL INJECTIONS USE THE 5” TOUHY NEEDLE-even a “SPINAL CORD STIMULATOR TRIAL!” -just please “TRY IT” MEANS THIS! https://t.co/tS8blfiF9G"
7,grim_wheeker,2021-11-22 23:57:55+00:00,3,Twitter for Android,@Ahkahna @ariverofstars I'm throwing my mom @minipupsmom into the ring bc of her chronic back pain -- she had a spinal stimulator implanted and gets epidural injections and is medicated but still experiences regular pain.  Also idk if chronic migraines count or not but she's got that too.
8,Bilked2TheBrink,2021-11-21 20:36:07+00:00,2,Twitter for iPhone,"@hellfire3 Recently a highly visible Twitter user, aimed to convince at least in a “trial” of the Spinal Cord Stimulator, ommitting that it is an intrusion into the epidural space, so no matter why they’re in that space they’re in the same risk and people do die and get paralyzed but💰."
9,Bilked2TheBrink,2021-11-21 20:15:54+00:00,1,Twitter for iPhone,"@Loura_Stories @JanaJJenk SAME 5” TOUHY NEEDLE &amp; EPIDURAL SPACE, Here is a demonstration that the 5”. needle being inserted into the epidural space as doc explains, is identical for the spinal cord stimulator trial, epidural injections of steroids or anesthetics. https://t.co/yYzk5T4XMk"
10,Bilked2TheBrink,2021-11-16 23:58:18+00:00,2,Twitter for iPhone,"@lea_dahkotah69 @katman_steven The rescheduling of the Lowest dose 05 325 was a calculated move to come after us. For years trying to force disabled into drug treatment, $2k/mo epidural steroid injections, &amp; spinal cord stimulator implants. Suboxone! Don’t forget Suboxone! This is where it all began. #cpp =♿️"
11,Sedeem8,2021-11-15 20:52:47+00:00,1,Twitter for iPhone,"@SicilianaI I’m glad you are on the waiting list. Also strongly suggest reconsidering a spinal stimulator trial. It’s not that scary, simply an epidural injection. Did one this morning, took about 15-20 minutes after getting positioned and prepped. It may help your pain significantly."
12,MediaClymer,2021-11-14 01:59:06+00:00,1,Twitter for Android,"@gone_mae86 @PeasantTheory @ibdgirl76 CBT and Tylenol, epidural steroid injections, a Spinal cord stimulator, or physical therapy"
13,realironhand,2021-11-12 21:00:54+00:00,27,Twitter for Android,"I have a spinal cord stimulator. The electrodes are above the spinal cord at the base of my neck. The leads run all the way down the epidural space to the implant, which is wirelessly chargeable with an external disc. Where do they put the implant? In your arse cheek."
14,Bilked2TheBrink,2021-11-11 22:08:35+00:00,7,Twitter for iPhone,"You want proof that has identical 5” needle in the identical location of the spine? Got 20 seconds?
⚠️spinal cord stimulator trial
⚠️ epidural steroid injection
⚠️ childbirth and now they want to A NURSE TO do this for broken bones and kidney stones! Surgery &amp; wounded knees! https://t.co/sGSm5PbVcj"
15,jarringcreation,2021-11-10 13:15:54+00:00,0,Twitter for Android,@TeddiThompsonS1 @DinaTho61271144 I had my 3rd epidural yesterday. Does the stimulator help? I'm a candidate for it but I'm on the fence.
16,Bilked2TheBrink,2021-11-07 18:34:53+00:00,5,Twitter for iPhone,"5” TOUHY NEEDLE is IDENTICAL needle to the IDENTICAL EPIDURAL space (risk level)FOR:
🔺TRIAL of SPINAL CORD STIMULATOR 
🔺Epidural Steroid Injections 
🔺Permanent Spinal Cord Stimulator 
🔺Childbirth Labor 
Multiple accidental •paralysis •strokes •deaths occur in all 4. https://t.co/zKlrAsDN2D"
17,Bilked2TheBrink,2021-11-06 03:34:41+00:00,1,Twitter for iPhone,"@TamiLCaldwell1 Spinal cord stimulator trial means a four-inch to a needle will be inserted into the epidural area, so the exact same thing but can go wrong later can go wrong the first time they put the leads in. Just so you know https://t.co/107KAFuUYL"
18,Bilked2TheBrink,2021-11-04 01:15:16+00:00,5,Twitter for iPhone,"@MasseyMinerd @Theresahatter2 @plwin49 @tippin_elaina @StefanKertesz @JSG_54 @MaryinKansas @life_is_art___ @ravensspirit68 @CynicalVision50 @AdamGentry2021 @tal7291 Absolutely! Even the consideration of epidural steroid injections or a spinal cord stimulator without testing BONE MINERAL DENSITY OR examining MY TWISTING SPINE IS just a recipe for disaster, and the medical system IS unaccountable! https://t.co/4KMyG652B1"
19,Bilked2TheBrink,2021-11-03 21:51:42+00:00,1,Twitter for iPhone,"They are also spinal cord stimulator/implant industry insiders or epidural spinal injectors, making $4M-$10,000,000 a year doing a dangerous procedure to a fragile population with no consequences! https://t.co/CFfi2oEubu"
20,Bilked2TheBrink,2021-10-31 00:33:25+00:00,3,Twitter for iPhone,@MasseyMinerd @MaryinKansas @life_is_art___ @ravensspirit68 @CynicalVision50 @AdamGentry2021 @JSG_54 @tal7291 I followed the order and saw a pain specialist. He offered Epidural Steroid Injections and nerve ablation or a spinal cord stimulator but refused to administer what worked for more than a decade. It was very clear he didn’t care about me-also didn’t know we research ESIs. #cpp
21,ReeveFoundation,2021-10-28 16:47:34+00:00,5,Twitter Web App,"Ten years ago, Jerod Nieder sustained a spinal cord injury that would forever change his life. Now, epidural stimulator therapy is helping him prepare to compete in the New York City Marathon with Team Reeve."
22,Bilked2TheBrink,2021-10-20 20:53:12+00:00,4,Twitter for iPhone,"It doesn’t matter whether you’re having an EPIDURAL STEROID INJECTION, or an implanted SPINAL CORD STIMULATOR, both are inserted with the SAME TOUHY needle, And this is what happens after a millimeter too far in! PATIENTS ARE INTELLIGENT ENOUGH IF DOCTORS EXPLAINED the RISK! https://t.co/YdgELYyJI1"
23,Bilked2TheBrink,2021-10-19 22:28:05+00:00,4,Twitter for iPhone,"@PTSDAdvocate @CRPSisaRealPain @vendingcomics @rlamartini @Nashkitty66 @EndRaceHating @headdock @AdamGentry2021 @StephenDoheney @HowardWill5 @SpicyPurritos @hope411adcock @CanadaPain @Deeenst @kris_lovaas @NEPA_Unhinged @VeryFineWhine @Irishbrat1966 @MdParangi @aander1987 @medicatedboy @secondchances09 @RobertC94894966 @lakeparkcpl @FollowingForFu2 @newhickschick @EmmaleeLang @TamiLCaldwell1 @Elianok10 @CContrarus @national_pain @andrew_massena @elizabe50286054 @TerriMe3 @life_is_art___ @Pine_Mtn_Girl @JonelleElgaway @TrumpWontWork @fightpaindaily @buck_shirley @ThomasKlineMD @cannonarsenal @NANNETTENERENB1 @donnelsonguy @teer4health @Tamara66949263 Turns out both of the two pretend choices we’ve always had, our adversaries and allies are all over the place and they are the grand exception. Most want to abolish our Rx, Shed the elderly and disabled, and install a spinal cord stimulator‘s in Unlimited EPIDURAL STEROID SHOTS"
24,Bilked2TheBrink,2021-10-14 23:29:57+00:00,1,Twitter for iPhone,"@Nashkitty66 @headdock @AdamGentry2021 @StephenDoheney @HowardWill5 @SpicyPurritos @hope411adcock @CanadaPain @Deeenst @kris_lovaas @NEPA_Unhinged @VeryFineWhine @Irishbrat1966 @MdParangi @aander1987 @medicatedboy @secondchances09 @RobertC94894966 @lakeparkcpl @FollowingForFu2 @newhickschick @vendingcomics @EmmaleeLang @TamiLCaldwell1 @Elianok10 @CContrarus @national_pain @andrew_massena @elizabe50286054 @CRPSisaRealPain @TerriMe3 @life_is_art___ @Pine_Mtn_Girl @JonelleElgaway @TrumpWontWork @fightpaindaily @buck_shirley @PTSDAdvocate @ThomasKlineMD @cannonarsenal @NANNETTENERENB1 @donnelsonguy @teer4health @Tamara66949263 Everyone please remember when it comes to the spinal cord stimulator and the ESI, because the slip up that paralyzed David does the exact same thing when is the spinal cord stimulator or epidural steroid injections. https://t.co/ekee8E7FdE"
25,Bilked2TheBrink,2021-10-09 21:57:44+00:00,2,Twitter for iPhone,"The Touhy Needle in the spinal cord stimulator TRIAL is risk-identical to the permanent placement. It’s also the same space in an epidural steroid injection. The vessel injury that destroys the nerves gets hit in both procedures,  causes arachnoiditis &amp; paralysis, stroke, &amp; death https://t.co/LlcY8wUMuJ"
26,Bilked2TheBrink,2021-10-09 02:42:08+00:00,3,Twitter for iPhone,"ESI &amp; SCS TRIAL SCS:
Touhy needle is identical, the epidural space being accessed is identical and the only difference ESI give you 80 mg of steroids, SCS place a stimulator lead in your epidural spine. https://t.co/p4vpNs8vWV"
27,Bilked2TheBrink,2021-10-08 19:10:34+00:00,3,Twitter for iPhone,@KatTwisted @aander1987 @FollowingForFu2 @SpicyPurritos @CanadaPain @secondchances09 @bob69hesperia @newhickschick @vendingcomics @HowardWill5 @Deeenst @Nashkitty66 @StephenDoheney @hope411adcock @EmmaleeLang @TamiLCaldwell1 @Elianok10 @CContrarus @national_pain @kris_lovaas @AdamGentry2021 @andrew_massena @elizabe50286054 @CRPSisaRealPain @Irishbrat1966 @TerriMe3 @life_is_art___ @ArizonaC50 @Pine_Mtn_Girl @JonelleElgaway @TrumpWontWork @fightpaindaily @buck_shirley @PTSDAdvocate @prettycoco23 @Mia_Beotch @ThomasKlineMD @cannonarsenal @RobertC94894966 @NANNETTENERENB1 @EndPainStigma @donnelsonguy @teer4health @Tamara66949263 @MaryinKansas @lakeparkcpl @JSG_54 @WellLahTeeFuKin Here’s a doctor explaining that the needle penetrating the epidural space is identical for all three procedures. epidural injection of Steroids or Anesthetic or spinal cord Stimulator are identical. All three mean avoiding  the same artery. https://t.co/fluxU6BuGz
28,Bilked2TheBrink,2021-10-07 07:08:23+00:00,4,Twitter for iPhone,"@KatTwisted @aander1987 @FollowingForFu2 @SpicyPurritos @CanadaPain @secondchances09 @bob69hesperia @newhickschick @vendingcomics @HowardWill5 @Deeenst @Nashkitty66 @StephenDoheney @hope411adcock @EmmaleeLang @TamiLCaldwell1 @Elianok10 @CContrarus @national_pain @kris_lovaas @AdamGentry2021 @andrew_massena @elizabe50286054 @CRPSisaRealPain @Irishbrat1966 @TerriMe3 @life_is_art___ @ArizonaC50 @Pine_Mtn_Girl @JonelleElgaway @TrumpWontWork @fightpaindaily @buck_shirley @PTSDAdvocate @prettycoco23 @Mia_Beotch @ThomasKlineMD @cannonarsenal @RobertC94894966 @NANNETTENERENB1 @EndPainStigma @donnelsonguy @teer4health @Tamara66949263 @MaryinKansas @lakeparkcpl @JSG_54 @WellLahTeeFuKin Right now, all the social media platforms are allowed to carry spinal injection &amp; stimulator infomercials without any caveats. No warnings. The stimulator and the steroid injections have the needle in your epidural spine, so the risk is identical. https://t.co/5he5SDEdzP"
29,Bilked2TheBrink,2021-10-07 02:02:37+00:00,0,Twitter for iPhone,"SPINAL CORD STIMULATOR TRIAL MEANS, NEEDLE INSERTION into SAME EPIDURAL SPACE as permanent SCS, and ESI #SpineNeedleScam https://t.co/ArG2LTeI1Q"
30,Bilked2TheBrink,2021-10-07 01:59:17+00:00,1,Twitter for iPhone,"NEXT VIDEO proves that the needles, risks and placement for
Epidural Steroid Inj.
Epidural Labor pain inj.
Epidural Spinal Cord Stimulator 🚨ALL PERFORATE the delicate Area near nerves and vessels risking stroke• blindness•paralysis and •death.  #SpineNeedleScam
#CPP
#DPPR https://t.co/hes2ZJZItO"
31,Vswizzle36,2021-10-04 16:03:48+00:00,0,Twitter for iPhone,"I’m having a spinal cord stimulator trial implant into my back tomorrow, I sure could use all the prayers possible. I’m scared. I was actually paralyzed for 10 days 5 years ago due to a spinal epidural injection so this is super scary for me."
32,carolinagal1053,2021-09-24 07:43:37+00:00,1,Twitter for Android,"@StuBishop_LPD Do something NOW, it only gets worse. I had surgery but not a fusion. Now I have a pain stimulator implanted in my back, take morphine 3 times a day &amp; still get epidural steroid injections or ablasions or nerve blocks every month for the last 25 yrs!! No fun!!"
33,DrPayItBack,2021-08-17 20:00:50+00:00,33,Twitter for iPhone,"1 cervical epidural, 3 lumbar epidurals, 2 SI joint injections, 4 lumbar medial branch blocks, 1 cervical radiofrequency ablation, 2 lumbar RFAs, and a spinal cord stimulator implant today. This field is diverse and fun as heck."
34,Bilked2TheBrink,2021-08-14 03:40:17+00:00,3,Twitter for iPhone,"@5drinkMax @ThomasKlineMD I’m sorry you had to go through that. It was one of the things tossed at me along with facet injections and epidural steroid injections in the spinal cord stimulator, he wanted to give me the works. He was the worst salesman ever though. That doctor belongs with knocked out pts."
35,solora12532714,2021-07-31 01:34:48+00:00,0,Twitter Web App,@ReactionsRob Can you react to Janis Joplin Mercedes Benz?  Also I just saw the preg. stimulator video.  I was in labor 38 1/2 hours before I tapped out and got an epidural.  I don't recommend going that long.
36,Bilked2TheBrink,2021-07-25 05:29:37+00:00,5,Twitter for iPhone,@EndPainStigma @teer4health @lakeparkcpl @secondchances09 @SpicyPurritos @CanadaPain @JSG_54 @aander1987 @WellLahTeeFuKin @PTSDAdvocate @vendingcomics @ravensspirit68 @AgathaWouldKnow @rlamartini @kris_lovaas @arrghgtr @MaryinKansas @JonelleElgaway @RobertC94894966 @CContrarus @donnelsonguy @life_is_art___ @RightontheFence @Taschna_ @Mia_Beotch @ThomasKlineMD @DocBearOMD @JulieDavisson3 @BethDarnall @CMerandi @ljluvsbuterflys @TheRebelPatient @ibdgirl76 The reason I address them spine needles is because the risk of an epidural spinal injection is identical to the risk of a needle for a spinal cord stimulator. They miss by a few millimeters and your paralyzed or dead or blind which might be worse. Many increase pain&amp; 🚫PainRx
37,Bilked2TheBrink,2021-07-17 19:41:03+00:00,3,Twitter for iPhone,#CPP #DPPR #CP Spine NEEDLES -Spinal Cord Stimulator (SCS) or Epidural Steroid Injections (ESI) ARE SAME PARALYSIS RISK... when they move a few mm -hitting nerves &amp; vessels. https://t.co/MSsENMWkAo
38,Rangerita,2021-07-17 01:11:28+00:00,1,Twitter for iPhone,"@SonofHouseAllen I have a spinal cord stimulator which is basically a TENS machine (like they use in PT) embedded in my epidural space- attached to the nerves that control my lower half. And it needs a battery, so they generally put it in upper gluteal area. I coined the term a long time ago 😝"
39,Bilked2TheBrink,2021-07-15 21:19:55+00:00,3,Twitter for iPhone,"It doesn’t matter if it’s a spinal cord stimulator or a EPIDURAL SPINE INJECTION the needle is the risk is in puncturing the epidural spine, risking hitting nerves &amp; vessels! https://t.co/QpbAMq59oy"
40,Bilked2TheBrink,2021-07-15 00:48:54+00:00,3,Twitter for iPhone,"@kirsten_klang @GalleysGadgets @rlamartini @Katamac1967 @MichaelNey19 @Irishbrat1966 @HowardWill5 @headdock @EndPainStigma When I politely said need to learn think about a “spinal cord stimulator”, “epidural spinal shots”, and Suboxone I then asked if my current treatment could be continued by him, he said no “I am working with the CDC 2016 guidelines.“HIS NOTE? “Focused on obtaining opioids.”  Wow."
41,SteelCity_Burg,2021-07-12 23:28:22+00:00,26,Twitter for Android,"Ok prayer warriors, prayers needed for tomorrow  please.  Having another spinal cord stimulator put in, for a week, to see if it works.  This one going in the neck.  Put in under epidural. Praying I don't move and that it freaking works.  I'm over being in pain everyday😢 #CRPS https://t.co/2qvyCUNfqX"
42,Bilked2TheBrink,2021-07-07 01:42:53+00:00,6,Twitter for iPhone,@PainPlayhouse @SpicyPurritos Yes they are. Most people aren’t aware our anesthesiologists are selling spinal cord stimulator‘s and epidural spinal steroid injections because the nurse anesthetists have taken over the OR at the behest of investors. #StopScopeCreep #cpp
43,CBCNews,2021-06-29 19:00:26+00:00,182,Buffer,"Ryan Straschnitzki, paralyzed from the chest down in the Humboldt Broncos bus crash, had an epidural stimulator implanted in his spine in Thailand two years ago that sends electrical currents to his spinal cord. https://t.co/0JeW46r7FS"
44,WinnipegLandsc1,2021-06-29 15:31:41+00:00,0,IFTTT,"Ryan Straschnitzki, paralyzed from the chest down when a bus carrying the Humboldt Broncos junior hockey team crashed in 2018, had an epidural stimulator implanted in his spine in Thailand two years ago that sends electrical currents to his spinal cord to try to stimulate ne…"
45,Bilked2TheBrink,2021-06-19 14:40:50+00:00,4,Twitter for iPhone,2/2  those operating room anesthesiologist? They’re DESPERATELY selling Epidural Injections &amp; putting Implanted Spinal spinal cord stimulator‘s into your back with a wireless charger under your skin look up the FDA &amp; paralysis info ON BOTH! https://t.co/6qiv7zIlgB
46,WarriorPara,2021-06-09 12:53:42+00:00,1,Twitter for Android,@max_hodak @Casiofxcg50 @neuralink Do you think they will accomplish paraplegics walkint in 5 years? Especially if they partner with a company like ONWARD for epidural stimulator implants?
47,WarriorPara,2021-06-07 15:51:54+00:00,0,Twitter for Android,@elonmusk if @Neuralink partnered with ONWARD out of Switzerland using a Neuralink with their Epidural Stimulator implanted on the spinal cord could we see paraplegics walking in under 5 years? Would it functionally normal? What about feeling?
48,WarriorPara,2021-06-06 15:57:53+00:00,1,Twitter for Android,@elonmusk if @Neuralink partnered with ONWARD out of Switzerland using a Neuralink with their Epidural Stimulator implanted on the spinal cord could we see paraplegics walking in under 5 years? Would it functionally normal? What about feeling?
49,kruano447,2021-05-28 19:49:40+00:00,0,Twitter for Android,"@kelly_rdc Having a spinal stimulator implanted. Going thru the 2 week trial &amp; having one of the leads (wires) become detached, having it repaired during the epidural I had a leak at the spinal site which caused the most excruciating headache from CSF draining into my body. Bloodpatch."
50,BigLance111,2021-05-26 15:05:01+00:00,2,Twitter Web App,"@TerriMe3 @Paladin634 I guess venting on twitter turned into a winner lol.. I just left my docs office.. He pushed for a pain pump? Dilaudid? I said no.. 

Ive had 2 spinal cord stimulator implants ( failed)  
27 epidural injections (2010-21)
Laser back surgery

He finally said ok what works for u 🐸 https://t.co/EVjJi38t9R"
51,Katamac1967,2021-05-26 05:49:25+00:00,3,Twitter for iPhone,"@LeumasAzevren @rlamartini @Bilked2TheBrink @SaltyDoc2JD @Gwendol31777259 @Irishbrat1966 @ThomasKlineMD @MichaelNey19 @HowardWill5 @EndPainStigma @OpioidHysteria @headdock @catman1361 @LindaCheekMD @CMerandi And, after all the horrific suffering she’s endured...decades of disabling pain…her MD said, “I think we should try more epidural steroid injections. Maybe try a spinal cord stimulator”.
Seriously? 
Unreal. 
She said NO.
#providers 
#medtwitter"
52,HiSam97793617,2021-05-07 12:44:02+00:00,0,Twitter for Android,@bees_bertie @DrLectersMask Know how you feel U have fusion in neck and lower back. Plus a spinal cord stimulator implanted. I can't sit or stand more than 20min max most of the time. I'm 6 surgeries on back. Plus lost count on epidural injections from 1986 on..
53,ToniWerner11,2021-04-17 14:28:59+00:00,1,Twitter for Android,"@yollali I will NEVER have another
ESI / Epidural Steroid Injection
Myelogram
And won't allow any Spinal Cord Stimulator to be inserted into my Spine. Did Trial for original Shoulder Injury. 3 days, every time I moved my head, it shocked the crap out if me!"
54,Pawsome_KC,2021-04-17 01:39:26+00:00,0,Twitter Web App,"@markminervini Epidural injection, nerve block, physical therapy with traction, spinal cord stimulator, medications like gabapentin or lyrica for nerve pain. If conservative treatment does not help, discectomy or fusion. You need to see a reputable neurosurgeon.☹️"
55,JNeuromod,2021-04-12 23:44:50+00:00,5,Hootsuite Inc.,"Yao et al. treat spinal cord injury rat models with an original wireless epidural electrical stimulator and uncover some interesting findings.
https://t.co/cn1nj23iD3 https://t.co/hCzUDrt5H9"
56,dlaing14,2021-04-06 22:37:59+00:00,973,Twitter for iPhone,"160 sessions ✅
Finished up my sessions for the epidural stimulator trial that I have been participating in down in Louisville,KY today! I haven’t shared any updates because I have been doing the same thing over and over again. So I have decided to show you 1 minute https://t.co/QGlXOxLXwl"
57,bradfordberk,2021-03-07 00:03:35+00:00,1,Twitter Web App,"Ten years after suffering a C4 complete spinal injury, Keith Smith underwent a trial with an implanted epidural stimulator. Click here to watch the amazing moment when he stands: https://t.co/TCFjvmqVuS. #SCI"
58,JunkMuj,2021-03-02 04:39:54+00:00,0,Twitter for Android,"@elonmusk Could you connect a @neuralink with an epidural stimulator or transcutaneous stimulator and bypass a spinal cord injury in the near future?
#askneuralink"
59,ChereeseFerrei1,2021-02-15 08:31:05+00:00,1,Twitter for Android,"@catsideas @TerriMe3 @KarlBra08763834 @Matthew60323922 @EllieKacik @GEugenics @ClarisseTru @BishopBob747 @life_is_art___ @lpray18 @chelemp @SasTrendy @MichaelNey19 @FloridaOpiate @LadyAg72 @Canada_NV @BrigidCovey @urbanfatbiker @Shasta_Rayne @TheFuglyFrog @Txsconstitution @Dsntslp @eileendove910 @Ledhedd @sugaree71 @JoeAllenNewman @headdock @Sixxwitch1 @PithyPins @Lfeld1957 @amylorrainelong @NickCarlin6 @painadvocateAR @Brokenhuman8 @Bris516 @ChelseaJoPerez1 @bonniez45 @HowardWill5 @TeriCottone @WoPSufir @DL15277269 @JSG_54 @Tootwisted40 @D321Debbie @Goin4sane66 @keesaroo @fightpaindaily @Deeenst @ClaireCoppeto @donnelsonguy I'm so sorry.
So you don't have any pain meds now?
This is so unfair.
You were fine at 500 me which sounds like a lot, but it sounds like you metabolize fast, like I do.
I went through the epidural and stimulator implant also.
All my orals taken away. 
I have a pain pump now."
60,MissAuroraSnow,2021-02-04 01:10:07+00:00,2,Twitter for Android,"@Macohead Medical procedure, an implanted epidural stimulator"
61,CaliberPain,2021-01-14 20:04:30+00:00,2,Twitter Web App,"Have you tried SPINAL CORD STIMULATION to treat #chronicpain? A spinal cord stimulator works by masking pain signals before they reach the brain. It's a small device that's implanted into the epidural space to interrupt pain signals. Learn more:

https://t.co/ETegctjski"
