,0,1,2,3,4
0,JessicaCrompy,2022-12-29 22:37:09+00:00,1,Twitter for iPhone,@JBsTwoCents Be prepared to bathe in the glow of an oxytocin flood of warm fuzzy feelings. Plus anything they give you with the epidural 😅 It’s all great fun 🤩 Plus any anxiety can be quelled by smelling your newborn’s head - also an oxytocin stimulator!
1,Bilked2TheBrink,2022-12-23 04:56:02+00:00,3,Twitter for iPhone,@WizardPuzzle @PTSDAdvocate @ibdgirl76 Yes and it really is one SAME place ALL these 3procedures. This wonderful physician inserts a trial spinal cord stimulator while explaining that the epidural space is identically used in ▪️child labor epidural and ▪️spinal cord stimulators and ◾️epidural Steroid Injections https://t.co/Q1VkWuTQZQ
2,Le_1one,2022-12-22 21:51:46+00:00,0,Twitter Web App,"Epidural Stimulator and Stem Cell Treatment 
 https://t.co/Y4zQCHbLeJ"
3,Worley7Terri,2022-12-21 00:31:24+00:00,0,Twitter for iPhone,"@RedmondMichelle I have to see the nephrologist, PCP, contact Boston Scientific about my spinal cord stimulator, get X-rays of cervical. Trying Epidural first. Hope that helps. They increased all my meds. We will go from there"
4,Redfenix18,2022-12-19 23:40:07+00:00,0,Twitter for Android,"Epidural Stimulator and Stem Cell Treatment 
 https://t.co/J5JDauAZBh"
5,VeritaNeuro,2022-12-14 11:12:28+00:00,0,Planable,"Next week, we'll hear from returning patient Joao about how he's getting on. He first received epidural stimulation treatment in 2021 and now he's back, having his stimulator remapped and working with our team.

Sign up today via Zoom to join us for Q&amp;A:https://t.co/hcMLIkenF9 https://t.co/NbJ1pLNcAm"
6,BballPurist,2022-12-13 21:50:42+00:00,0,Twitter for Android,Epidural Stimulator and Stem Cell Treatment https://t.co/DC0Jzbw9oo
7,Nodnarbogstel3,2022-12-13 15:52:44+00:00,1,Twitter for Android,@mattwilstein @iamsambee I'd rather lick A.D.s epidural stimulator than watch @iamsambee do anything
8,C_hock49,2022-12-11 18:57:45+00:00,0,Twitter for iPhone,"Epidural Stimulator and Stem Cell Treatment 
 https://t.co/f0tec81NcB"
9,nikka41440044,2022-12-06 18:55:02+00:00,0,Twitter for Android,"Help raise funds for this individual to receive an Epidural Stimulator and Stem Cell Treatment❗❗❗Anything will help❗Thank you to those who have donated🙏🏽
 https://t.co/jLv1YCi3Do"
10,Nodnarbogstel3,2022-12-05 16:03:30+00:00,0,Twitter for Android,@bonniekristian @thedailybeast Im more interested in reading about A.D.'s epidural stimulator than this report
11,IamCombs9,2022-11-28 02:45:12+00:00,0,Twitter for iPhone,"Epidural Stimulator and Stem Cell Treatment 
 https://t.co/w4STPq3AZt"
12,EssentiallyEndo,2022-11-22 23:07:44+00:00,0,Twitter for iPhone,"Heard from my spine dr today. On top of degenerative disc disease, I now have spinal stenosis, several pinched nerves &amp; 2 diagnosis’ I can’t pronounce 😂 So will be getting another epidural on top of a nerve stimulator. https://t.co/B5wC3XGoXU"
13,CMerandi,2022-11-21 09:30:25+00:00,96,Twitter for iPhone,"Low dose naltrexone/Gabapentin/Haldol/Ketamine/pain stimulator/epidural steroid injections :

Cut the shit with the opioid-free gimmicks

Not wanting to prescribe is one thing; forcing these on your patient is another https://t.co/f2vYevSWOY"
14,VeritaNeuro,2022-11-14 12:56:15+00:00,0,Adobe Express,"Alison is a C6-C7 level #spinalcordinjury patient, undergoing epidural stimulation treatment. Part of this process is mapping, which tailors the implanted spinal stimulator to her body. Read more about mapping here: https://t.co/0nCPf8cncU #neuromodulation https://t.co/38kcPQczMQ"
15,VeritaNeuro,2022-11-10 21:45:22+00:00,2,Adobe Express,"#occupationaltherapy with Karen, C5 level #spinalcordinjury patient, after her cervical level epidural stimulator implantation. Amazing to see how good her fine motor skills are looking. https://t.co/O2arrnxloe"
16,bloodfinchevo,2022-11-09 16:57:57+00:00,2,Twitter for iPhone,Epidural Stimulator and Stem Cell Treatment https://t.co/QxoQhXNf4P
17,ColumbiaQT,2022-11-08 10:12:24+00:00,0,Twitter for iPhone,Fundraiser by A.D. GRANT : Epidural Stimulator and Stem Cell Treatment https://t.co/FKIE19m4xr
18,Bilked2TheBrink,2022-11-06 00:01:55+00:00,12,Twitter for iPhone,Am I the only one to notice that no celebrities or politicians are paralyzed from epidural steroid injections and or their spinal cord stimulator’s? Doctors who treat them tell us they have all the OxyContin they need and they don’t have these in unapproved procedures! Only US!
19,LexiAlyx,2022-11-03 08:08:30+00:00,0,Twitter for Android,"@noble_darrin you've beat me. 16 surgeries for me now! I really feel for you. I know how bad mine is, so to have full body 😮‍💨 I can't have a spinal cord stimulator. They don't work for amputees with crps, &amp; I had an epidural migrane with an epidural, so I'm high risk. 😪"
20,belrivera35,2022-10-31 21:00:14+00:00,0,Twitter for Android,"Epidural Stimulator and Stem Cell Treatment 
 https://t.co/bGUYbuKRvC"
21,anyidea,2022-10-31 17:04:34+00:00,3,Twitter for iPad,"Epidural Stimulator and Stem Cell Treatment https://t.co/AJVex2IuIL
#GoFundMe #angelinvestors #media #MedTwitter #NYC #Chicago #LosAngeles"
22,StuartH92722025,2022-10-28 00:21:02+00:00,1,Twitter for iPhone,"@JPReisender Sadly this disaster came out of nowhere in March. Prior to that 3-5 days a week of hard pickleball, 10-15000 steps/day plus lots of other activities. Down to 3-6000 steps and no pickleball 😭.  4 epidural/cortisone shots in 2 months with no relief. Next a spinal stimulator🙏🏻🙏🏻🤞"
23,MissyJo326,2022-10-27 23:50:47+00:00,0,Twitter for iPhone,Epidural Stimulator and Stem Cell Treatment https://t.co/9lVfej8BZ2
24,paumarinft_md,2022-10-26 13:12:04+00:00,0,Twitter for iPhone,Epidural Stimulator Mapping by @paumarinft_md and Juan Francisco Castillo PT
25,meo64,2022-10-26 08:04:25+00:00,0,Twitter for Android,"Epidural Stimulator and Stem Cell Treatment 
 https://t.co/zftRDVE3QJ"
26,Bilked2TheBrink,2022-10-25 05:17:40+00:00,4,Twitter for iPhone,@sureuwanttoknow @Heather98323492 @life_is_art___ @jfarside @eileendove910 @ThomasKlineMD @CContrarus @PTSDAdvocate @CRPSisaRealPain @PainSteals @headdock @dawnimatrix @Irishbrat1966 @Faithgirlee @SpicyPurritos @katman_steven @Mrsyumahotrod @GeneW22614687 @szaafran @Merry_Hippie @ibdgirl76 @MediaClymer @plwin49 @MomalaDearest @HeatherLinda11 @TLCStruggle @KatTwisted @puppyluvr312 @AdamGentry2021 @CanadaPain @josephcarolan20 @TheFuglyFrog @HollySt92337394 @Nashkitty66 @LynnH26159395 @GasserKellie @OldHeadFighta @Annemarie55USA @JosephFalzoneMD @FollowingForFu2 @MelindaJaneOwe2 @secondchances09 @truth_uni @JonelleElgaway @DrRevo @1959smith715 @PlayLynny4U @PithyPins @vendingcomics @MsKittyresist EXACTLY! Most YouTube videos and I need like 99% promote epidural steroid injections in spinal cord stimulator‘s. You have to sift through piles of unregulated propaganda. There’s no problem with that apparently. Must be the money.🤑
27,Francis78733826,2022-10-25 02:16:54+00:00,0,Twitter for iPhone,"Epidural Stimulator and Stem Cell Treatment 
 https://t.co/Hy2oTj7h2j"
28,Bilked2TheBrink,2022-10-21 21:27:24+00:00,8,Twitter for iPhone,@ThomasKlineMD @US_Muckraker @jdginlr @headdock @EqualityCouple @DebraCartles @FLSpacePort @Wanita1 @jinks462 @JenSawyer5 @CanadaPain @sexton_cecilia @SandraEmery7 @ravensspirit68 @BabsRags @Heather98323492 @ChrisNeuen @Colo_Trumpette @CMerandi @GeneW22614687 @JoeAllenNewman @KatTwisted @D321Debbie @MaryinKansas @GOP @IntlCrimCourt @supportprop @life_is_art___ @ibdgirl76 @CIAAG_Lauren @Shasta_Rayne @candiomercer @Katamac1967 @FBI I got a nasty pejorative remark put in my chart for simply not signing on for at least two spinal cord stimulator‘s and multiple epidural steroid injections. Merely asking if I could maintain my former medication. One single question is all it took for him to write a nasty note.
29,Bilked2TheBrink,2022-10-21 19:52:54+00:00,6,Twitter for iPhone,Her spine looks like a railroad track- Hard to believe she was talked into a spinal cord stimulator. Mine looks like a roller coaster or the sideshow. Me? Heck NO. Same 5” needle &amp; space on any EPIDURAL 💉injection &amp; stimulator. https://t.co/tLmqXnQP6j
30,omwtoL10,2022-10-15 15:37:00+00:00,1,Twitter for iPhone,"@ogpasha Ahh I see, yeah they usually do the lumbar epidural steroid injections and if that works they move onto the RFA(ablation) not sure how it relates to not being able to do the SCS(stimulator) but worth a shot to ask."
31,daronm09,2022-10-14 06:32:48+00:00,0,Twitter for iPhone,Epidural Stimulator and Stem Cell Treatment https://t.co/Jh779OD72P if anyone can help buddy out
32,RnJewelrymaker,2022-10-14 02:24:47+00:00,0,Twitter for Android,Epidural Stimulator and Stem Cell Treatment https://t.co/XU72kVfS3X
33,adamir505,2022-10-12 20:04:02+00:00,0,Twitter for Android,Epidural Stimulator and Stem Cell Treatment https://t.co/MaktoGbJRZ
34,skylardones,2022-10-12 13:57:10+00:00,0,Twitter for Android,Epidural Stimulator and Stem Cell Treatment https://t.co/Jw1WYWi5Dd
35,RosaEsp10478791,2022-10-07 04:48:45+00:00,0,Twitter Web App,Epidural Stimulator and Stem Cell Treatment https://t.co/gHjG5mCim6
36,SandraRankin_UK,2022-10-04 17:24:36+00:00,0,Twitter for Mac,"Donate if you can…

Epidural Stimulator and Stem Cell Treatment 
 https://t.co/3bzoQQSQXj"
37,EVLovesBoHope,2022-09-29 16:43:26+00:00,0,Twitter for Android,Epidural Stimulator and Stem Cell Treatment https://t.co/VfbfhvR4os
38,cgood1971,2022-09-29 01:39:48+00:00,0,Twitter for Android,Epidural Stimulator and Stem Cell Treatment https://t.co/1a673njqRZ
39,MyIllnessesSuck,2022-09-27 01:14:37+00:00,2,Twitter for Android,@AD2Trill Can I ask what the epidural stimulator is? I'm waiting hopefully for a spinal cord stimulator seeing my consultant on 4th Oct. But they have found a cyst on my spine which is growing quickly and will paralyse me if nothing is done soon
40,deepeajay,2022-09-25 16:13:31+00:00,0,Twitter for iPhone,"Epidural Stimulator and Stem Cell Treatment 
 https://t.co/zLIfa8VkR1"
41,Ambi0724,2022-09-25 01:38:45+00:00,0,Twitter for iPhone,Epidural Stimulator and Stem Cell Treatment https://t.co/HQONlU1wWB @TeamPulte can we help?
42,Lilgurlbluuuuu7,2022-09-24 01:40:58+00:00,0,Twitter for Android,Epidural Stimulator and Stem Cell Treatment https://t.co/XShlgKCA7Q
43,dawngray72,2022-09-24 00:54:16+00:00,0,Twitter for iPhone,Epidural Stimulator and Stem Cell Treatment https://t.co/My7BFDaAO5
44,Glitterkitty129,2022-09-22 22:19:22+00:00,0,Twitter Web App,Epidural Stimulator and Stem Cell Treatment https://t.co/qJQGRS8HYa
45,SixFootToo,2022-09-22 13:33:37+00:00,0,Twitter for iPhone,"Epidural Stimulator and Stem Cell Treatment https://t.co/NOQ2xqX3hb
#Charity #fundraising #LetsHelpHimWalk"
46,VirGoddessss,2022-09-20 06:13:12+00:00,0,Twitter for iPhone,"Epidural Stimulator and Stem Cell Treatment 
 https://t.co/DsRmj9QURW"
47,PaulineMacken19,2022-09-17 17:52:07+00:00,0,Twitter for iPhone,"Epidural Stimulator and Stem Cell Treatment 
 https://t.co/4mF2DeaOUi"
48,CNN_Potatoe,2022-09-17 04:41:21+00:00,0,Twitter for iPad,"Epidural Stimulator and Stem Cell Treatment 
 https://t.co/SME5gOK0Vd"
49,bees_bertie,2022-09-12 23:55:24+00:00,2,Twitter for iPhone,@NyBaseball36 Living the life . You as well !! How’s the back doing? They’re trying to talk me into a bone stimulator. Had a build up of Ibuprofen in my blood stream made me so sick… going to settle for a Cortizone shot. caused fibrosis tissue additional pain after 29 epidural injections.
50,ParissExclusive,2022-09-12 12:53:34+00:00,0,Twitter for iPhone,Epidural Stimulator and Stem Cell Treatment https://t.co/JW2Xwj15nk
51,WBirden,2022-09-10 21:44:19+00:00,0,Twitter for Android,"Epidural Stimulator and Stem Cell Treatment 
 https://t.co/n3WSGGUAU2"
52,jmkillingnyc,2022-09-08 01:30:09+00:00,2,Twitter for iPad,@Bilked2TheBrink @Bilked2TheBrink I just told my husband about the stimulator/epidural causing permanent damage crisis and responded  “they want afflicted people in more despair so we kill ourselves just like they do in communist countries”. I thought I did hold back. These aren’t accidents!
53,Bilked2TheBrink,2022-09-01 05:57:41+00:00,28,Twitter for iPhone,"@PennyCarrigan1 @ThomasKlineMD @Faithgirlee @CRPSisaRealPain @MelindaJaneOwe2 @SpicyPurritos @ibdgirl76 @MediaClymer @GeneW22614687 @plwin49 @dawnimatrix @headdock @MomalaDearest @HeatherLinda11 @TLCStruggle @KatTwisted @puppyluvr312 @AdamGentry2021 @CanadaPain @josephcarolan20 @PTSDAdvocate @Irishbrat1966 @TheFuglyFrog @HollySt92337394 @Nashkitty66 @LynnH26159395 @GasserKellie @OldHeadFighta @Annemarie55USA @JosephFalzoneMD @FollowingForFu2 @CContrarus @secondchances09 @truth_uni @Merry_Hippie @JonelleElgaway @DrRevo @1959smith715 @PlayLynny4U @PithyPins @vendingcomics @MsKittyresist @hope411adcock @TerriMe3 @Danniedean5 @TrumpWontWork @Chrissy_8675309 @HowardWill5 It is why I am terrified to go to a doctor. The pain doctor wrote an ugly note with anti-opioid overtones because I didn’t immediately agree to a spinal cord stimulator nerve ablations and epidural steroid injections, never mind that they’re blackbox warnings it’s $2k a shot."
54,DaisyBaby38,2022-08-23 05:27:51+00:00,0,Twitter for iPhone,Epidural Stimulator and Stem Cell Treatment https://t.co/M8VseySndQ
55,Luckyone71,2022-08-21 05:18:54+00:00,1,Twitter for iPhone,Spinal Cord injury (T-12) &amp;Epidural stimulator Imp https://t.co/Rri82hlHLK
56,Bilked2TheBrink,2022-08-12 03:37:51+00:00,3,Twitter for iPhone,"SPINAL CORD STIMULATOR TRIAL:
It’s AN EPIDURAL needle to SURGICALLY implant the LEADS into your spine-to the spinal cord stimulator battery pack-later inserted like a hockey puck in the back. https://t.co/TyfKTHtOCY"
57,Bilked2TheBrink,2022-08-12 01:32:22+00:00,0,Twitter for iPhone,"TRIAL IS NEEDLES/Leads SURGICALLY IMPLANTED IN EPIDURAL SPINE.
————————————
Conduct a Trial Stimulation Period Before Implanting a Spinal Cord Stimulator (SCS) - Letter to Health Care Providers | FDA https://t.co/UA6Ry2J0Z1"
58,Bilked2TheBrink,2022-08-11 20:12:30+00:00,10,Twitter for iPhone,@TNIrishLass @MaryinKansas @headdock @DebiDawson8 @PennyCarrigan1 @Faithgirlee @dawnimatrix @CRPSisaRealPain @ThomasKlineMD @MediaClymer @SpicyPurritos @Catt624 @MomalaDearest @HeatherLinda11 @TLCStruggle @plwin49 @KatTwisted @puppyluvr312 @AdamGentry2021 @ibdgirl76 @CanadaPain @josephcarolan20 @PTSDAdvocate @Irishbrat1966 @TheFuglyFrog @HollySt92337394 @Nashkitty66 @LynnH26159395 @GasserKellie @OldHeadFighta @Annemarie55USA @JosephFalzoneMD @FollowingForFu2 @MelindaJaneOwe2 @CContrarus @secondchances09 @truth_uni @Merry_Hippie @JonelleElgaway @DrRevo @1959smith715 @PlayLynny4U @PithyPins @vendingcomics @MsKittyresist @hope411adcock @TerriMe3 @Danniedean5 @TrumpWontWork @Chrissy_8675309 A risky issue of the spinal cord stimulator is it is put in to the epidural area of the spine. It’s so easy for a doc to misplace a needle 681♿️ paralyzed as of 2017-more by now. No matter what model is going to epidural area - this risk  is in trial surgery. Like this: https://t.co/xeGMPToGSG
59,mjj1434,2022-08-07 17:48:33+00:00,1,Twitter for iPhone,@alliance_voting @SCMPNews @WinnieH24499628 He had an epidural stimulator implanted .
60,LeBrowdie360,2022-08-05 18:15:32+00:00,0,Twitter Web App,Epidural Stimulator and Stem Cell Treatment https://t.co/1PDknLGnoK
61,AlexisJ1977,2022-08-05 09:14:34+00:00,4,Twitter for Android,Epidural Stimulator and Stem Cell Treatment https://t.co/4XKqiu1xEo
62,EmpoMoJo,2022-08-05 03:00:51+00:00,0,Twitter for Android,"Help him walk again.
Epidural Stimulator and Stem Cell Treatment https://t.co/tFnzPJtgeb"
63,dhillstrong1,2022-08-04 23:23:14+00:00,3,Twitter Web App,"#tbt Out celebrating Chico's birthday the other week

#NextStep #NextStepOrlando #SpinalCordRecovery #SpinalCordInjury #ElonMusk #NeuraLink #GoGators #Gators  #follow  #Quadlife  #barstoolsports #Paralysis #quadriplegic #epiduralstimulator #happy #love #nooners #HighNoonSunSips https://t.co/EtsFaAm8dx"
64,iamfergs,2022-07-30 03:42:26+00:00,1,Twitter for iPhone,"Epidural Stimulator and Stem Cell Treatment 
 https://t.co/HkzQHWM0OM 

I keep all I have by giving it away. Stay blessed, sir."
65,JamielynnKM,2022-07-29 01:54:19+00:00,0,Twitter for iPhone,"@OneDayAtATimePC @gravelerer @theworIdshesaw @_TheLongOne_ @aaronuart @corinne_perkins @evelynpix Well there is a way. A stimulator, pain pump, pain meds, muscle relaxers injections like epidural nerve block, eblashion of the nerves. I’ve had nerve blocks and recently eblashions done. To stop the nerve damage I have in my neck and shoulders. Which came from the spine injury."
66,EmpoMoJo,2022-07-28 22:18:22+00:00,0,Twitter for Android,"Epidural Stimulator and Stem Cell Treatment 
 https://t.co/ekMezpPGCX"
67,DJ_Ferguson343,2022-07-10 00:03:28+00:00,0,Twitter for iPad,Epidural Stimulator and Stem Cell Treatment https://t.co/xieyjf8nva
68,___AwwMeE,2022-07-06 23:48:03+00:00,0,Twitter for Android,Epidural Stimulator and Stem Cell Treatment https://t.co/LiF8H9DPOe
69,TrustNoBod_E,2022-07-05 21:42:10+00:00,8,Twitter for iPhone,@dotmov_eth @LuiJ78 @trieyedoc @killabearsnft @dailypaperhand LFG!!!🔥🔥🔥 I had my epidural injection this morning and now I’m spinal stimulator implant away from going back to work.  You helped me keep my spirits up bro and this space has given me a new way to look at things. Im enjoying every minute and I’m so glad that you are here💜🤍 https://t.co/TWxkEyBL1J
70,TheCoolGamerDad,2022-07-05 17:25:45+00:00,1,Twitter for iPhone,@WagnerKills Hahaha I wish it was Lmaoo. I just got home. Had more scar tissue to be removed with the piece of metal that sheered off and they took the bone growth stimulator out. Not looking forward to this epidural wearing off.
71,bubby34,2022-07-01 20:56:05+00:00,1,Twitter for iPhone,"@Bossey221 @ContraNarrativ3 @mssakshinarula I have a stimulator, I take 7 different meds &amp; I have 3 IV treatments up coming. I’ve had a 5 day epidural infusion where I stayed in the hospital for 5 days with a needle in my spin. That didn’t help really at all."
72,lorecryptid,2022-06-22 21:04:44+00:00,8,Twitter for iPhone,"@IRIStwt_ Ooh, fun question. Probably the fact that we successfully managed a xenogenic heart transplant and the spinal cord stimulator that lets folks walk again thanks to epidural electrical stimulation. We’re entering crazy times!"
73,VeritaNeuro,2022-06-13 17:38:03+00:00,0,Adobe Express,"These classic #physiotherapy techniques play just as vital a role in our expert treatment as the #epiduralstimulator implantation and mapping. They all work in tandem to create our next-generation, life changing #spinalcordinjurytreatment, https://t.co/tUTUvuFSvV"
74,ForYouI3,2022-06-05 16:15:36+00:00,9,Twitter for iPhone,Epidural Stimulator and Stem Cell Treatment https://t.co/Sis9iat98M
75,maureviv,2022-06-05 06:14:53+00:00,4,Twitter for Android,"@TCM_tweets @ashmurdock_ @roomcmoo Is it a pain pump (provides liquid anesthesia in the epidural or paravertebral space) or a spinal.cord stimulator (in epidural space, provides electromagnetic fields that modulate pain into small paresthesias)?"
76,mzb471966,2022-06-02 16:36:42+00:00,0,Twitter for Android,"Please share &amp; donate to help my nephew A. D. Grant reach his goal. Thank you in advance. 🙏🏾
Epidural Stimulator and Stem Cell Treatment https://t.co/veVhUnHYsa"
77,quantumblack,2022-04-28 16:53:39+00:00,1,Twitter Web App,Feb 7: Researchers demonstrate a spinal cord stimulator that enables patients with spinal cord injury to walk again via epidural electrical stimulation (EES) with substantial neurorehabilitation-progress during the first day
78,ARWTMD,2022-04-27 12:30:18+00:00,5,Twitter for iPhone,"An MSA patient with severe OH before and after T-spine epidural stimulator implantation and restoration of BP regulation, excellent Grand Rounds speaker this morning @gcourtine @BWHNeurosurgery @harvardneuromds https://t.co/QhsUpXeaCW"
79,Bilked2TheBrink,2022-04-11 04:26:09+00:00,0,Twitter for iPhone,"@annemarie1219 @jmorang64 @evolutionarypsy Yes-he was definitely paralyzed by the process of attempting to install the stimulator as they made a couple of millimeters error and hit the artery. Had I known it could cause blindness/stroke I would not have one EPIDURAL NEEDLE ever, but I did have one cervical ESI."
80,Dataemia,2022-04-09 16:37:03+00:00,0,Dataemia,Ultrasound and nerve stimulator guidance lumbar transforaminal epidural block for the treatment of patients with lumbosacral radicular pain - https://t.co/2vPpMwQb3M
81,valderie,2022-04-04 17:36:32+00:00,17,Twitter for iPhone,"At the doctors, I was just handed a bill for $2400 for my epidural in august (that didn’t take) and my trial stimulator from December. 

For some reason my insurance isn’t covering it???

I hate it here."
82,EngySaid_MD,2022-04-02 19:42:27+00:00,17,Twitter for iPhone,"UCSD regional rising stars! Dr. Prakash on blocks for hypoglossal n. stimulator. Dr. Coblentz on thoracic epidural vs ESP catheter for rib fracture. And when ASRA president @NarouzeMD subs in to moderate your session, you 100% go for that photo. #ASRASPRING22 @UCSDAnesChiefs https://t.co/5jZotSgsJm"
83,PrGeorgePost,2022-03-31 00:00:00+00:00,0,Twitter Web App,"Ryan Straschnitzki is in Calgary this week to have the epidural stimulator in his spine reprogrammed.

https://t.co/09EtE4Us6Y"
84,healthing_ca,2022-03-30 20:53:09+00:00,0,Echobox,"Ryan Straschnitzki is in Calgary this week to have the epidural stimulator in his spine reprogrammed

#Canada #news #healthing #healthnews  https://t.co/dFJAMVmAch"
85,abruptdragon,2022-03-29 08:59:19+00:00,1,Twitter for iPhone,@ragectl I realised there’s no context to this haha. It’s a spinal cord stimulator. So those wires go into my epidural space and send signals through my spinal cord to disrupt the pain signals from nerve damage.
86,Tjaw7289,2022-03-25 13:27:08+00:00,1,Twitter for iPhone,I’m trying to raise money for a spinal cord injury surgery it’s called the epidural stimulator and it would allow me to have kids be a father stand and take steps again I’m asking anyone if they could just share my post thank you so much https://t.co/3XloUcCnGA
87,cmfortin11,2022-03-18 16:48:16+00:00,4,Twitter Web App,https://t.co/0HBvMv5GI8 This implementation of an epidural stimulator gives this motocross athlete a second chance at being able to live a life that goes beyond the wheelchair following a spinal chord injury. #EXS3030 #EXS3030
88,ShelleyLopresti,2022-03-04 02:35:39+00:00,53,Twitter for iPad,"Saw my pain doc. Doing another occipital block and an epidural, not at the same time. I started the paperwork to get the SPRINT PNS which is a peripheral nerve stimulator implant in my neck, probably May or June. If not then another nerve ablation but have done that 6 times."
89,SeanDreyer,2022-02-09 02:32:17+00:00,82,Twitter Web App,"THIS is why I'm doing Spinal Cord Injury

» Epidural electrical stimulator, using a new arrangement of electrodes...

...WITHIN A SINGLE DAY of the implant, patients with COMPLETE spinal cord injury were walking.

!!!!

Below: Michel Roccati💪

https://t.co/u4nilOzs5M
#Physiatry https://t.co/isOczjmarg"
90,HiSam97793617,2022-01-27 16:52:22+00:00,0,Twitter for Android,"@MommaGGeri I have had 8 spinal surgeries. 100+ epidural directly into the epidural sac.over the years. I have had many Spinal Ablations. RFA's. I also have a spinal cord stimulator implanted.
After having covid I have been living in bed 99.7% of the time. I used to ask onetime a week or so."
91,Ryan_S_DSouzaMD,2022-01-26 19:11:32+00:00,5,Twitter Web App,"Spinal cord stimulator is placed in the epidural space and stimulates dorsal column(A-beta fibers) #Medstudents #MedStudentTwitter–I had no idea what SCS was early in #medschool. When I saw this as a 4th year student, it changed my life and was one of the reasons I pursued #pain. https://t.co/A7U1tU4sp2"
92,ExcelPain,2022-01-25 12:00:00+00:00,0,HubSpot,"A spinal cord stimulator is an implanted device that send low levels of electricity via a small electrical wire placed behind and just outside the spinal cord in the epidural space to relieve pain. To LEARN MORE call us (813) 701-5804 or visit our website:
https://t.co/MjE0KW5qj8 https://t.co/gWlY7NEYhD"
93,HiSam97793617,2022-01-21 01:53:52+00:00,3,Twitter for Android,"Ok really needed this day..So close to not being able to stand n walk. Doc gave me 2 epidural. So I can move slow. I also just cranked up my spinal  cord stimulator
 It's shaking me so VIOLENT I LOVE IT! Later all don't forget how blessed you are to simply move. Amen 💞🤟🏼🙏🏼"
94,PainReportsOPEN,2022-01-11 18:02:28+00:00,3,Hootsuite Inc.,"A recent #PAINReports article reports on cervical epidural space due to fibrosis that makes cervical spinal cord stimulator placement difficult, including a successful case and discussion of the technical challenges associated with this pathophysiology. https://t.co/T5txgEY2mb https://t.co/TOZHKJMPU4"
95,IASPpain,2022-01-11 18:01:29+00:00,1,Hootsuite Inc.,"A recent #PAINReports article reports on cervical epidural space due to fibrosis that makes cervical spinal cord stimulator placement difficult, including a successful case and discussion of the technical challenges associated with this pathophysiology. https://t.co/EeIXlp68CM https://t.co/saSAkU8ppz"
96,1HashHoward,2022-01-11 05:47:36+00:00,3,Twitter for Android,"@marcmandrake I understand completely. 
I have an Intrathecal pump and spinal stimulator embedded to relieve L2 to S1.
Now, cervical disks are going and, today I had epidural steroid shots in T7. Now thanks to Medicare, I can no longer have anesthesia during the procedure.
I get it, Mark."
