,0,1,2,3,4
0,teal64,2009-12-14 23:42:31+00:00,0,Twitter Web Client,"@Teebiebrown definitely not going to have the spinal stimulator implanted, nor any other spine surgery for now."
1,_DanniTho,2009-12-01 16:25:49+00:00,0,Twitter Web Client,this bitch @jerbritay had to get a nerve stimulator in her spine so she could eat her own pussy since no one else would
2,teal64,2009-11-18 13:25:51+00:00,0,Twitter Web Client,@Teebiebrown I'm just not sure yet - TENS unit made phantom pain worse & I'm wary of spine stimulator doing the same
3,Teebiebrown,2009-11-18 13:12:20+00:00,0,Twitter Web Client,"@teal64 :-( that's a shame re: crutches Di, what do you think you will do with the spine stimulator?"
4,teal64,2009-11-18 13:06:21+00:00,0,Twitter Web Client,@Teebiebrown on crutches again for a few days - stump problems :( did you see my DM re: spine stimulator?
5,prhuds,2009-10-14 04:19:17+00:00,0,erased858,i can not wait! tomorrow i get to have my spinal stimulator pulled out of my spine and totally removed.this thing  ... http://lnk.ms/3LnsY
6,debbieskerten,2009-10-04 17:47:46+00:00,0,Twitter Web Client,implant in my spine which is called a Spinal Cord Stimulator. I'm not a hypercondriac - honest!
7,coreyfox,2009-07-28 21:05:01+00:00,0,Twitter Web Client,@vuvudoll you and me both and then they will implant the pain stimulator in me and may even be doing more fusions to my spine
8,iamblsd2,2009-07-27 10:25:23+00:00,0,Twitter Web Client,Up bright & early at the spine center w/ chris for his spinal cord stimulator trial. Pray for success!
9,bionicrocky,2009-06-05 05:48:17+00:00,0,Twitter Web Client,@grantimahara I have a Spinal Cord Stimulator (http://www.controlyourpain.com) and titanium in my spine. I'm most of the way there!
10,mrpatricks,2009-04-18 15:24:34+00:00,0,Twitter SMS,"I'm in bed with serious back pain,as said before I'm currently doing a trial with the spine stimulator I just pull the wire out of my ba ..."
11,cleverindie,2009-04-10 05:42:06+00:00,0,Twitter Web Client,@fortysixty I'll take one! Reminds me of the neuro/muscle stimulator thing- but more focused on the spine than on areas to the sides...
12,davidmash,2009-03-20 14:46:29+00:00,0,Twitter Web Client,Just got my new electronic bone growth stimulator. Now the race is on to grow bone in my spine!
