,0,1,2,3,4
0,femcar,2010-11-20 14:58:27+00:00,1,Twitter for Android,does anybody know anybody else that has a stimulator implanted in their spine for orgasm? I feel like a sex cyborg alien :)
1,FLgirl9,2010-11-19 19:50:07+00:00,0,Twitter Web Client,Struggling with my trial stimulator in my spine. God give me the strength to get through this!
2,GreenviewBaptKY,2010-10-29 18:42:46+00:00,0,Facebook,Mary B. had surgery this morning for a spine stimulator.  She appreciates each and every one of your prayers!!!! I... http://fb.me/J0akGbZf
3,Vikingfist,2010-10-19 10:29:05+00:00,0,TweetDeck,@Brutalplanett @Biomech_  Then get back to the States and get a doctor that can put a spinal cord stimulator machine into my spine.
4,DamonHazell,2010-08-12 01:32:09+00:00,0,Twitter Web Client,"stimulator reoved from my back, it works for perm 1 being implanted around spine A.S.A.P"
5,ODTmagazine,2010-07-29 22:02:40+00:00,0,Twitter Web Client,Boston Scientific Refines its Spine Stimulator System http://bit.ly/cUTvUg
6,JustMe_Jody,2010-07-24 21:38:56+00:00,0,Twitter Web Client,"@drOTR1201 they are going to put a stimulator or a pain pump in my spine in sept, I will be ok I am strong http://tl.gd/2nkenc"
7,help4backpain,2010-06-06 11:30:09+00:00,0,Twitter Web Client,ThisHelpsForbacklegpain: I am about to have a stimulator put in my spine for low back and leg pain. What are the pr... http://bit.ly/cgKjSt
8,sherri_herrmann,2010-05-21 15:11:05+00:00,0,Hootsuite,"^SH So ...the spine stimulator wires are in...it hurt but not as bad as the first time....sore today...

~Peace~"
9,Tina_Midwest,2010-05-04 17:28:31+00:00,0,Twitter Web Client,Dr. wants to put a neuro stimulator in my spine? Just more great news!! oh well live on!
10,sepaincare,2010-05-02 22:12:14+00:00,0,Twitter Web Client,A stimulator is like a pace maker for the spine. #sepchw
11,_IamCarrie,2010-03-26 14:56:11+00:00,0,Twitter Web Client,sitting @ the spine doc's office; waiting while the wife gets a temp spinal cord stimulator wired up. FUN!
