,0,1,2,3,4
0,DCCraigslist,2011-12-30 19:48:28+00:00,0,twitterfeed,"#dcbarter New In the Box (Never Used) Spine Stim, Bone Growth Stimulator (Manassas RT/28) $1: Product Descriptio... http://t.co/0BgXvAOh"
1,erikarlebang,2011-12-14 09:34:12+00:00,1,UberSocial for BlackBerry,"Parsva Halasana, for rejuvenating the body, toning the spine-paraspinal muscles and spleen stimulator #yoga http://t.co/Lm8v8inc"
2,DCCraigslist,2011-11-30 17:58:35+00:00,0,twitterfeed,"#dcbarter New In the Box (Never Used) Spine Stim, Bone Growth Stimulator (Manassas RT/28) $1: Product Descriptio... http://t.co/gjpWzOOb"
3,DCCraigslist,2011-11-20 16:14:54+00:00,0,twitterfeed,"#dcbarter New In the Box (Never Used) Spine Stim, Bone Growth Stimulator (Manassas RT/28) $1: Product Descriptio... http://t.co/MFctQn6d"
4,bhardware,2011-11-17 02:37:55+00:00,0,Twitter Web Client,Nuga Medical: Moxibustion-Acupressure-Thermal Spine treatments combined Personal Combinational Stimulator ‘Nuga  #NEWS http://t.co/k8nq0Gyu
5,tll160,2011-11-15 05:05:50+00:00,0,Twitter for Android,Having wires put into your cervical spine coming out in between your shoulder blades with cords hooked up to a neuro stimulator = no fun
6,Ddubspatticake,2011-11-10 15:16:43+00:00,0,Twitter for iPhone,@guppie_01 Unfortunately yes.  I'm starting a new medicine for my RA and getting a spine stimulator for the back pain.
7,DCCraigslist,2011-10-20 15:53:25+00:00,0,twitterfeed,"#dcbarter New In the Box (Never Used) Spine Stim, Bone Growth Stimulator (Manassas RT/28) $1: Product Descriptio... http://t.co/hP8iBra6"
8,EbCummings1,2011-09-21 03:10:21+00:00,0,Twitter for iPhone,"Yeah, so kidney surgery, then oral surgery, then stimulator install in my spine, (with 2 MONTH recovery) @polerin"
9,Baldncane,2011-09-15 19:23:34+00:00,0,Hootsuite,Staples removed! Discovered bone growth stimulator is implanted between my skin and my spine!? I didn't feel like sitting anyway! Nap time!
10,Spicey_Spiney,2011-09-14 22:59:18+00:00,0,Twitter Web Client,"@JulesEmmaSun Yep, got screws & rods in my spine, plus a device implanted called a spinal cord stimulator to help with pain relief."
11,FatherNoRest,2011-09-06 02:26:53+00:00,0,TweetDeck,@ishadow1 pain guy is trying to get me approved for spine stimulator 7-day trial also
12,smudroch,2011-08-31 00:15:42+00:00,0,Twitter for iPhone,"The Dr's. are not sure about RSD, they think its all nerve damage. I am supposed to think about a implanted nerve stimulator by my spine."
13,ChronicMe,2011-08-20 23:37:05+00:00,0,TweetDeck,Spinal Cord Stimulator: A Possible Solution 4 Complex Regional Pain Syndrome http://t.co/aRhPOPp  #Arthritis #Chronicpain #spine
14,gsmithracefan,2011-07-20 01:19:27+00:00,0,Twitter for Android,@Hobbes14 with the help of a spinal cord stimulator they put in my spine is helping. I still need some pain pills and they are  strong stuff
15,DJsdaughter,2011-07-15 16:20:13+00:00,0,Twitter for BlackBerry®,@KissSimina he has been out not being a good boy trying 2 do too much 2 soon he is getting better tho has 2 wear collar n spine stimulator
16,DJsdaughter,2011-07-08 01:27:09+00:00,0,Twitter for BlackBerry®,"@Damander1970 Dennis can walk but can't drive, turn his head, bend over, reach up a robot kinda he wears a whiplash collar/spine stimulator"
17,karenlynnn,2011-07-07 12:24:36+00:00,0,Twittelator,@MalloryOnTravel this is just wonderful. I've got a bone growth stimulator wired to my spine. Imagine how much fun I'll have at security. :(
18,drpatfarrell,2011-06-29 23:31:31+00:00,0,Twitter Web Client,@GrowingThruPain Isn't it an electric stimulator unit placed on the spine to provide pain relief?
19,FitTips84,2011-06-21 23:02:12+00:00,0,twitterfeed,"#pharma #fitness Paraplegic Stands: An epidural stimulator, implanted on the spine, allows a paraplegic man to stand.  http://ow.ly/2fhwY"
20,PharmaNews7,2011-06-21 23:02:12+00:00,0,twitterfeed,"#pharma #fitness Paraplegic Stands: An epidural stimulator, implanted on the spine, allows a paraplegic man to stand.  http://ow.ly/2fhwY"
21,Joyous1017,2011-06-21 18:50:04+00:00,0,Twitter for iPhone,@MDFatboy they put the muscle stimulator on it and loosen it up then cracked the mess out of it. It relieved so much tension on the spine
22,DannyBayRidge,2011-06-02 10:45:01+00:00,0,Twitter Web Client,"@EddieTrunk But in all seriousness, I understand what you're going through. 2 fusions and now a stimulator in my spine."
23,KapiKy9,2011-05-27 18:48:52+00:00,0,Twitter for iPhone,@robinstrasser you need to ask your Dr. about a internal spine stimulator. I have one and it helps ALOT!! It is like a tinge unit
24,FitTips84,2011-05-21 13:59:57+00:00,0,twitterfeed,"#pharma #fitness Spine implant helps paralyzed man walk: Implantation of an electrical stimulator helps a man, who...  http://ow.ly/2fhwY"
25,PharmaNews7,2011-05-21 13:59:57+00:00,0,twitterfeed,"#pharma #fitness Spine implant helps paralyzed man walk: Implantation of an electrical stimulator helps a man, who...  http://ow.ly/2fhwY"
26,thepaolo,2011-05-21 12:51:33+00:00,0,twitterfeed,"Spine implant helps paralyzed man walk: Implantation of an electrical stimulator helps a man, who was paralyzed ... http://bit.ly/ilQq2N"
27,ImPaolo,2011-05-21 12:51:33+00:00,0,twitterfeed,"Spine implant helps paralyzed man walk: Implantation of an electrical stimulator helps a man, who was paralyzed ... http://bit.ly/ilQq2N"
28,altnews_,2011-05-21 12:51:32+00:00,0,twitterfeed,"Spine implant helps paralyzed man walk: Implantation of an electrical stimulator helps a man, who was paralyzed ... http://bit.ly/ilQq2N"
29,feedingofthefox,2011-05-20 17:49:12+00:00,0,Twitter Web Client,"Oh God, ITN news reporting on a 'wheelchair bound' man (after hit & run), who's walked again after an electro stimulator placed in his spine"
30,fromABroad,2011-05-20 17:15:02+00:00,0,Hootsuite,Experimental therapy gives paralyzed new hope via @CBS http://ow.ly/4ZlID #spine #paralysis #stimulator #injury via @PureEssenceLabs
31,PureEssenceLabs,2011-05-20 16:57:42+00:00,0,Hootsuite,Experimental therapy gives paralyzed new hope via @CBS http://ow.ly/4Zlps #spine #paralysis #stimulator #injury
32,PDandD,2011-05-20 15:07:49+00:00,0,Hootsuite,Paralyzed man moves after getting an electrical stimulator implanted on his spine: http://ow.ly/4ZdtJ
33,DannyBayRidge,2011-05-17 20:07:03+00:00,0,Twitter for Android,"@EddieTrunk I got 2 fusions to my spine, numerous Epidurals, pain meds ;) , PT, about 10 MRIs, and now a stimulator attached to spine. Ughh!"
34,MRMIKETAMPA,2011-05-11 09:29:06+00:00,0,Twitter for BlackBerry®,"@RyanNF2 -I have NF2 also. I just had a neuro -stimulator implanted in my spine to ease pain from countless ""fibromas"" on my spinal nerves."
35,martimidd,2011-05-09 05:38:49+00:00,0,Twitter Web Client,"I'll have surgery tomorrow. I'll be home around 5pm, this is no big deal. Stimulator in my muffin, electrical leads up my spine."
36,slschwanz,2011-05-05 20:09:17+00:00,0,Plume for Android,So the Dr wants me to have a spine stimulator put in my spine not sure how I feel about that anyone know aboot
37,SpielMD,2011-04-25 14:20:21+00:00,0,Twitter Web Client,"""Bike Stimulator Helping Patients with Spine Injuries"" http://bit.ly/e8ydUe #spineinjury #backache #alleviate"
38,spinal,2011-04-25 10:07:23+00:00,0,WordTwit Plugin,Bike Stimulator Helping Patients with Spine Injuries - http://spinalcordinjuryzone.com/Rj
39,Level11pt,2011-04-23 10:58:23+00:00,0,Facebook,Bike Stimulator Helping Patients with Spine Injuries | Canada Views http://fb.me/zVq65AKp
40,webOS30,2011-04-21 13:25:23+00:00,0,dlvr.it,Bike Stimulator Helping Patients with Spine Injuries « AccessTech News
41,MyByk,2011-04-20 22:05:55+00:00,0,Twitter Web Client,Bike Stimulator Helping Patients with Spine Injuries  http://is.gd/5jDATD @MyByk
42,dburdsal,2011-04-18 07:07:21+00:00,0,Twitter for Android,"@NerdyNeuroGirl oh yeah, hulk Hogan has a spinal stimulator, too...  we even both went to Dr. St. Louis at the laser spine cntr in Tampa"
43,Schuler68,2011-03-09 01:48:51+00:00,0,Twitterrific for iOS,Tomorrow I get my temporary dorsal column stimulator for my spine.  I'm a little nervous.
