,0,1,2,3,4
0,Laser_Tattoo,2012-12-31 18:14:30+00:00,0,Twitter Web Client,Nevro spinal cord stimulator: Spine zapper 'fixes' backs  http://t.co/yQ7oIB3D
1,MedicalFeed,2012-12-31 05:11:04+00:00,0,Google,Nevro spinal cord stimulator: Spine zapper 'fixes' backs: A new device that sends a high… http://t.co/j4p2nwvW
2,newswatchoz,2012-12-31 04:35:35+00:00,0,Twitter for Websites,Nevro spinal cord stimulator: Spine zapper 'fixes' backs http://t.co/QVgKwz0L
3,FamilyHealth4U,2012-12-31 04:10:41+00:00,0,twitterfeed,Nevro spinal cord stimulator: Spine zapper 'fixes' backs http://t.co/VbE75pqd http://t.co/ERWJmYZG
4,CryptyHither,2012-12-31 04:10:40+00:00,0,twitterfeed,Nevro spinal cord stimulator: Spine zapper 'fixes' backs: A new device that sends a high-frequency... http://t.co/2cP5ocjz #health #news
5,bookapharmacist,2012-12-31 00:53:42+00:00,0,SocialOomph,#news Nevro spinal cord stimulator: Spine zapper 'fixes' backs http://t.co/O6OKDzbV
6,auldcove,2012-12-30 20:46:08+00:00,0,iOS,Nevro spinal cord stimulator: Spine zapper 'fixes' backs http://t.co/SoYaPE5C
7,Laser_Tattoo,2012-12-30 20:13:37+00:00,0,Twitter Web Client,Nevro spinal cord stimulator: Spine zapper 'fixes' backs  http://t.co/yQ7oIB3D
8,posturevideos,2012-12-30 20:04:23+00:00,0,Twitter for Websites,Nevro spinal cord stimulator: Spine zapper 'fixes' backs http://t.co/G5CzgWYB via @MailOnline #low back pain #muscle #posture doctor
9,OrganicKosher,2012-12-30 18:45:45+00:00,0,twitterfeed,Nevro spinal cord stimulator: Spine zapper 'fixes' backs: A new device that sends a high-frequency electrical pu... http://t.co/8IYHiqnm
10,patnanews,2012-12-30 18:45:44+00:00,0,twitterfeed,Health Buzz: Nevro spinal cord stimulator: Spine zapper 'fixes' backs http://t.co/XRS9jbF5
11,24hrsHealthNews,2012-12-30 18:36:36+00:00,0,twitterfeed,Nevro spinal cord stimulator: Spine zapper 'fixes' backs: A new device that sends a high-frequency... http://t.co/RBPIj8QR #Health #News
12,trevreynoNewsBr,2012-12-30 18:32:30+00:00,0,Google,Nevro spinal cord stimulator: Spine zapper 'fixes' backs http://t.co/XkOh4gMy
13,Health_Survivor,2012-12-30 18:27:16+00:00,0,dlvr.it,Nevro spinal cord stimulator: Spine zapper 'fixes' backs http://t.co/Rgwg2JEL
14,DrAlexConcorde,2012-12-30 18:24:28+00:00,0,Hootsuite,HealtHnews: Nevro spinal cord stimulator: Spine zapper 'fixes' backs http://t.co/uRIEJCGV
15,DrCsHealthBlurb,2012-12-30 18:24:28+00:00,0,Hootsuite,HealtHnews: Nevro spinal cord stimulator: Spine zapper 'fixes' backs http://t.co/A97SEYib
16,SMPNegri40Mks,2012-12-30 18:03:55+00:00,0,twitterfeed,Nevro spinal cord stimulator: Spine zapper 'fixes' backs http://t.co/04lCOK7i #HEALTH
17,funboysadboy,2012-12-30 18:03:54+00:00,0,twitterfeed,Nevro spinal cord stimulator: Spine zapper 'fixes' backs http://t.co/nkK6gzy6 [Via Daily Mail]
18,BeSeenWith,2012-12-30 18:03:52+00:00,0,twitterfeed,Nevro spinal cord stimulator: Spine zapper 'fixes' backs: A new device that sends a high-frequency elect... http://t.co/YWXYvGIk #health
19,healthjournal,2012-12-30 18:03:52+00:00,0,twitterfeed,Nevro spinal cord stimulator: Spine zapper 'fixes' backs: A new device that sends a high-frequency electrical pu... http://t.co/m9L8NSwN
20,DTNUK,2012-12-30 18:03:52+00:00,0,twitterfeed,DTN UK: Nevro spinal cord stimulator: Spine zapper 'fixes' backs: A new device that sends a high-frequency elect... http://t.co/lpp2sjVj
21,charlottenewwom,2012-12-30 18:00:42+00:00,0,twitterfeed,Nevro spinal cord stimulator: Spine zapper 'fixes' backs: A new device that sends a high-frequency electrical pu... http://t.co/PPHhOW0x
22,Tiaputr,2012-12-30 18:00:13+00:00,0,twitterfeed,Nevro spinal cord stimulator: Spine zapper 'fixes' backs http://t.co/16eGjrwz
23,Segzy006,2012-12-30 17:56:26+00:00,0,twitterfeed,Nevro spinal cord stimulator: Spine zapper 'fixes' backs: A new device that sends a high-frequency electrical pu... http://t.co/jnM59mKL
24,iampaparious,2012-12-30 17:56:25+00:00,0,twitterfeed,Nevro spinal cord stimulator: Spine zapper 'fixes' backs: A new device that sends a high-frequency electrical pu... http://t.co/uEttz3dM
25,cugorwind86,2012-12-30 17:56:20+00:00,0,twitterfeed,Nevro spinal cord stimulator: Spine zapper 'fixes' backs: A new device that sends a high-frequency electrical pu... http://t.co/b00M0hkS
26,Paedodale,2012-12-30 17:56:12+00:00,0,twitterfeed,CARPET BOMB ROCHDALE Nevro spinal cord stimulator: Spine zapper 'fixes' backs: A new device... http://t.co/GuXm8JGG #middleton #kate #rt
27,MarXPacE,2012-12-30 17:56:11+00:00,0,twitterfeed,Nevro spinal cord stimulator: Spine zapper 'fixes' backs: A new device that sends a high-frequ... http://t.co/zBXQyRba #uknews #news #uk
28,MarXPacE,2012-12-30 17:56:10+00:00,0,twitterfeed,Nevro spinal cord stimulator: Spine zapper 'fixes' backs: A new device that sends a high-frequency... http://t.co/zBXQyRba #uknews #news
29,Wonko_thesane,2012-12-30 17:56:08+00:00,0,twitterfeed,Nevro spinal cord stimulator: Spine zapper 'fixes' backs http://t.co/B7sjpsOj
30,DailyMailUK,2012-12-30 17:45:43+00:00,0,twitterfeed,Nevro spinal cord stimulator: Spine zapper 'fixes' backs http://t.co/n68GWFKn
31,Hephaestus7,2012-12-30 17:39:12+00:00,0,Twitter for Websites,Nevro spinal cord stimulator: Spine zapper 'fixes' backs | Mail Online http://t.co/BaCVdanm
32,beaumontfans,2012-12-30 17:34:41+00:00,0,twitterfeed,Nevro spinal cord stimulator: Spine zapper 'fixes' backs: A new device that sends a high-frequency electrical pu... http://t.co/7xnWLwre
33,AbidDharamsey,2012-12-30 17:34:40+00:00,0,twitterfeed,Nevro spinal cord stimulator: Spine zapper 'fixes' backs: A new device that sends a high-frequency electrical pu... http://t.co/2zWtcBPL
34,InstaLive,2012-12-30 17:34:39+00:00,0,twitterfeed,Nevro spinal cord stimulator: Spine zapper 'fixes' backs: A new device that sends a high-frequency electri... http://t.co/JP3D1YNi #news
35,UK7BEST,2012-12-30 17:34:37+00:00,0,twitterfeed,Nevro spinal cord stimulator: Spine zapper 'fixes' backs: A new device that sends a high-frequency electri... http://t.co/78pVeUI1 #News
36,lastfreshnews,2012-12-30 17:34:34+00:00,0,twitterfeed,Nevro spinal cord stimulator: Spine zapper 'fixes' backs: A new device that sends a high-frequency electrical pu... http://t.co/4zRXim4L
37,DTNUK,2012-12-30 17:34:33+00:00,2,twitterfeed,dtn uK: Nevro spinal cord stimulator: Spine zapper 'fixes' backs: A new device that sends a high-frequency elect... http://t.co/lpp2sjVj
38,SimCityAT,2012-12-30 17:34:08+00:00,0,dlvr.it,Nevro spinal cord stimulator: Spine zapper 'fixes' backs http://t.co/sZzBMBn
39,VninHiarbi,2012-12-30 17:31:56+00:00,0,twitterfeed,Nevro spinal cord stimulator: Spine zapper 'fixes' backs: A new device that sends a high-frequency electrical pulse through the spine...
40,RecoHeart,2012-12-30 17:31:25+00:00,0,Twitter for BlackBerry®,Nevro  spinal cord stimulator: Spine zapper 'fixes' backs http://t.co/Av6v9iLN
41,DMAILhealth,2012-12-30 17:27:16+00:00,0,twitterfeed,Nevro spinal cord stimulator: Spine zapper 'fixes' backs http://t.co/wUYFALzu
42,breakingnewsnig,2012-12-30 17:22:18+00:00,1,dlvr.it,Nevro spinal cord stimulator: Spine zapper 'fixes' backs http://t.co/l2GykBhm
43,breakingnewsnig,2012-12-30 17:20:34+00:00,0,dlvr.it,Nevro spinal cord stimulator: Spine zapper 'fixes' backs http://t.co/dHASOuux
44,MailOnline,2012-12-30 17:15:22+00:00,1,twitterfeed,Nevro spinal cord stimulator: Spine zapper 'fixes' backs http://t.co/xZVIUHSG
45,TrendsAmerica,2012-12-30 17:15:08+00:00,0,erased2111_wM4A2MWMSU,Nevro spinal cord stimulator: Spine zapper 'fixes' backs: http://t.co/MGOioYX9
46,NASheridan,2012-12-17 21:43:40+00:00,0,Twitter Web Client,"@roni9uk Spinal Cord Stimulator, a sort of TENS machine for the spine. For me, too invasive &amp; fiddly. My consultant said 50% success rate"
47,DCCraigslist,2012-12-17 17:28:59+00:00,0,twitterfeed,"#dcbarter New In the Box (Never Used) Spine Stim, Bone Growth Stimulator (Manassas RT/28): Product Description (... http://t.co/Z21cCsWe"
48,butlerceri,2012-12-13 20:54:21+00:00,0,Tweetbot for iOS,@Johnp45 my spine is supported with titanium from L2-S1. Had new spinal column stimulator implant 5 weeks ago. I hope PM works well for you.
49,nascarmamma63,2012-12-05 22:16:04+00:00,0,Twitter for iPhone,"@TheEllenShow I don't need the 12 days of Christmas, just the bed. I have Nero spine stimulator in my back and need a new bed do bad."
50,therealcindyp,2012-12-02 22:28:17+00:00,0,Twitter for iPhone,@zach_worley10 I will have my spine stimulator so I may shock u!!!! :)
51,lezbenpride,2012-11-17 01:27:11+00:00,0,Twitter for Android,@kimboandersen oh ..sorry.stimulator for my spine..xx.
52,Mack_Theresa,2012-11-13 15:44:53+00:00,0,Twitter for Windows Phone,Gr8. Husband lost job/ins. I am disabled w/many meds &amp; was to have stimulator put in spine. Say goodbye to dream of walking normal. BUCK BO
53,houstonpeyton,2012-11-12 23:47:16+00:00,1,Twitter for Android,@LynetteBallard yeah she's fine. I believe she got what she/her doctor wanted with the spine stimulator.
54,seattlechiro1,2012-11-08 06:35:34+00:00,0,twitterfeed,Spinal cord stimulator technology helping people with arthritis in spine - WSLS http://t.co/GwDwbjA2
55,drraysue,2012-11-08 06:35:34+00:00,0,twitterfeed,Spinal cord stimulator technology helping people with arthritis in spine - WSLS http://t.co/KTLctueb
56,BackInjuryNews,2012-11-08 04:41:55+00:00,0,twitterfeed,Spinal cord stimulator technology helping people with arthritis in spine - WSLS http://t.co/4eNgIToX (c/o Google News)
57,julianalshapiro,2012-11-08 01:23:43+00:00,0,Scoop.it,Spinal cord stimulator technology helping people with arthritis in spine | @scoopit http://t.co/Bq0bNbY1
58,NikkiCole247365,2012-11-04 20:30:26+00:00,0,Twitter Web Client,"@MrsLinley76 they are putting what they called a ""dorsal column stimulator inside my spine. #NBF"
59,DCCraigslist,2012-10-28 05:27:31+00:00,0,twitterfeed,"#dcbarter New In the Box (Never Used) Spine Stim, Bone Growth Stimulator (Manassas RT/28): Product Description (... http://t.co/T9nPqU5j"
60,mayoungkin,2012-10-21 02:27:17+00:00,0,Twitter Web Client,@JasonRomano Nancy is having an electronic stimulator installed in her spine next month &amp; is headed for permanent disability.
61,DalIasDailyDeal,2012-10-19 18:47:18+00:00,0,dlvr.it,Frisco Spine Non-surgical Treatment – Spinal Stimulator http://t.co/h6UwJXSN
62,WillOakley_7,2012-10-19 18:05:46+00:00,0,Twitter for iPhone,Just pulled spinal cord stimulator wire leads out of a patient's spine. Pretty cool stuff.
63,solptinc,2012-10-19 15:05:29+00:00,0,Hootsuite,3 Ways to Use a Deep Muscle Stimulator #spine #injury - http://t.co/xbhgW22S
64,SportsOrthoSC,2012-10-19 15:05:29+00:00,0,Hootsuite,3 Ways to Use a Deep Muscle Stimulator #spine #injury - http://t.co/b5oZ1IJm
65,DCCraigslist,2012-10-09 01:25:15+00:00,0,twitterfeed,"#dcbarter New In the Box (Never Used) Spine Stim, Bone Growth Stimulator (Manassas RT/28) $1: Product Descriptio... http://t.co/fDnX344a"
66,vijayanandnz,2012-09-26 01:06:13+00:00,0,Twitter Web Client,Psychological Risk Factors for Poor Outcome of Spine Surgery and Spinal Cord Stimulator Implant http://t.co/zTZoTnlN via @CochraneBack
67,RichardjLevite,2012-09-18 20:24:54+00:00,0,Twitter for iPhone,"Doctor said fluid under the paddle leads on my spine may hinder the way the spinal cord stimulator works, it will get better over time"
68,RichardjLevite,2012-09-18 20:22:37+00:00,0,Twitter for iPhone,"Out of surgery for the spinal cord stimulator. Home and ""resting"" best I can. Leg pain better, groin pain very high, notch in spine hurts"
69,t__brandenburg,2012-09-17 23:14:45+00:00,0,Twitter for iPhone,@kccarlin1 he is getting a spine o stimulator put in. He has had a few failed operations. I don't know the doctor's name.
70,Tighe77,2012-09-14 06:27:59+00:00,0,Twitter for Android,@stevenceltic81 Thanks mate this was my third on my spine this time it was the stimulator trial to see if ends my chronic leg pain. You bud?
71,NikkiCole247365,2012-09-10 21:33:38+00:00,0,Twitter Web Client,@nikkiCole247 @FSU_Daisy_Girl @Girlie4 @lizetagge @FrankDiMasso @bluck13 and they are putting a dorsal stimulator in my spine
72,ColdLogistics,2012-09-10 21:24:29+00:00,0,Hootsuite,Two New Uses Approved for Boston Scientific Spine Stimulator http://t.co/PIR9LKPh
73,MPOmagazine,2012-09-10 19:16:01+00:00,0,twitterfeed,Two New Uses Approved for Boston Scientific Spine Stimulator: The CE Mark approves the system to treat chronic p... http://t.co/qUxMhrq2
74,ODTmagazine,2012-09-10 19:08:55+00:00,0,twitterfeed,Boston Scientific Spine Stimulator Has Two New Approved Uses: The system has received the CE Mark for chronic tr... http://t.co/jfXSRxeD
75,luciazamorano,2012-09-09 20:11:55+00:00,0,Facebook,"EU Approval for Nerve Stimulator in Depression, Epilepsy  | Michigan Brain &amp; Spine Surgery Center http://t.co/XRugA9ui"
76,Urkedout,2012-09-07 06:13:31+00:00,0,Twitter for iPad,@cookieman110 nerve damage both extremities. Now a candidate to get a electric stimulator in spine which tricks the brain not to feel pain.
77,LovenSOA,2012-09-02 15:05:51+00:00,0,TwitBird,"@ADunk14 yes but mostly lumbar sympathetic blocks, the nerves burned in my spine &amp; spinal cord stimulator trial"
78,NelsonB1979,2012-07-26 22:58:42+00:00,0,Twitter for Android,@SpineDallas  since my 360 fusion and now spine implant stimulator I have the worst intense pain ever in both legs. Is there help for that
79,chinsrule,2012-07-18 04:44:02+00:00,0,Twitter for Android,Did 30 min of the cell growth stimulator for the spine#everydayfor9months
80,cait_yaa_laterr,2012-07-09 20:55:19+00:00,0,Twitter for iPhone,When I try to explain to people what the spine cord stimulator in my dads back is they look at me like I have a million heads
81,marjmlksatx,2012-06-30 19:23:45+00:00,0,Twitter for Android,"I have a St. Jude's spinal cord stimulator with 36 leads, 18 on each side of my spine. I have full bodycoverage. It gave me my legs back."
82,EnglishSavage,2012-06-29 01:14:50+00:00,0,Instagram,That thing around my neck is a bone stimulator. Sends electric signals to help grow my spine back. $4500- cr http://t.co/w8hlLyDv
83,Kenzie_Kinz928,2012-06-27 18:40:17+00:00,0,Twitter for iPhone,L4 fracture in my spine. Physical therapy back brace and bone stimulator patch for 3 months if it doesn't heal I'll have to do surgery. ::
84,Tmeyer2008,2012-06-22 11:05:37+00:00,0,Twitter for iPhone,@Virgin @richardbranson I did till 06 when a semi changed my life.Now I have spinal cord stimulator.I have to live fast before spine closes
85,Amy_Ames1,2012-06-22 03:26:06+00:00,0,Twitter for iPhone,"If that does not work, we will try a spinal cord stimulator that is connected into my spine between two vertebrae. If that doesn't work..."
86,Pain_Live,2012-06-13 16:00:20+00:00,0,Hootsuite,"4,000 spinal cord stimulator systems are implanted annually in the United States. http://t.co/xC9qUmLY #backpain #spine #pain #health"
87,amandanicole328,2012-06-11 05:24:36+00:00,0,Twitter for iPhone,@A_Bottiggi I'm doing a trial surgery of a spinal cord stimulator. I have two electric leads in my spine and theyre stitched to my back
88,going2medschool,2012-05-27 20:45:25+00:00,0,Twitter for iPhone,@FutureSpineSurg what us the next plan for pain management now that the spine stimulator was cancelled?
89,SaxAndGuitar,2012-05-18 10:10:20+00:00,0,Twitter Web Client,"For those who don't know, 2 weeks ago I had a neuro-stimulator unit embedded in my spine (for back pain). Jury's still out. #iamborg"
90,DCCraigslist,2012-05-10 10:39:14+00:00,0,twitterfeed,"#dcbarter (Never Used) Spine Stim, Bone Growth Stimulator Trade for Laptop (Manassas RT/28): (Never Used) Spine ... http://t.co/Z3DNqFL6"
91,DCCraigslist,2012-05-08 04:33:37+00:00,0,twitterfeed,"#dcbarter New Spine Stim, Bone Growth Stimulator Trade for Laptop (Manassas): New Spine Stim, Bone Growth Stimul... http://t.co/KmnTxaLF"
92,jeda121,2012-05-08 00:48:33+00:00,0,Twitter for Mac,"They're going to put this spinal cord stimulator on my spine. I'm scurred =\ 
 http://t.co/JyKKT0S"
93,DCCraigslist,2012-05-06 18:27:51+00:00,0,twitterfeed,"#dcbarter (Never Used) Spine Stim, Bone Growth Stimulator for Laptop (Manassas RT/28) $1: Bone Growth Stimulator... http://t.co/zwtaUVHF"
94,DCCraigslist,2012-04-15 23:50:46+00:00,0,twitterfeed,"#dcbarter New In the Box (Never Used) Spine Stim, Bone Growth Stimulator (Manassas RT/28) $1: Product Descriptio... http://t.co/4GIrxZqx"
95,omnivorenomore,2012-03-13 21:36:29+00:00,0,Twittelator Neue,Yay! Finally an appointment with the  spine guy! Moving forward with the spinal cord stimulator and none too soon! #backpain
96,DCCraigslist,2012-03-10 12:02:51+00:00,0,twitterfeed,"#dcbarter New In the Box (Never Used) Spine Stim, Bone Growth Stimulator (Manassas RT/28) $1: Product Descriptio... http://t.co/X2Zo9njw"
97,CarolofWest,2012-02-16 03:05:38+00:00,0,Twitter for Android,@rogpeck My daughter has neuro stimulator in her lumbar spine & it has been a tremendous relief to her pain level. Not a cure but a help!
98,rockstarnamaste,2012-02-07 03:25:45+00:00,0,Twitter for Android,Charging my spine stimulator...boring lol
99,traceysolomon,2012-02-02 20:02:21+00:00,0,Echofon,not bad enough for me to have more surgery- yet. Trying meds and the collar& stimulator first.Blah.Gonna check Craig's list for a new spine
100,MEANMIKE06,2012-01-31 08:44:22+00:00,0,Twitter Web Client,"@SullyErna I got ya beat , I got an spinal cord stimulator in my spine so imagine your muscles jumpin from your spine down on the inside"
101,DCCraigslist,2012-01-29 19:56:25+00:00,0,twitterfeed,"#dcbarter New In the Box (Never Used) Spine Stim, Bone Growth Stimulator (Manassas RT/28) $1: Product Descriptio... http://t.co/Zm7aszwW"
102,OMTEC_BONEZONE,2012-01-20 16:32:10+00:00,0,Hootsuite,Biomet Spine: Distribution Opportunities for SpF Implantable Spine Fusion Stimulator http://t.co/LkhneL9d
103,TheBackPainShow,2012-01-09 16:22:01+00:00,0,TweetDeck,Man receives region's first spinal cord stimulator implant http://t.co/rO6hevcZ #backpain #spine get  help @ http://t.co/WfQPJ6Fs
