,0,1,2,3,4
0,InfoSpine,2013-12-23 18:35:53+00:00,0,Hootsuite,Have you heard of a bone stimulator? They emit electrical currents and are used to enhance #spine fusions. http://t.co/qMJ4fZUznq
1,polly_galway,2013-12-18 01:31:10+00:00,1,Twitter for Android,@ChronicPainDad is there enuf space in your spine I wonder for a stimulator? Seen certified pain specialist?
2,Vetsinpainceo,2013-12-12 03:20:53+00:00,0,Twitter for iPhone,Fifty Shades of Disability is when your spine stimulator needs a safe word.     http://t.co/oSCuVlBBwH
3,TopfuelerDj,2013-12-08 20:11:28+00:00,2,Twitter for Android,@zonker48 @lupier_54 Collin stimulator INSTALLED.IN OTHER WORDS SPINE SO DAMAGED AFTER FOUR BACK SURGEYS MAY NEED TO...MASK NERVEDAMAGE
4,KnottyLilHookr,2013-12-08 01:32:43+00:00,0,Facebook,"Good god I hope I get approved for the neuro-stimulator to be put in my spine. I can't take this pain very much longer.
Wolfman"
5,DCCraigslist,2013-12-06 17:52:52+00:00,0,twitterfeed,"#dcbarter New In the Box (Never Used) Spine Stim, Bone Growth Stimulator  (Manassas RT/28): Looking to trade f... http://t.co/GKvz5SHQOY"
6,Georgia_Spine,2013-12-06 16:46:09+00:00,0,twitterfeed,Favourable results for real-world experience with the Precision Spectra Spinal Cord Stimulator System: New ret... http://t.co/K6DRBr5YQA
7,EtchingAlong,2013-12-03 00:54:37+00:00,0,Twitter for Android,@Deabra_ surgery 10 more days spinalchord stimulator implant to stop spine nerve pain
8,brianj224,2013-11-27 20:53:04+00:00,0,LinkedIn,New spine stimulator for pain - Fact or fiction? http://t.co/6s3SfdB0uP
9,brianj224,2013-11-27 20:51:36+00:00,0,Facebook,New spine stimulator for pain - Fact or fiction? http://t.co/wlUlY1fkng
10,EtchingAlong,2013-11-18 00:40:57+00:00,0,Twitter for Android,@artgalleria in chronic pain and strong meds get spinal chord stimulator this week or next hurt spine to much&lt;http://t.co/adIcOlJr7i&gt;
11,Georgia_Spine,2013-11-15 11:00:11+00:00,0,twitterfeed,RNS Stimulator gets FDA nod for device to treat epilepsy:  The US Food and Drug Administration (FDA) have appr... http://t.co/67W5Ya5n8I
12,renesugar,2013-11-05 20:55:38+00:00,0,Twitter Web Client,@chriskresser Had electro-acupuncture along my spine that had a similar effect. Implantable vagus nerve stimulator used in depression.
13,EtchingAlong,2013-11-05 18:16:13+00:00,0,Twitter for Android,@George1113 understand pain between test and implanted spinal chord stimulator the test one took away 80% of spine injury pain thanks follow
14,EtchingAlong,2013-10-25 07:53:09+00:00,0,Twitter for Android,Shew ! slept some. 3 days and 6 hrs get spinal chord stimulator implaned in spine.Control chronic pain with electric.current.
15,Miami_Spine,2013-10-02 14:39:02+00:00,0,Twitter for Websites,"Tens Unit, Muscle Stimulator, and Home Ultrasound units: http://t.co/cPaA9gYmPb via @youtube"
16,dub_r_beastcity,2013-09-19 12:55:07+00:00,0,Foursquare,Bone stimulator...time to kickstart this rehab (@ Simmons Orthopaedic and Spine Associates) http://t.co/EPCynOnkye
17,begslist,2013-09-18 19:59:59+00:00,0,twitterfeed,"Medical expenses: My wife has had a three spine surgeries. most recently, she had a spinal cord stimulator imp... http://t.co/26fwp6XLp2"
18,rooshvforum,2013-09-15 05:06:49+00:00,0,dlvr.it,Spine Stimulator http://t.co/4fiilB2A79
19,JeffSiegal2,2013-09-09 18:13:47+00:00,0,Twitter for iPhone,Spine Stimulator Surgery Today. http://t.co/BDIdnS2TOr
20,hbBack,2013-08-27 16:38:36+00:00,0,twitterfeed,Spine Stimulator Stories Please?: I had a 360 two level fusion L4-S1 in 2006. I have DDD. L2 and L3 are now on... http://t.co/G1Nlu6Yv6X
21,Spicey_Spiney,2013-08-09 15:03:01+00:00,0,Plume for Android,@EdgarIrene accupuncture made it worse. I have a spinal cord stimulator fitted which does same as tens but is permantly wired to your spine
22,Vetsinpainceo,2013-08-01 18:21:12+00:00,0,Safari on iOS,The most comprehensive explanation of the Electro Spine Stimulator Implant Surgery I have seen.  http://t.co/cvKxxsgObZ
23,murciful1,2013-07-31 18:50:08+00:00,0,Twitter for Windows Phone,Then the dr tries a spinal chord stimulator which they shave your spine to attach. Only to find out you have become a human antenna.
24,Vetsinpainceo,2013-07-28 00:21:25+00:00,1,Twitter for iPhone,@HaBarb @RTtheBEST @DrWendyWalsh Bet my day was more exciting than yours. I now have a spine stimulator implant. And it's on high.
25,Vetsinpainceo,2013-07-25 13:07:17+00:00,0,Twitter for iPhone,@HaBarb That's awesome! It is similar theory to my surgery tomorrow of Electro spine stimulator implant. Science is truly amazing!
26,NavyVetNY,2013-07-24 20:19:15+00:00,0,Twitter Web Client,@JKap415 Back problems suck. I had 10 surgeries on my spine and also a spinal cord stimulator implanted for pain.  Military injury.
27,lisasue72,2013-07-24 19:50:57+00:00,0,Twitter for Android,Spine stimulator is out...I no longer feel like a massage chair!!  #backproblems101
28,Burk_T,2013-07-13 11:05:31+00:00,0,Twitter for iPhone,Pain lvl high. Meds not working well. Thyroid biopsy soon hope not cancer. MRI on spine after and hope I get spinal cord stimulator
29,AHNtoday,2013-07-12 18:36:55+00:00,0,Twitter for Websites,Spine Stimulator Eases Western Pennsylvania Man's Back Pain: http://t.co/umx9s6lxf6 via @youtube
30,vetsrightslaw,2013-07-10 15:20:38+00:00,0,Facebook,The Denver Post reports on a new treatment for chronic pain: spine-stimulator surgery. See our latest blog post... http://t.co/vFYzkQv6VJ
31,kenny_hulse,2013-07-03 12:44:55+00:00,0,Foursquare,Follow-up for Neuro-stimulator replacement surgery. (@ Virginia Brain &amp; Spine) http://t.co/kJr5fxeNMK
32,SympoOrthopedic,2013-06-21 01:07:06+00:00,0,Hootsuite,Spine Stimulator Eases Western Pennsylvania Man's Back Pain. http://t.co/1NzBLSRb3v #video
33,SympoSportsMed,2013-06-21 01:07:05+00:00,0,Hootsuite,Spine Stimulator Eases Western Pennsylvania Man's Back Pain. http://t.co/PyK3YcSkXy #video
34,SymPathoBiology,2013-06-21 01:07:05+00:00,0,Hootsuite,Spine Stimulator Eases Western Pennsylvania Man's Back Pain. http://t.co/nAPXuDPPhV #video
35,SympoSciatica,2013-06-21 01:07:04+00:00,0,Hootsuite,Spine Stimulator Eases Western Pennsylvania Man's Back Pain. http://t.co/YAvmHaow8g #video
36,SympoNeurology,2013-06-21 01:07:04+00:00,0,Hootsuite,Spine Stimulator Eases Western Pennsylvania Man's Back Pain. http://t.co/i3Yp2whYEL #video
37,SympoAnesthesia,2013-06-21 01:07:04+00:00,0,Hootsuite,Spine Stimulator Eases Western Pennsylvania Man's Back Pain. http://t.co/gimrW1u2k9 #video
38,AHNtoday,2013-06-20 16:11:12+00:00,0,Twitter for Websites,#Spine Stimulator Eases Western Pennsylvania Man's Back Pain thanks to #WestPenn: http://t.co/umx9s6lxf6
39,RubyRedsFet,2013-06-18 18:59:46+00:00,0,Twitter for Windows Phone,controversial Medtronic spinal fusion product http://t.co/FDLqSWiVU9  I have a nerve stimulator by this company in my spine....what next?!
40,DrJamesTLin,2013-06-16 19:00:10+00:00,0,Buffer,New spine stimulator allows man to live without back pain http://t.co/L2m58M9svD
41,AHNtoday,2013-06-15 12:52:35+00:00,0,Twitter for Websites,"New #spine stimulator allows man to live without #backpain, West Penn Hospital doctor talks about new therapy http://t.co/W3DYMwZi30"
42,bms_ad,2013-06-15 00:59:48+00:00,0,bms_ad,New spine stimulator allows man to live without back pain http://t.co/UFcfwbzEuE What is #Skin cancer? http://t.co/iPyeoJa2nP
43,WiFiJapan,2013-06-15 00:56:03+00:00,0,wifijapan ,New spine stimulator allows man to live without back pain http://t.co/CCPxqReQdn WiFi in Japan is the way to go http://t.co/8q2BanGDdi
44,AHNtoday,2013-06-14 22:13:14+00:00,2,Twitter for iPhone,#backpain New spine stimulator allows man to live without back pain - WPXI Pittsburgh http://t.co/rNzlRHVHPM http://t.co/Aggstr1lLI
45,malady87,2013-06-14 21:34:30+00:00,0,Twitter for Websites,New spine stimulator allows man to live without back pain http://t.co/OJO418coF6
46,BackPain_MD,2013-06-14 21:20:47+00:00,0,dlvr.it,#backpain New spine stimulator allows man to live without back pain - WPXI Pittsburgh http://t.co/FEqldMK8Ze http://t.co/xPZxPxX0yJ
47,_EmCon94,2013-06-14 02:20:44+00:00,0,Twitter for iPhone,Found out today I was approved to try the temporary spine stimulator before having surgery 4! #Hopeful
48,polishsiren,2013-06-13 13:57:50+00:00,0,Twitter for Websites,How an Electrical Bone Growth Stimulator Helps with Spine Fusion: http://t.co/4xWFQgUfcH
49,SupportTBL,2013-06-11 04:35:07+00:00,0,Tweetbot for iOS,"@derekperdue8 thanks,a few yrs ago broke my leg/ankle did lots of damage so still lots of pain. Drs put a stimulator in spine 2 help but no"
50,Coach_Nobles,2013-06-07 19:56:57+00:00,0,Twitter for iPhone,Going to get a spinal stimulator implanted into my spine to help with the pain...
51,SpicyPurritos,2013-06-05 18:55:33+00:00,0,Foursquare,Fix my stimulator (@ Advanced Spine And Pain) http://t.co/0xHzxBs60E
52,ptstudent84,2013-06-05 01:02:49+00:00,0,Twitter for iPhone,Saw a bone stimulator s/p spine fusion- mimics the elec. potentials in mech. loading of bone for delayed/nonunion. Cool! #ClinEd #ihppt
53,kenny_hulse,2013-06-03 16:52:00+00:00,0,Foursquare,"Staple removal, neuro-stimulator programming with St Jude's. #progress (@ Virginia Brain &amp; Spine) http://t.co/CYPJFUhBCQ"
54,TherapyPhysio,2013-06-03 07:23:55+00:00,0,twitterfeed,Spine Team Texas Implants Stimulator http://t.co/p0gZCAZFOJ
55,victorzach,2013-05-29 23:34:53+00:00,0,Twitter for iPhone,New 32 contact spinal cord stimulator offers pain relief.  http://t.co/KJ0XKByiPi #pain #spine #scs
56,polly_galway,2013-05-24 22:35:46+00:00,0,Twitter for Websites,"Nevro spinal cord STIMULATOR: Spine zapper 'fixes' backs
http://t.co/tBeD6TwkwB via @MailOnline"
57,ceceonmars,2013-05-24 00:51:58+00:00,0,Twitter for Android,@marsiscomingnow @30SECONDSTOMARS They had to do a few things. Adjust my spinal cord stimulator. Drill a few holes into my spine too.
58,_EmCon94,2013-05-15 03:59:47+00:00,1,Twitter Web Client,Will someone go to Chicago with me the week I get my temporary spine stimulator put in so I can see how it works when I'm walking a lot?
59,Omi_J47,2013-04-29 05:58:53+00:00,1,Echofon,"Hate seeing my mom in pain ,hopefully this spine stimulator they put in her works"
60,Omi_J47,2013-04-26 18:44:38+00:00,0,Echofon,"@MsIntocable thank you , she's getting surgery on her spine there putting a stimulator implant 🙏"
61,Tighe77,2013-04-14 01:38:17+00:00,0,Twitter for Android,@TonyCassidy123 @maccasixty7 Thanks T. I have an op last year which implanted a stimulator in my spine which cuts the pain signal off »»»
62,TecnixLLC,2013-04-12 21:03:08+00:00,0,Twitter for iPad,"Boston Scientific Launches Precision Spectra™ Spinal Cord Stimulator System In The United States

#Spine #pain

http://t.co/7Bl1pblIyp"
63,Georgia_Spine,2013-04-12 17:49:13+00:00,0,twitterfeed,Boston Scientific launches Precision Spectra Spinal Cord Stimulator System in the USA:  According to the compa... http://t.co/XMBu7I26lD
64,DCCraigslist,2013-04-08 01:08:19+00:00,0,twitterfeed,"#dcbarter New In the Box (Never Used) Spine Stim, Bone Growth Stimulator  (Manassas RT/28): Looking to trade f... http://t.co/87VqJVMcbR"
65,DCCraigslist,2013-04-07 01:05:47+00:00,0,twitterfeed,"#dcbarter New In the Box (Never Used) Spine Stim, Bone Growth Stimulator  (Manassas RT/28): Looking to trade f... http://t.co/GhI7aPbIMY"
66,spinestimulator,2013-03-25 15:28:00+00:00,0,Twitter Web Client,Neurostimulation for hepatitis pain? http://t.co/jZoy4QGQJB
67,DCCraigslist,2013-03-23 23:18:48+00:00,0,twitterfeed,"#dcbarter New In the Box (Never Used) Spine Stim, Bone Growth Stimulator  (Manassas RT/28): Looking to trade f... http://t.co/PSIUwZM6Br"
68,spinestimulator,2013-03-21 02:11:49+00:00,1,Twitter Web Client,spinal stimulator (SCS) provides relief for thousands of patients each day find out more http://t.co/jZoy4QGQJB
69,spinestimulator,2013-03-21 02:03:01+00:00,2,Twitter Web Client,"patient stories, successful pain treatment through neurostimulation http://t.co/jZoy4QGQJB"
70,spinestimulator,2013-03-21 01:59:19+00:00,0,Twitter Web Client,Neurostimulation may be effective fo treating shingles -read more http://t.co/jZoy4QGQJB
71,Klauspabst,2013-03-12 11:09:26+00:00,0,erased4113706,Good morning my friend's! Today the spine stimulator will finally be turned on!
72,brookedogtyson,2013-03-06 02:28:57+00:00,0,Twitter Web Client,"@Mla676 it was some major surgery with his spine, back, and nerves. He had this battery thing but into his back and its like a stimulator. ?"
73,mama_pain,2013-02-25 05:27:59+00:00,0,TweetCaster for Android,@PookieHuny Yves had 4 spine surgeries.  Have you talked to your doc about a stimulator?
74,RealHouseWifeBX,2013-02-21 13:22:23+00:00,0,Instagram,#stimulator for my #back and #spine #lupus #lupuslife #pain #autoimmune #chronicpain http://t.co/evW0ja3QcX
75,DCCraigslist,2013-02-09 23:12:01+00:00,0,twitterfeed,"#dcbarter New In the Box (Never Used) Spine Stim, Bone Growth Stimulator  (Manassas RT/28): Looking to trade for... http://t.co/tbBcrs8f"
76,kenny_hulse,2013-02-06 13:18:36+00:00,0,Foursquare,Appt to hopefully get done resolution with my Neuro-Stimulator. (@ Virginia Brain &amp; Spine) http://t.co/VsmumSAo
77,barif0815,2013-02-05 14:31:57+00:00,0,Twitter for iPhone,@SuperBooRuns @jaimemckee My dad's spine stimulator trial was a fail for pain relief. Referral in to Northwestern in Chicago now. #sigh
78,NelsonB1979,2013-02-04 05:35:51+00:00,0,Twitter for Android,"@PaiviSuhonen not really Paivi, I'm having problems with my right hip where I have a battery implanted for my spine stimulator :-("
79,headachessite,2013-02-01 16:23:40+00:00,0,Headaches site,New post: Spinal Headache from Spine Stimulator Trial http://t.co/GU5hfrmP
80,Knackeredback,2013-01-29 17:56:38+00:00,0,Twitter Web Client,"Trying 2kid myself really, i've come 2the conclusion my back is killing me, sciatica is being kept away by stimulator, but spine not happy"
81,kirill_soldatov,2013-01-24 16:49:06+00:00,0,Buffer,Spine Stimulator Lets the Paralyzed Stand Again http://t.co/livFr9Ys
82,lawyerologist,2013-01-22 22:15:23+00:00,0,Hootsuite,Spine Stimulator Lets the Paralyzed Stand Again  -#lawyerology - http://t.co/lU7AzCaY
83,StevenCarraher,2013-01-22 16:18:09+00:00,0,Buffer,18. Spine Stimulator Lets the Paralyzed Stand Again http://t.co/GXkCsLTi
84,BERLIN4RUSSIA,2013-01-22 16:09:30+00:00,0,Twitter for Websites,18. Spine Stimulator Lets the Paralyzed Stand Again http://t.co/eU4sdEfd &lt;&lt;
85,BiankaB12,2013-01-22 13:58:05+00:00,0,Twitter for Websites,Spine Stimulator Lets the Paralyzed Stand Again http://t.co/TEBqO6Li
86,crystalhermawan,2013-01-22 13:41:40+00:00,0,Twitter for Android,"Spine Stimulator Lets the Paralyzed Stand Again

http://t.co/4XZ1HoMY"
87,TarekGherbal,2013-01-22 13:33:43+00:00,0,Twitter for Websites,#Spine Stimulator Lets the Paralyzed Stand Again http://t.co/ZLMKw44C  via @DiscoverMag #neuro #neurology #tech #bionics #stimulation #rehab
88,alexia_reed,2013-01-22 13:15:20+00:00,0,Hootsuite,RT @discovermag: Spine stimulator lets the paralyzed stand again http://t.co/LGTb7PgO
89,barefoot_osteo,2013-01-22 11:03:49+00:00,0,Flipboard,Spine Stimulator Lets the Paralyzed Stand Again http://t.co/4u7Wkm51
90,_carlos_felipe,2013-01-22 10:02:13+00:00,0,Twitter for Websites,Spine Stimulator Lets the Paralysed Stand Again http://t.co/P6G6d99V
91,DrSusanneFarwer,2013-01-22 06:51:08+00:00,0,Flipboard,Spine Stimulator Lets the Paralyzed Stand Again http://t.co/of2SqWFj
92,glenssa,2013-01-22 05:00:24+00:00,0,Twitter for iPhone,"@secularbloke @gspellchecker @lovingliambby 
@DiscoverMag: Spine stimulator lets the paralyzed stand again http://t.co/w8A577Yg"
93,ZakGudmundson,2013-01-22 03:27:18+00:00,0,Twitter for BlackBerry®,18. Spine Stimulator Lets the Paralyzed Stand Again http://t.co/cK7eWQTf
94,pegcity431,2013-01-21 23:52:33+00:00,0,Flipboard,This is incredible.. good thing we have science!! Spine Stimulator Lets the Paralyzed Stand Again http://t.co/wPWtOz4a
95,MsCyraWork,2013-01-21 22:58:19+00:00,0,News360 on iOS,18. Spine Stimulator Lets the Paralyzed Stand Again http://t.co/K3QLv2Pd
96,Kilstacks,2013-01-21 22:05:30+00:00,0,Twitter for iPhone,WOW!!! “@DiscoverMag: Spine stimulator lets the paralyzed stand again http://t.co/S0wKaON”
97,MEBO_Intl,2013-01-21 21:37:05+00:00,0,Hootsuite,RT @discovermag: Spine stimulator lets the paralyzed stand again http://t.co/wvKG3Q6R
98,JChapman1729,2013-01-21 21:00:26+00:00,0,Twitter for Android,"18. Spine Stimulator Lets the Paralyzed Stand Again

http://t.co/5q1QmkzD"
99,turbosinaboy,2013-01-21 20:59:38+00:00,0,Twitter for Websites,This sounds just great. :D Spine Stimulator Lets the Paralyzed Stand Again http://t.co/AySBVUU4  vía @DiscoverMag
100,741opamp,2013-01-21 20:55:52+00:00,0,Twitter for Android,So cool...Spine stimulator lets the paralyzed stand again http://t.co/zhr1XDmk -- DISCOVER Magazine (@DiscoverMag) #medical #science #neuron
101,H_Amos_,2013-01-21 20:49:52+00:00,0,Hootsuite,RT @discovermag: Spine stimulator lets the paralyzed stand again http://t.co/tL8wgqq0
102,SamanthaJaneS,2013-01-21 20:47:37+00:00,0,TweetDeck,Spine stimulator lets the paralyzed stand again http://t.co/QypbPzwI via @DiscoverMag @bonnibell
103,DiscoverMag,2013-01-21 20:46:42+00:00,9,TweetDeck,Spine stimulator lets the paralyzed stand again http://t.co/xtyM7EWU
104,Elite_Promo_,2013-01-21 20:16:37+00:00,0,Twitter Web Client,"18. Spine Stimulator Lets the Paralyzed Stand Again (Discover Magazine)  #AutoFollowBack #F4F #TFB
 http://t.co/5KHweD1t"
105,B4DAHoneys,2013-01-21 20:16:23+00:00,0,Flipboard,18. Spine Stimulator Lets the Paralyzed Stand Again http://t.co/KQHMTnFw
106,FitnHealthy_C,2013-01-21 19:59:27+00:00,0,twitterfeed,18. Spine Stimulator Lets the Paralyzed Stand Again (Discover Magazine) http://t.co/1CCVOBLs
107,eqcco,2013-01-21 19:58:49+00:00,0,Twitter for Android,"Spine Stimulator Lets the Paralyzed Stand Again

http://t.co/EC2KHYVb"
108,MapWideCA,2013-01-21 19:53:40+00:00,0,twitterfeed,18. Spine Stimulator Lets the Paralyzed Stand Again (Discover Magazine): Share With Friends:  |  | Top News - He... http://t.co/LQ4EnIXN
109,StaringDuck,2013-01-21 19:52:05+00:00,0,twitterfeed,18. Spine Stimulator Lets the Paralyzed Stand Again http://t.co/wgPyyfrv
110,Emilyfunkert,2013-01-21 19:35:16+00:00,0,twitterfeed,18. Spine Stimulator Lets the Paralyzed Stand Again (Discover Magazine): Share With Friends:  |  | Health - Top ... http://t.co/oBskndKI
111,shrudeness,2013-01-21 19:28:53+00:00,0,Hootsuite,#tfb 18. Spine Stimulator Lets the Paralyzed Stand Again (Discover Magazine) http://t.co/A8WhwKU1
112,feedzillahealth,2013-01-21 19:14:32+00:00,0,twitterfeed,18. Spine Stimulator Lets the Paralyzed Stand Again (Discover Magazine) http://t.co/OUw1MdjG
113,kiptull,2013-01-21 19:10:02+00:00,0,Twitter Web Client,"18. Spine Stimulator Lets the Paralyzed Stand Again (Discover Magazine) Share With Friends:  | | Top News - Health Stories , News Feeds a"
114,justina_hiram,2013-01-21 18:58:27+00:00,0,twitterfeed,18. Spine Stimulator Lets the Paralyzed Stand Again (Discover Magazine): Share With Friends:  |  | Health - Top ... http://t.co/llhXka8t
115,bloggaliciouseu,2013-01-21 18:58:26+00:00,0,twitterfeed,18. Spine Stimulator Lets the Paralyzed Stand Again (Discover Magazine): Share With Friends:  |  | Health - Top ... http://t.co/Exwo7UAP
116,Beauty_nnHealth,2013-01-21 18:58:25+00:00,0,twitterfeed,18. Spine Stimulator Lets the Paralyzed Stand Again (Discover Magazine): Share With Friends:  |  | Health - Top ... http://t.co/3ntYgbiM
117,moonphaseradio,2013-01-21 18:56:45+00:00,0,twitterfeed,18. Spine Stimulator Lets the Paralyzed Stand Again (Discover Magazine) http://t.co/bmvZpsrD http://t.co/pgXNNEGy
118,HealthitMatters,2013-01-21 18:38:54+00:00,0,twitterfeed,18. Spine Stimulator Lets the Paralyzed Stand Again (Discover Magazine): Share With Friends:  |  | Health - Top ... http://t.co/iHVYfTXU
119,KingofHealth,2013-01-21 18:38:53+00:00,0,twitterfeed,18. Spine Stimulator Lets the Paralyzed Stand Again (Discover Magazine): Share With Friends:  |  | Health - Top ... http://t.co/cM3dAeuk
120,HealthMachine,2013-01-21 18:38:52+00:00,0,twitterfeed,18. Spine Stimulator Lets the Paralyzed Stand Again (Discover Magazine): Share With Friends:  |  | Health - Top ... http://t.co/fmDxu9n9
121,channing_isaiah,2013-01-21 18:37:40+00:00,0,twitterfeed,18. Spine Stimulator Lets the Paralyzed Stand Again (Discover Magazine): Share With Friends:  |  | Top News - He... http://t.co/vzckwZUW
122,LennonTribute,2013-01-21 18:27:32+00:00,0,dlvr.it,18. Spine Stimulator Lets the Paralyzed Stand Again http://t.co/8NwPMp7t
123,LeNautilus,2013-01-21 18:24:27+00:00,0,IFTTT,18. Spine Stimulator Lets the Paralyzed Stand Again http://t.co/9zVxmbcO #Discovery #Science #tech
124,giovanniborghi,2013-01-21 18:13:08+00:00,0,twitterfeed,18. Spine Stimulator Lets the Paralyzed Stand Again: The therapy that may one day allow paraplegics to walk. http://t.co/tXmNktqj
125,NancyVillamil52,2013-01-21 18:13:08+00:00,0,twitterfeed,18. Spine Stimulator Lets the Paralyzed Stand Again: The therapy that may one day allow paraplegics to walk. http://t.co/cji6ToJ9
126,menitikarir,2013-01-21 18:13:07+00:00,0,twitterfeed,18. Spine Stimulator Lets the Paralyzed Stand Again: The therapy that may one day allow paraplegics to walk. http://t.co/ZJ4YmcM6
127,MostAmazingNews,2013-01-21 18:13:07+00:00,0,twitterfeed,18. Spine Stimulator Lets the Paralyzed Stand Again: The therapy that may one day allow paraplegics to walk. http://t.co/Q4aCMpx0
128,Maggitwit,2013-01-21 18:13:07+00:00,0,twitterfeed,18. Spine Stimulator Lets the Paralyzed Stand Again: The therapy that may one day allow paraplegics to walk. http://t.co/kkdtZpMr
129,DrMitchellKurk,2013-01-19 15:56:15+00:00,0,twitterfeed,Remote Presence For Point-Of-Care Programming Of Neuromodulation Devices For Brain And Spine Stimulator... http://t.co/Qy7r4xpb #medical
130,Klauspabst,2013-01-17 12:31:44+00:00,0,Twitter for Android,"Got a phone call yesterday,im getting my spine stimulator!process starts on Tuesday.That was a longwait.Wish me luck! who ever reads this!"
131,Klauspabst,2013-01-16 15:26:24+00:00,0,Twitter for Android,Still waiting for that Spine cord Stimulator! Will  the waiting ever end!
132,headachesinfo1,2013-01-07 15:33:51+00:00,0,Headaches Info site,New post: Spinal Headache from Spine Stimulator Trial http://t.co/ekI07os6
133,DisabilitySanc,2013-01-07 14:41:43+00:00,0,Twitter for Websites,NEVRO SPINE STIMULATOR'S: SPINE ZAPPER 'FIXES' BACKS http://t.co/CUn2VovA via @DisabilitySanc
134,drmania9,2013-01-05 03:51:37+00:00,0,Twitter Web Client,Nevro spinal cord stimulator: Spine zapper 'fixes' backs http://t.co/9jdzBbxd
135,newswatchoz,2013-01-05 02:11:43+00:00,0,Twitter Web Client,Nevro spinal cord stimulator: Spine zapper 'fixes' backs http://t.co/QVgKwz0L
136,DrDammai,2013-01-04 02:11:30+00:00,0,Twitter for iPhone,Nevro spinal cord stimulator: Spine zapper 'fixes' backs http://t.co/2rdTlbI
137,STEMSteph,2013-01-03 20:40:18+00:00,0,Echofon,Check out my new and improved spine lol (that thing off to the side is a bone stimulator) http://t.co/zjq6wP6u
138,DCCraigslist,2013-01-03 15:40:43+00:00,0,twitterfeed,"#dcbarter New In the Box (Never Used) Spine Stim, Bone Growth Stimulator (Manassas RT/28): Product Description (... http://t.co/6OAbKd6o"
139,ImperialSpine,2013-01-02 09:04:02+00:00,5,Twitter for Websites,Nevro spinal cord stimulator: Spine zapper 'fixes' backs http://t.co/fh3LE4Vh #spine #spineinjury #spinal
140,aragorn6,2013-01-02 02:05:04+00:00,0,Twitter for Android,Friday im going in for surgery on my back again. They are installing a spine stimulator. Wish me luck.
