,0,1,2,3,4
0,garf_jones,2014-12-15 19:35:23+00:00,1,Twitter for Android,"Went 2 Duke Spine Cntr, had sutures removed (had Permanent Nerve Stimulator Implant surgically placed in back 3 Dec) Thank You Lord Jesus.🙏"
1,OhRebelAngel,2014-12-15 13:36:34+00:00,0,Twitter for iPhone,"About to have my temporary Spine Stimulator removed 😰
Pray I don't go to jail 👀"
2,garf_jones,2014-12-09 14:41:05+00:00,1,Twitter for Android,"3 December- had surgery. Permanent Nerve Stimulator Implant surgically implanted in my back/spine. Day 6 learning 2 pace ,make adjustments."
3,OhRebelAngel,2014-12-09 13:04:39+00:00,0,Twitter for iPhone,Heading in to get my temp spine stimulator... If you hear me screaming someone come running 😱
4,TygrHawk,2014-11-30 00:10:15+00:00,0,Twitter Web Client,@Softie_Debbie Are you getting any treatment for it? My wife eventually had a neural stimulator implanted in her spine.
5,PremierPainCtrs,2014-11-18 20:40:09+00:00,0,Raven Tools,A #spine stimulator can be inserted to deliver an #ElectricalPulse to the spine when #pain becomes uncomfortable. http://t.co/AmHRpTUB5M
6,txfellowship,2014-11-16 04:20:29+00:00,0,Twitter Web Client,@ofStarStuff13 The cold wet weather has my spine in knots as usual.  Might be getting a nerve stimulator implanted by Christmas. You &amp; Bryan
7,hagagymrat,2014-10-13 13:47:51+00:00,0,Foursquare,Follow up visit w/ Dr since her spinal cord stimulator surgery. .... (@ Blue Ridge Orthopedic &amp; Spine Center) https://t.co/jhxZH9NU68
8,AbrexisMedical,2014-10-09 16:58:18+00:00,1,Twitter Web Client,"Abrexis provides the Orthofix Cervical-Stim (Spine Fusion Stimulator) the only FDA approved, safe and effective bone growth stimulation."
9,1800hisandhers,2014-10-04 15:55:27+00:00,0,Facebook,Vibrating Bendable Spine Anal Probe Double Penetration Cock Ring with Clit Stimulator Couples Sex Toy Purple |... http://t.co/RlN83AGyw3
10,NeuroSurgeryNJ,2014-09-29 07:05:57+00:00,0,NeuroSurgeryNJ-SNAP,Electricity as a Bone Growth Stimulator in the Spine - http://t.co/KJTFUUJDzI http://t.co/HNM2BkFG37
11,ColumbiaNeuro,2014-09-29 06:44:35+00:00,0,columbianeuro-snap,Electricity as a Bone Growth Stimulator in the Spine - http://t.co/HiNaXtQizz http://t.co/wAWCnX0RNz
12,SeldenGADawgs,2014-09-25 16:23:29+00:00,1,Twitter for iPhone,"Alright kids,gotta run.Getting spine stimulator put in this afternoon- wish luck! @Flower_Power_Us @SBWilkins4Ever @AlfonZoRachel @PJTV @16"
13,bloomer71,2014-09-09 19:41:17+00:00,0,Twitter Web Client,"@Uppo1963 Ouch, that sounds nasty. I was due to have something called a spinal cord stimulator fitted into my spine last year."
14,Joe_Hasara,2014-08-31 17:45:15+00:00,0,Twitter for Android,@stevecook_32 permanent spinal cord stimulator implantd n2 my spine n batery in left butt 2 help nerve damage in knee http://t.co/eigXwarHnt
15,kaysanders61,2014-08-30 12:02:05+00:00,0,Twitter for Android Tablets,"@sally1b2b Good morning Sister! My back is healed. I had a spine cord stimulator implanted, so if pain shows up I turn it on. No pain."
16,Rose_of_Sharon8,2014-08-22 01:57:16+00:00,0,Twitter Web Client,@BCBSIL Thank you and your team so very much. #LifeChanging @bostonsci  Spine Stimulator Trial #Hope
17,Rose_of_Sharon8,2014-08-21 15:24:42+00:00,1,Twitter Web Client,THANK YOU 2 @BCBSIL 4 being proactive to help me get spine stimulator ok'd in 2 days after Dr dropped ball. TY Tonya &amp; Rene @illinoispolicy
18,celtic_ian,2014-08-18 08:27:15+00:00,0,Twitter for Android,@karpermundo no i stopped using twitter and realise how good it is on here. Look forward to 6??? Aimin to have a stimulator fitteed to spine
19,Triangle_Spine,2014-07-30 10:00:02+00:00,1,Facebook,Did You Know? TENS is an acronym for Transcutaneous Electrical Nerve Stimulator. This device is used to deliver... http://t.co/HHy8R71Jz0
20,podmedic,2014-07-25 13:25:08+00:00,1,Buffer,New Hope for Spine Injuries with Epidural Nerve Stimulator (video) http://t.co/Wxcgn0Bsq9 #healthtech
21,podmedic,2014-07-22 21:46:00+00:00,1,Buffer,New Hope for Spine Injuries with Epidural Nerve Stimulator (video) http://t.co/cInUuusTIW
22,altman_evan,2014-07-16 18:56:13+00:00,0,HealthTap .com,Just found a great answer on @HealthTap to: Is it possible to have used a implanted spine stimulator for nerve ... http://t.co/47PLIk3121
23,podmedic,2014-07-15 14:12:32+00:00,0,Buffer,New Hope for Spine Injuries with Epidural Nerve Stimulator (video) http://t.co/zKH8yY6Y9Z
24,Browniejess,2014-07-13 05:09:39+00:00,0,Twitter for iPhone,@MeghanABrown they think the stimulator box damaged my spine somehow and I'm leaking spinal fluid. Possible surgery again
25,podmedic,2014-07-11 14:12:15+00:00,1,Buffer,New Hope for Spine Injuries with Epidural Nerve Stimulator (video) http://t.co/lNjgzcLa6o #healthtech
26,podmedic,2014-07-08 15:09:10+00:00,0,Facebook,New Hope for Spine Injuries with Epidural Nerve Stimulator (video) http://t.co/9rGdhCWWgD #paralysis #spine #trauma http://t.co/kGRo8o2X4N
27,podmedic,2014-07-08 14:56:13+00:00,0,Facebook,New Hope for Spine Injuries with Epidural Nerve Stimulator (video) http://t.co/vn5XoqxoS2 #paralysis #spine #trauma http://t.co/QH8P5iNxDV
28,podmedic,2014-07-08 12:56:10+00:00,0,Buffer,New Hope for Spine Injuries with Epidural Nerve Stimulator (video) http://t.co/bT8Tm0UMnx #paralysis #spine #trauma
29,podmedic,2014-07-08 11:27:23+00:00,0,Twitter for Websites,New Hope for Spine Injuries with Epidural Nerve Stimulator (video) http://t.co/wo8L5XG0wu
30,podmedic,2014-07-08 10:56:14+00:00,0,Pinterest,New Hope for Spine Injuries with Epidural Nerve Stimulator (video) http://t.co/DU2y4URRxO
31,podmedic,2014-07-08 10:54:29+00:00,0,Jetpack.com,New Hope for Spine Injuries with Epidural Nerve Stimulator (video) http://t.co/Fr4I1jWumS
32,MiggyMcGee,2014-07-01 02:20:31+00:00,0,Twitter for iPad,#UnderTheDome Death by magnetic contractions? Linda! I have magnetic stimulator thru my spine I'd B a goner for sure. #Take a load off Fanny
33,BarbaraBull1,2014-06-27 14:34:10+00:00,0,Twitter Web Client,"@jbull4seasons 
If Doug needs a spine stimulator, maybe he shouldn't play golf? He expects me to drag this leg around a golf course? ha ha"
34,MeyersonFirm,2014-06-12 23:39:05+00:00,0,Twitter for iPad,Let us know if you are having problems with your St. Jude spine stimulator.
35,MDHotline,2014-05-30 17:49:03+00:00,0,Buffer,5 Findings on Spinal Cord Stimulator Effectiveness for Failed Back Surgery ... - Becker's Orthopedic &amp; Spine http://t.co/s3s0zeoGai
36,MDHotline,2014-05-29 22:52:05+00:00,0,Buffer,5 Findings on Spinal Cord Stimulator Effectiveness for Failed Back Surgery ... - Becker's Orthopedic &amp; Spine http://t.co/wYtprhTs0m
37,dirtymurt,2014-05-24 03:59:27+00:00,0,Twitter for Android,@ChineseSteel @HBO @billmaher @VICE @vicenews stimulator implanted on my spine that really doesn't do shit. Then after an Appt it's like c u
38,ItsaBritThing,2014-05-09 01:29:17+00:00,0,Facebook,So it looks like I will be getting a spine stimulator it's where they put an electrode in your spine and you have... http://t.co/XA9LJeyqhi
39,jeda121,2014-05-06 02:21:18+00:00,0,Twitter for Mac,@mschabaconbong spinal cord stimulator electrodes coming out of my spine lol
40,jeda121,2014-05-06 02:12:21+00:00,0,Twitter for Mac,"Had the stimulator leads removed today. two 12"" long wires going up your spine being pulled out feels WEIRD."
41,texasback,2014-04-29 16:55:07+00:00,0,Hootsuite,Avoiding Paralysis from Improper Spine Stimulator Surgery. #Spinesurgery #texasback @WSJ #Paralysis http://t.co/qZHWp82fHz
42,bethygrif,2014-04-25 22:39:46+00:00,0,Twitter for Android,@BigPinch22 put a battery pack in a dorsail stimulator and 16 lead cords to hook to my spine n discs.  I had no idea it was this involved
43,nikiglanz,2014-04-24 17:43:48+00:00,0,Twitter Web Client,"Spine Implants: Controversy #backpain #paralysis #health #surgery #FDA #stimulator #nervedamage #ambulatory #risks
http://t.co/OoaeOm4mF0"
44,HisLoveKeptMe,2014-04-16 19:17:20+00:00,0,Twitter for iPad,I keep my #Medtronic #SpineStimulator on about 23 hrs a day. Great to see similar stimulation helping those paralized. @katiecouric
45,HisLoveKeptMe,2014-04-16 19:09:40+00:00,0,Twitter for iPad,"Nice to see @katiecouric show discussing the Epidural Stimulator for Paralysis. In Oct 2013, I had a Medtronic Spine  Stimulator implanted."
46,DCTRACTS,2014-04-10 16:00:29+00:00,0,Twitter for Websites,New development on relief from chronic pain: Spine stimulator from St. Jude Medical Inc. receives FDA approval http://t.co/lbOs6zCpGC
47,MDHotline,2014-04-10 15:13:12+00:00,0,Buffer,Spine stimulator from St. Jude Medical Inc. receives FDA approval - Healio http://t.co/v7sJrUSWOV
48,DCCraigslist,2014-04-10 04:20:32+00:00,0,twitterfeed,"#dcbarter New In the Box (Never Used) Spine Stim, Bone Growth Stimulator  (Manassas RT/28): Looking to trade f... http://t.co/2BmHNAjU60"
49,DrJamesTLin,2014-04-10 03:46:03+00:00,1,Buffer,Spine stimulator from St. Jude Medical Inc. receives FDA approval | http://t.co/QbZeg6KSad
50,henshaw_mj,2014-04-08 11:54:46+00:00,0,LinkedIn,Spine stimulator from St. Jude Medical Inc. receives FDA approval http://t.co/7Bi5IG5FDf
51,Timothy_Treible,2014-04-08 09:36:40+00:00,0,twitterfeed,Spine stimulator from St. Jude Medical Inc. receives FDA approval:  http://t.co/wVR0hwSJgp
52,4gsmartoffice,2014-04-07 20:58:42+00:00,0,IFTTT,#Healio Spine stimulator from St. Jude Medical Inc. receives FDA approval http://t.co/fShbfcVRHq
53,DCCraigslist,2014-04-02 01:34:50+00:00,0,twitterfeed,"#dcbarter New In the Box (Never Used) Spine Stim, Bone Growth Stimulator  (Manassas RT/28): Looking to trade f... http://t.co/mrFZdQa1pl"
54,MeyersonFirm,2014-03-25 12:58:34+00:00,0,Twitter for Websites,"If you are having issues with your #St. Jude #spinestimulator, please call us to discuss them"
55,BrainAndSpinal,2014-03-21 18:10:20+00:00,0,Hootsuite,Spinal cord stimulator success depends on time factors | Spine Surgery http://t.co/hBnsFJBShT
56,steph_mo0rex,2014-03-13 18:40:16+00:00,0,Twitter for iPhone,Just watched a spinal cord stimulator be inserted into the cervical spine..... #ouchy 💉
57,EtchingAlong,2014-03-10 13:57:03+00:00,0,Twitter for Android,@aylin_eser have plenty of knowledge in that but can walk a mile a day on good days.A messed up spine does not help spinal chord stimulator
58,josegarban,2014-02-26 14:43:50+00:00,0,Twitter for Android,La solución para @Raothmist RT @ArchiveDigger: New spine stimulator allows man to live without back pain. http://t.co/ZPWId9QNAj
59,achyutha,2014-02-26 14:25:14+00:00,0,Twitter for Websites,New spine stimulator allows man to live without back pain http://t.co/jkXLV2vecA
60,ArchiveDigger,2014-02-26 14:20:53+00:00,0,Twitter Web Client,New spine stimulator allows man to live without back pain. http://t.co/CfLwDzupsM
61,DCCraigslist,2014-02-22 20:03:04+00:00,0,twitterfeed,"#dcbarter New In the Box (Never Used) Spine Stim, Bone Growth Stimulator  (Manassas RT/28): Looking to trade f... http://t.co/PjIWpneYiq"
62,EtchingAlong,2014-02-20 16:47:16+00:00,0,Twitter for Android,totally disabled retired land surveyor professional.I had a spinal chord stimulator implanted this past 12 Dec and had spine broken 5th time
63,KentSmalley,2014-02-18 21:55:52+00:00,1,Twitter for Websites,How an Electrical Bone Growth Stimulator Helps with Spine Fusion http://t.co/ZCB9dbt4HE
64,KellyJeanturner,2014-02-11 13:31:22+00:00,0,Twitter for iPhone,@MiloandJack understood! I have had 3 back surgeons .. Stimulator down my spine! Have other one on the horizon! 😏👍
65,wurdsmiffing,2014-02-10 15:04:47+00:00,0,Facebook,Spine stimulator helps back pain http://t.co/OlAs2FPWpz
66,ceceonmars,2014-01-30 20:30:37+00:00,1,Twitter for Android,@jtude Ive got a messed up spine. 1/2 of its fake &amp; theres a spinal cord stimulator back there too. Thank u for the support. Same to u too.
67,Warrior417,2014-01-22 02:39:18+00:00,0,Twitter for Android,@teri_nichols @GunsmithG I think he has a full spinal cage and spine stimulator but he's coming along..PraiseGod
68,Cricut365,2014-01-19 10:20:56+00:00,0,iOS,"@kidsdocjean oh the fact they took a part of my spine out when they implanted my spinal chord stimulator, I was… http://t.co/RTilJP3qJx"
69,DCCraigslist,2014-01-13 18:54:54+00:00,0,twitterfeed,"#dcbarter New In the Box (Never Used) Spine Stim, Bone Growth Stimulator  (Manassas RT/28): Looking to trade f... http://t.co/4mm6yYGnBF"
70,altman_evan,2014-01-13 18:30:56+00:00,0,HealthTap .com,Just found a great answer on @HealthTap to: Which is better the pain pump or the spine stimulator? http://t.co/hCVxNjqWuX
71,EtchingAlong,2014-01-09 03:34:07+00:00,0,Twitter Web App,"well had been in some.chronic painfor 14 years and had aspinal chord stimulator Implanted into spine u can read 
&lt;http://t.co/adIcOlJr7i&gt;"
72,EtchingAlong,2014-01-05 08:26:08+00:00,0,Twitter Web App,spine survey again 12 Dec. It was to implant a spinal chord stimulator implanted to control my pain with electric impulses to block pain
