,0,1,2,3,4
0,efreshh2o,2015-12-17 22:20:04+00:00,0,Twitter for Android,@sharkbaitlrn I got a Spinal cord stimulator implanted into my spine to help with the nerve issues in my leg
1,polarisu,2015-12-11 21:47:08+00:00,0,Twitter Web Client,"i really hate how this spine growth stimulator makes me feel all sorts of tingling, nauseated uncomfortable sensations"
2,DhLadylaw,2015-12-08 20:05:35+00:00,0,Facebook,Has anyone had experience with the Spinal Cord Stimulator for the cervical spine?  My pain management doctor is... https://t.co/Lc1Rs2zLjI
3,GameOnTx,2015-12-01 02:39:45+00:00,0,twitterfeed,New Spinal Cord Stimulator Doesn't Need Recharging: The devices send electrical impulses into the spine to mas... https://t.co/1GyPBO6hJ9
4,jsolkoff,2015-11-12 14:47:13+00:00,0,Facebook,Dr. Christopher Winfree will be inserting a spinal stimulator in my spine to control pain. The procedure will... https://t.co/1paohlKk2L
5,iinafetse,2015-11-09 05:06:07+00:00,0,Twitter for Android,debating whether to go to work early tomorrow to see how they put in a spine cord stimulator on a patient or just stay &amp; sleep longer
6,LaceyCourtois,2015-10-29 18:45:39+00:00,1,Twitter for iPhone,It feels like my stimulator is coming out of my spine so that's cool
7,JenFraser11,2015-10-14 18:09:46+00:00,0,Twitter for Android,Need help and ideas for Chronic pain and RSD (CRPS).  Spine stimulator not working and had pain for 10 yrs and getting worse
8,DrEKirkeOstm,2015-10-08 07:22:47+00:00,1,Twitter for iPhone,@woodythemover thank you for following. How is the spine stimulator working out? X
9,K_M_Johnston,2015-09-25 18:24:02+00:00,1,Twitter Web Client,.@abrewi3010 YESSS! Exact reason I'm getting spine stimulator. Permanent electrodes or liver/kidney damage from narcotics? No brainer. #MedX
10,SonyaWilson,2015-09-25 01:26:51+00:00,0,Facebook,Very long day it was today.....doctor appointment at Duke Medical Spine Clinic.  The nerve stimulator I have has... http://t.co/vTEqaDwQb1
11,pain_pin,2015-09-23 08:29:08+00:00,0,erased7759377,Alexander Bone &amp; Spine Institute is Now Offering Spinal Cord Stimulator Implants for Chronic Pain Reli #painrelief http://t.co/lTXNXf6fL4
12,glucksteinlaw,2015-09-21 20:22:10+00:00,0,erased708509,Paralyzed Stand Using Electrical Stimulator Implants In Spine - http://t.co/vXDeVSna0W
13,stemcellnews,2015-09-21 08:01:30+00:00,0,Hootsuite,#StemCells News: Alexander Bone &amp; Spine Institute is Now Offering Spinal Cord Stimulator Implants for Chronic Pain... http://t.co/B4OCQ1V6vW
14,FloridaPain,2015-09-21 07:03:42+00:00,0,PRWeb,"South Florida pain &amp; spine doctor, Lawrence Alexander MD, now offering life changing spinal cord stimulator implants. http://t.co/22SkwOmHoy"
15,unadvisedfathe,2015-09-17 18:04:12+00:00,0,syndwi re,Spine Stimulator for Pain https://t.co/OWuiVFtlmP
16,kelleybillie38,2015-09-07 01:13:02+00:00,8,GoFundMe,I have 5 failed spine surgeries an now im having to face another had a spinal stimulator implanted... http://t.co/S62ltofJbN
17,kelleybillie38,2015-09-07 00:05:20+00:00,0,GoFundMe,5 failed spine surgeries had a stimulator implanted it also failed now they need to go back in and... http://t.co/S62ltofJbN
18,kelleybillie38,2015-09-06 23:55:59+00:00,0,GoFundMe,My spinal stimulator was implanted to help block pain from 4 failed spine surgeries this makes fai... http://t.co/S62ltofJbN
19,ByeEd2,2015-09-04 09:50:22+00:00,1,Twitter Web Client,Electrical implanted muscle stimulator treats curvature of the spine http://t.co/JWPbLB8B3D
20,patricelauren1,2015-08-25 08:36:49+00:00,0,Twitter Web Client,How an Electrical Bone Growth Stimulator Helps with Spine Fusion http://t.co/KPEyI3GA8b via @spinehealth
21,Job_Anchorage,2015-08-14 17:50:54+00:00,0,twitterfeed,"#Anchorage #Job Medication Monitoring 1099 opportunity (Alaska): Pharma Reps, Spine Reps, DME Reps, Stimulator... http://t.co/yit8HtzLY8"
22,RedWolfWarrior,2015-08-06 19:50:40+00:00,3,Twitter for Android,"@privateIterri @Muffit1 @kaylama54674519 @SCSver @elechues
PoolPT/TensUnit,Massage, KetamineInfusion,Spine Stimulator http://t.co/42LXitRFd7"
23,MeyersonFirm,2015-08-04 15:08:19+00:00,0,Twitter Web Client,Are you having problems with your RestoreSensor spine stimulator by Medtronic?
24,brendadavis711,2015-08-03 13:09:51+00:00,0,Facebook,"Prayers for the Hubby, George Davis today he is having his pain stimulator in his spine worked on today. I am... http://t.co/jw49CxZZe8"
25,BusyMindsCG,2015-07-30 12:20:06+00:00,0,Buffer,"PARALYSIS BREAKTHROUGH: An electrical stimulator implanted in the spine has enabled four men, all paralyzed from the chest down, stand up."
26,usfraorg,2015-07-30 02:38:35+00:00,0,Facebook,"Paralysis breakthrough: electrical stimulator implanted in spine enabled 4 men, all paralyzed from chest down, to... http://t.co/4r1g10XuFZ"
27,wsvn,2015-07-29 17:42:50+00:00,34,SnappyTV.com,"An electrical stimulator implanted in the spine has enabled four men, all paralyzed from the chest down, to stand. http://t.co/dDGrRg8alU"
28,PatriciaMcCa,2015-07-28 13:35:32+00:00,0,Facebook,"PARALYSIS BREAKTHROUGH: An electrical stimulator implanted in the spine has enabled four men, all paralyzed from... http://t.co/pgsEcAugBP"
29,TriumphOverSCI,2015-07-28 12:51:29+00:00,0,Facebook,"PARALYSIS BREAKTHROUGH: An electrical stimulator implanted in the spine has enabled four men, all paralyzed from... http://t.co/ap6ccuTj9o"
30,Vanessa___Says,2015-07-28 03:30:26+00:00,0,Twitter for iPhone,Electrical stimulator implanted in the spine is helping men who are paralyzed from the chest down gain function to stand up! 😍
31,AlanSackrin,2015-07-27 16:59:48+00:00,0,Hootsuite,"RT @wsvn: electrical stimulator implanted in spine has enabled 4 men, all paralyzed from the chest down, to stand.  http://t.co/z3nnVNYNjz"
32,wsvn,2015-07-27 16:41:24+00:00,97,SnappyTV.com,"An electrical stimulator implanted in the spine has enabled four men, all paralyzed from the chest down, to stand.  http://t.co/LD01Zm7sb2"
33,tracymccardell,2015-07-26 13:24:19+00:00,0,iOS,"Awesome breakthrough w/ spine stimulator implants.. ""Paralyzed patients stand again"" #medical #health #disabilities http://t.co/8ASosLfjQi"
34,ByeEd2,2015-07-17 08:29:04+00:00,0,Twitter Web Client,@bladdersupport this iPod spine stimulator for pain control might be of interest in IC http://t.co/SfEawnzs85
35,rpsmith5280,2015-07-09 17:31:15+00:00,0,Facebook,Just had a spine Stimulator implanted in my back for a trial run.  We get to leave it in for a week and if it... http://t.co/ZLJ1lO9ThX
36,DannyBa62678420,2015-07-09 16:08:23+00:00,0,Facebook,"going to the chiropractor here in a few for a spine alignment.   I just took this bone stimulator off,  he told... http://t.co/QSNC3CC285"
37,ddcrn,2015-07-09 12:03:34+00:00,0,Twitter for iPhone,"@MayoClinic Spine Stimulator can CAUSE a worse pain, than what trying to solve!  Needs more research!  Remember that word?  Research!!!!"
38,Spicey_Spiney,2015-06-23 13:24:55+00:00,1,Twitter Web Client,"@Grahamxx I've had 3 surgeries on my spine. Decompression/stabilisation in 04, fusion in 08, spinal cord stimulator in 10"
39,MissBeteNoire,2015-05-14 05:51:47+00:00,0,Twitter for Android,"@cousin_dave I think there's a thing like your spine stimulator for my brain, is yours 2 parts?"
40,joshuasmithmd,2015-05-12 15:32:23+00:00,1,Everypost,Interested to see this system in practice. Nevro Stock Adds $197 Million Rising 18% on Spine Stimulator http://t.co/CsPidnshAm
41,RichardGEarl,2015-05-12 10:53:38+00:00,0,Hootsuite,Nevro Stock Adds $197 Million Rising 18% on Spine Stimulator - Bloomberg Business http://t.co/JzzhWbD9PV @RichardGEarl
42,jennymkaplan,2015-05-11 16:19:45+00:00,0,Twitter Web Client,$NVRO Stock Adds $270 Million Amid 24% Rally on Spine Stimulator http://t.co/A6ex6RWYfW via @business #stocks
43,SelfDecompress,2015-05-08 22:10:03+00:00,0,Twitter Web Client,"did u know spine surgeon will implant stimulator in spinal cord? http://t.co/ec0NjR35h8
try #Selfdecompress before you put devices in spine!"
44,RobertLGoodman,2015-04-29 00:43:03+00:00,0,spinalstenosisblog.com,#Backpain Spinal Cord Stimulator removal 3/20/2013 http://t.co/BNCAftrmnh #Medical #Spine
45,DrSpineVue,2015-04-22 14:25:23+00:00,0,Facebook,Dr. Sean Jones-Quaidoo was recognized in Becker's Spine Review for adopting a new spinal cord stimulator... http://t.co/6aBUVRhHJ3
46,madisonhover,2015-04-19 23:25:09+00:00,0,Twitter for Android,I need a spine stimulator
47,GreaseShop,2015-04-17 05:41:08+00:00,0,Facebook,"Next month, sometime some day in May, I am getting a nero stimulator  implanted in my spine. Hopefully it will... http://t.co/cMBGXmCgVk"
48,maddogblues,2015-04-06 15:08:53+00:00,0,Twitter for Android,"Boston Scientific study shows failings in chronic pain management http://t.co/b2CFwPlajp via @sharethis
Love my Spine Stimulator"
49,puppypurgatory,2015-03-24 22:14:19+00:00,0,Twitter Web Client,"@fls102204 Frank, do you have a spinal cord stimulator in your lumbar spine? Does it help you? Are you being referred for PT to Thoracic Sp?"
50,fls102204,2015-03-22 20:26:55+00:00,1,Twitter Web Client,@Karebear19777 My spine is nuts and screws too. I have a stimulator in my lumbar. So I know all about the pain... do you have an infuse also
51,laurenjessie4,2015-03-22 05:24:33+00:00,2,Twitter for iPhone,"Less than 24 hours after surgery &amp; getting a stimulator put in his spine, my dad thinks he should be able to ""mentally"" beat the pain😑"
52,sdlovessmoke14,2015-03-17 12:47:16+00:00,1,Twitter for Android,@TeresaKB0311 Thank you!  Is the stimulator implemented in your spine?
53,judysdreamin,2015-03-07 20:01:26+00:00,1,Twitter Web Client,"@Glorygirlone @elljayemm for a qhile. But now, a stimulator cord willberun up and down my spine, and closed inside me."
54,lawman123456789,2015-03-03 21:25:19+00:00,0,Avvo.com,My answer to: I had damage to my spine as a result of a nerve stimulator. http://t.co/OhKHaDb1sP
55,CivilServantRet,2015-02-25 05:44:07+00:00,0,Twitter Web Client,"@kathy_derosa heard good &amp; bad..they can do a trial where the stimulator is on the outside of the body &amp; wires into the spine, i might do it"
56,CivilServantRet,2015-02-25 05:38:51+00:00,0,Twitter Web Client,@kathy_derosa they want 2 go into my spine w/ a stimulator 2 shut off the knee pain..ive been against it but might do it..tired of drugs
57,TheTobins1,2015-02-19 16:37:59+00:00,0,Twitter Web Client,"Out of spine surgery now, I am t home now with my Kaleb. They went in and removed my ion bone growth stimulator, AND ALL IS WELL PRAISE GOD"
58,AriBernsteinMD,2015-02-17 00:44:01+00:00,0,Twitter for iPhone,@Medtronic_Inc @MedtronicCEO im a medical doctor w/ spine injury have medtronic stimulator.saved my life. If i can help others contact me.
59,123_Goods234,2015-02-07 17:17:44+00:00,0,Twitter Web Client,So I have had back issues for 2 years. After fighting with insurance I finally got a spine stimulator surgery yesterday.  It shocks my spine
60,123_Goods234,2015-02-07 14:59:36+00:00,0,Twitter Web Client,@PMESportingGood So I have had back issues for 2 years.  After fighting with insurance I finally got a spine stimulator surgery yesterday.
61,Janel2005,2015-01-26 02:22:33+00:00,1,Facebook,My neck is in so much pain right now from this stimulator on my spine I just wanna cry — feeling pained
62,DeborahGuy1,2015-01-19 14:35:31+00:00,0,Twitter for iPad,@osaxy @CarolinaYallers the stimulator gets put on top of spine internal wiresTrial for 6 days if it works.
63,tomseagraves,2015-01-05 22:41:02+00:00,0,TweetCaster for Android,I may try to live tweet the stimulator leads being put in my spine this afternoon. It will keep my mind off the pain. What do you think? #fb
64,tomseagraves,2015-01-05 22:30:50+00:00,0,TweetCaster for Android,I may try to live tweet the stimulator leads being put in my spine this afternoon. It will keep my mind off the pain. What do you think?
