,0,1,2,3,4
0,A1LegalNurse215,2016-12-31 11:15:56+00:00,1,Twitter for iPhone,"Stimulator bypasses spine injury, helps patients move hands https://t.co/m6vJC9ZUvf via @mediasourcetv @EurekAlert"
1,BrandonDrumm247,2016-12-29 19:00:24+00:00,162,Twitter for Android,"Final spine surgery done.Stimulator installed &amp; ready to roll. Well, besides the pain in my back. Recovery then back to normal. God is good. https://t.co/EXVxFxIPoQ"
2,dheerajbhatia70,2016-12-23 12:46:07+00:00,0,Facebook,"A Stimulator to bypass Spine Injury, recover from Paralysis ! https://t.co/zAs13ECjxH"
3,ahighelevation,2016-12-20 22:05:10+00:00,0,Buffer,"Stimulator bypasses spine injury, helps patients move hands https://t.co/68jtMRi1Bj https://t.co/p7UNPEZS8P"
4,p_jaikumar,2016-12-20 09:41:53+00:00,0,Twitter Web Client,"Stimulator Bypasses Spine Injury, Helps Patients Move Hands | UCLA Healt... https://t.co/GWPBuL0MlQ via @YouTube"
5,NowConquer,2016-12-19 16:06:19+00:00,3,TweetDeck,"Watch the amazing video as a stimulator bypasses a spine injury and helps patients move their hands!
https://t.co/m8MnaieimH"
6,ShadyAnis,2016-12-17 21:55:30+00:00,0,Facebook,"Stimulator Bypasses Spine Injury, Helps Patients Move Hands | UCLA Health Newsroom https://t.co/IpX07UxRuX"
7,tzack16,2016-12-17 19:31:01+00:00,1,Buffer,"Stimulator bypasses spine injury, helps patients move hands https://t.co/YDZFInWe20 https://t.co/mFhIzZE2Rb"
8,bernardoleon59,2016-12-14 22:14:44+00:00,0,Twitter Web Client,"Stimulator Bypasses Spine Injury, favorece el movimiento de cuadriplejicos  la esperanza aumenta . https://t.co/3Pyy7p3ius vía @YouTube"
9,Megan_Primeau,2016-12-14 19:50:22+00:00,1,Hootsuite,"RT @rickross10: Stimulator bypasses spine injury, helps patients move hands https://t.co/3SK8WSW0EH"
10,FutrBiz,2016-12-14 18:04:02+00:00,0,Buffer,"""Stimulator bypasses spine injury, helps patients move hands, finger motion up to 300% in quadriplegics"" https://t.co/aQuRxvEPaK"
11,MediaSourceTV,2016-12-14 17:30:14+00:00,2,Hootsuite,Great to see our client @UCLAHealth recognized on @MailOnline for the success of their breakthrough spine stimulator https://t.co/Kaxd37INUS
12,ProjectWalk,2016-12-14 16:10:28+00:00,2,Twitter Web Client,"Advisory Board Member, Dr. Lu, see's success with a stimulator that bypasses spine injury, helps patients move hands https://t.co/7epsiHPX7A"
13,terra_rays,2016-12-14 14:15:23+00:00,0,Hootsuite,"Stimulator bypasses spine injury, helps patients move hands
https://t.co/zPRTm9lTzW"
14,rickross10,2016-12-14 04:03:13+00:00,0,Twitter Web Client,"Stimulator bypasses spine injury, helps patients move hands https://t.co/Ef1vQeWetd"
15,_briannnnnnna,2016-12-14 02:22:48+00:00,0,Twitter for iPhone,@kdawg472 it's called spinal cord stimulator they put this thing in her spine and she controls it. It's like shocking her but comfortably
16,fastfuture,2016-12-14 00:29:00+00:00,0,Buffer,"""Stimulator bypasses spine injury, helps patients move hands, finger motion up to 300% in quadriplegics"" https://t.co/Rmr58EetoS"
17,Johnson37975725,2016-12-14 00:15:39+00:00,0,Twitter for iPhone,Stimulator Bypasses Spine Injury and Helps Patients Move Hands – Neuroscience News https://t.co/lzfA6s5j4v
18,Gretchen_NCH,2016-12-13 22:43:19+00:00,0,Twitter Web Client,"Stimulator bypasses spine injury, helps patients move hands - https://t.co/WllvKVrrKp"
19,Joliesoile,2016-12-13 22:15:14+00:00,0,Twitter Web Client,Stimulator Bypasses Spine Injury and Helps Patients Move Hands https://t.co/eHeBSK17RU
20,ScienceNewsLH,2016-12-13 20:52:44+00:00,0,ScienceNewsLH,"Stimulator bypasses spine injury, helps patients move hands 
https://t.co/gYOXgDSmPl #Everyday  Science https://t.co/hMcVOJRYke"
21,CokaMGH,2016-12-13 20:26:44+00:00,0,Twitter Web Client,Stimulator Bypasses Spine Injury and Helps Patients Move Hands https://t.co/hNznxQZiOS
22,NeuroscienceNew,2016-12-13 19:46:53+00:00,16,Twitter Web Client,Stimulator Bypasses Spine Injury and Helps Patients Move Hands https://t.co/OwIjPeF9f9 #neurology #technology #techtuesday #science
23,GileroMed,2016-12-13 19:35:08+00:00,1,LinkedIn,"Stimulator Bypasses Spine Injury, Helps Patients Move Hands https://t.co/iJtdMSY3LE"
24,ShapingTomorro,2016-12-13 18:09:21+00:00,0,Twitter for iPhone,"Stimulator bypasses spine injury, helps patients move hands 
 https://t.co/9pR6pRiLPI"
25,MedLinkNeurol,2016-12-13 17:30:34+00:00,0,Hootsuite,"Stimulator bypasses spine injury, helps patients move hands https://t.co/bWvyN1vp6L"
26,tech_sational,2016-12-13 17:00:04+00:00,0,Buffer,"Stimulator bypasses spine injury, helps patients move hands - Experimental treatment improves grip, finger motion … https://t.co/qsuXfC3uif"
27,NewsInLongevity,2016-12-13 15:28:40+00:00,0,Buffer,"Stimulator bypasses spine injury, helps patients move hands https://t.co/OkyXhaiRVy"
28,Crouts,2016-12-13 13:58:01+00:00,2,Twitter Web Client,"Stimulator bypasses spine injury, helps patients move hands https://t.co/leBtpueUWu via @mediasourcetv @EurekAlert"
29,panah,2016-12-13 13:58:01+00:00,0,Buffer,"Stimulator bypasses spine injury, helps patients move hands https://t.co/wUIOWYP9L7"
30,DeniseFetters,2016-12-13 13:28:48+00:00,0,Twitter for iPad,"Stimulator bypasses spine injury, helps patients move hands - Knowridge https://t.co/YiLi1PtMku"
31,SciFrye,2016-12-13 13:02:36+00:00,0,Scoop.it,"Stimulator bypasses spine injury, helps patients move hands | @scoopit via @svukusic https://t.co/HUM1At48hF"
32,hlthnews,2016-12-13 12:57:23+00:00,0,Twitter Web Client,"Stimulator bypasses spine injury, helps patients move hands https://t.co/HBRcDEmNzQ via @medical_xpress"
33,bradpotterbaum,2016-12-13 11:08:26+00:00,0,IFTTT,"Stimulator bypasses spine injury, helps patients move hands - Experimental treatment improves grip, finger motion … https://t.co/3mlo51d7WH"
34,nealasher,2016-12-13 10:50:45+00:00,2,Twitter Web Client,"Stimulator bypasses spine injury, helps patients move hands https://t.co/Dkig2It1WK via @medical_xpress"
35,zargina,2016-12-13 10:41:50+00:00,0,Twitter for iPhone,"Stimulator bypasses spine injury, helps patients move hands https://t.co/SBWdYNxpcC"
36,svukusic,2016-12-13 09:04:07+00:00,0,Scoop.it,"Stimulator bypasses #spine_injury, helps patients move hands  https://t.co/lV1o49sfO3 #neuroscience #spinal_simulator #implant"
37,ThePostsynaptic,2016-12-13 08:16:47+00:00,0,Facebook,"Stimulator bypasses spine injury, helps patients move hands https://t.co/lRHB0cpil7"
38,tom_biotech,2016-12-13 07:58:05+00:00,0,IFTTT,"Stimulator bypasses spine injury, helps patients move hands https://t.co/4XlqFbJ02X #biotech"
39,medical_xpress,2016-12-13 07:49:01+00:00,28,Science X Status Updates,"Stimulator bypasses spine injury, helps patients move hands https://t.co/dZhcq6GZdg"
40,KnowridgeSci,2016-12-13 07:09:43+00:00,0,Twitter Web Client,"Stimulator bypasses spine injury, helps patients move hands https://t.co/g4vjecN7X1 via @KnowridgeSci"
41,15MinuteNewsTec,2016-12-13 06:35:52+00:00,0,15 Minute News Technology,"Stimulator bypasses spine injury, helps patients move hands https://t.co/SQAf6unWsi #Medical"
42,bichologo,2016-12-13 06:31:12+00:00,0,Hootsuite,"Stimulator bypasses spine injury, helps patients move hands - Credit: Courtesy: Ronald Reagan UCLA Medical Cent... https://t.co/6imYyM4eVo"
43,jc_hesketh,2016-12-13 06:23:46+00:00,0,Jetpack.com,"Stimulator bypasses spine injury, helps patients move hands https://t.co/lFEjkNBX7y"
44,ZyiteGadgets,2016-12-13 06:17:17+00:00,0,Hootsuite,"Stimulator bypasses spine injury, helps patients move hands - An experimental procedure involving an implanted ... https://t.co/jBebTyKRX5"
45,RoboticSpine,2016-12-13 05:59:15+00:00,0,Hootsuite,"Stimulator bypasses #Spine #Injury, helps patients move hands:   https://t.co/O0TU7ApX7z"
46,JayTBBneer71,2016-12-13 05:56:30+00:00,0,Twitter for Android,"""Stimulator bypasses spine injury, helps patients move hands"" https://t.co/m1ThJRveYo #science #feedly"
47,ajinkyaambre3,2016-12-13 05:53:15+00:00,0,dlvr.it,"Stimulator bypasses spine injury, helps patients move hands https://t.co/W1BPVxXYuD"
48,GreenincUSA,2016-12-13 05:46:24+00:00,0,Hootsuite,"Stimulator bypasses spine injury, helps patients move hands - (MediaSource) An experimental procedure involving... https://t.co/802klzvfE5"
49,sciencenewsfact,2016-12-13 05:34:38+00:00,0,dlvr.it,"Stimulator bypasses spine injury, helps patients move hands https://t.co/ozZQOq0LjF"
50,MDHotline,2016-12-13 05:03:39+00:00,0,IFTTT,"Stimulator bypasses spine injury, helps patients move hands - EurekAlert (press release) https://t.co/jDTJ2a8KBf #SCI"
51,OGdukeneurosurg,2016-11-24 14:34:32+00:00,0,Twitter for iPhone,Internal #brain #electrodes #wirelessly sends signal to internal spine #stimulator for paralyzed monkeys to ambulate https://t.co/RaRDzO8FTl
52,BhaktiBrophy,2016-11-23 21:28:47+00:00,0,Twitter for Android,"TY 4 the prayers
No good news
My spine is now too bad for stimulator
Need 2 go back to neurosurgeon who dsn't take my insurance
Fundraisers"
53,Smokey91199,2016-11-14 12:09:34+00:00,0,Twitter for iPhone,@AllisonLegal I had a spinal cord stimulator implanted in my spine and is causing me even more pain! Had 10 adjustments to no avail #nowwhat
54,haematologic,2016-11-11 00:09:38+00:00,0,Twitter for Android,Incredible intracortical microelectrode/epidural stimulator as brain–spine interface for gait deficit in cord injury https://t.co/RQvOnFC3WS
55,BrandonDrumm247,2016-10-25 17:05:21+00:00,8,Twitter for Android,"Day 2 of spine stimulator trial and feet swelling went down, but I'm in a TON of pain were needles/incisions went. Gained 24lbs on meds.😔 https://t.co/deu1VdL1nC"
56,BrandonDrumm247,2016-10-24 23:02:40+00:00,33,Twitter for Android,"Out of surgery number 1. Now we wait to see if spine stimulator works. Pain is unreal. Hopefully, worth it."
57,TotalBlammBlam,2016-10-13 17:32:29+00:00,0,Twitter for iPhone,@MoShamji Incredibly grateful you've accepted me for a neuro-stimulator trial. Looking forward to being pain-free! #chronicpain #spine
58,BrandonDrumm247,2016-10-01 18:01:27+00:00,14,Twitter for Android,Just a heads up to my followers: in the coming weeks I will find out if I will have spinal surgery to implant a spine stimulator (cont)
59,intenseCA,2016-09-01 03:00:54+00:00,0,Twitter Web Client,"i have a stimulator implant on my spine, but i am not convinced of its efficacy. https://t.co/hTwYAFmP6h"
60,alexanderlawgrp,2016-08-31 22:49:00+00:00,0,Sprout Social,Spinal cord stimulator cures woman of lumbar spine disc disease - https://t.co/9DM0WbhuVF
61,MinneapolisVein,2016-08-31 18:01:32+00:00,0,Hootsuite,"A stimulator implanted along the spine may offer relief some kinds of chronic pain, like #legpain and #sciatica. https://t.co/ev9q6IqZwc"
62,thepeoplepost1,2016-08-28 19:22:16+00:00,0,Twitter Web Client,#Spinal cord stimulator cures #woman of lumbar spine disc disease - https://t.co/yhsMusS9Vf https://t.co/AjGJjVSX4Y
63,doctr_pro,2016-08-26 21:27:14+00:00,0,IFTTT,Spinal cord stimulator cures woman of lumbar spine disc disease - The Siasat Daily https://t.co/kpxnm5LxqR
64,acrossUpdate,2016-08-26 19:27:58+00:00,0,twitterfeed,Zee NewsSpinal cord stimulator cures woman of lumbar spine disc diseaseZee NewsNew Delhi: A 35-year-old woman...  https://t.co/e6W8YRxhsg
65,AnsariShamiya,2016-08-26 19:22:27+00:00,0,twitterfeed,Spinal cord stimulator cures woman of lumbar spine disc disease: A 35-year-old woman operated twice for lumba... https://t.co/0vLZsO3Qrw
66,doctr_pro,2016-08-26 19:07:20+00:00,0,IFTTT,Spinal cord stimulator cures woman of lumbar spine disc disease - Zee News https://t.co/z5dE7X54Ej
67,healthfacto,2016-08-26 19:01:09+00:00,0,twitterfeed,Spinal cord stimulator cures woman of lumbar spine disc disease - Zee News https://t.co/K9jxAlIr1x
68,iinewsindia,2016-08-26 15:12:50+00:00,0,erased12624093,"#BreakingNews  
Spinal cord stimulator cures woman of lumbar spine disc disease"
69,rkraimedia,2016-08-26 15:04:27+00:00,0,Mobile Web,Spinal cord stimulator cures woman of lumbar spine disc disease https://t.co/q1Npsjszxp
70,tribunepunjab,2016-08-26 13:42:41+00:00,0,Twitter Web Client,Spinal cord stimulator cures woman of lumbar spine disc disease: https://t.co/AjCSIzec8E
71,yash_news,2016-08-26 13:30:07+00:00,0,IFTTT,Spinal cord stimulator cures woman of lumbar spine disc disease https://t.co/Zma1X1QEoM
72,DailyWorldChd,2016-08-26 13:16:14+00:00,0,Jetpack.com,Spinal cord stimulator cures woman of lumbar spine disc disease https://t.co/ZFFYj33ymI
73,only24news24,2016-08-26 13:15:02+00:00,0,Only24news,"Spinal cord stimulator cures woman of lumbar spine disc disease
 https://t.co/wRgI3BW1T2"
74,agk4444,2016-08-26 13:12:02+00:00,0,Jetpack.com,#Spinal #cord #stimulator #cures #woman of #lumbar #spine #disc #disease https://t.co/vIoWhVZV4o https://t.co/1kMZowH70P
75,jonareeves6127,2016-08-15 23:12:22+00:00,0,Twitter Web Client,Can I have a CT scan if I have a spine cord stimulator implanted in me? Do any of my followers know about this I know an MRI is out
76,DeniseDogero,2016-08-05 10:09:20+00:00,3,Twitter for Android,@Gemstone_RP @J_SilverRP  oh I will thank god I have my spine stimulator (Luke) lol
77,SynapseDoctor,2016-08-03 19:51:32+00:00,0,Twitter Web Client,"Watch Dr. Kohan's patient talk about his #spine #stimulator.
https://t.co/pojyiGOUTo
#orthopedics #losangeles https://t.co/WgOR4mpY7L"
78,LilyCrue,2016-08-03 00:10:31+00:00,0,Twitter Web Client,"@ValentinoCarla my spine is fused and crooked. for me to get a spinal cord stimulator, I have to have 2 pieces of bone removed, I am at high"
79,SynapseDoctor,2016-07-29 17:19:54+00:00,0,Twitter Web Client,"Watch #synapsedoctor Dr. Kohan's patient testimonial about his #spinestimulator #losangeles
https://t.co/pojyiGOUTo https://t.co/0wk41VGjce"
80,SynapseDoctor,2016-07-28 22:09:08+00:00,1,Twitter Web Client,"RT After #SpineStimulator implant, #Patient has his Life Back | #DrKohan https://t.co/VmWrPRQi2Q via @YouTube"
81,mdp4202,2016-07-18 06:29:02+00:00,0,TweetDeck,"@Blubdha wires implanted in spine and attached to implanted battery and electric stimulator. Infection risk, detachment, paralysis, death"
82,JasperSpine,2016-07-11 15:04:58+00:00,0,Facebook,One of the coolest little gizmos to come to The Jasper Spine Institute is the Peripheral Nerve Stimulator which... https://t.co/IBODIXNW8H
83,patrickroyal46,2016-06-27 20:56:20+00:00,0,Facebook,I went home from work today earlier. I felt under the weather. I go in for my spine stimulator  tomorrow. I can't wait.
84,DrTurkeymonster,2016-06-08 10:32:43+00:00,0,Twitter for iPhone,@Not_lizomzimba @theefefe actually I had a neurological stimulator implanted into my spine. It's supposed to interrupt the pain signals.
85,DrTurkeymonster,2016-06-07 23:37:23+00:00,0,Twitter for iPhone,@wingster55 I had a neurological stimulator inserted into my spine. It wasn't much fun.
86,AMMOSMITH1,2016-05-31 01:58:56+00:00,11,Twitter Web App,I am going in on the 16th to start my Spinal Cord Stimulator Trial. They will install the wires into my spine for a week. Wish me luck!!!
87,RobertLGoodman,2016-05-28 09:01:27+00:00,1,spinalstenosisblog.com,#Backpain Viberect Medical Stimulator for ED Treatment.  Medical Vibrator for Men Reviews https://t.co/RZp6Dhe8Ap #Medical #Spine
88,drtintin99,2016-05-19 14:27:17+00:00,0,Twitter for Android,@traumakhan Or you can put in a stimulator...! https://t.co/w76J5XhCBa #spine
89,fairytalessuck3,2016-05-17 14:35:41+00:00,0,Twitter for Android,My pain dr said he can put stimulator wiring up my spine n put a fn battery pack in my back for pain..the Fuck will I be a robot next f nooo
90,PPSChicago,2016-05-12 02:20:36+00:00,0,Mobile Web (M2),Premier Pain &amp; Spine is now offering relief for severe chronic pain with spinal cord stimulator implants. https://t.co/pmPML7uWl9
91,casteelsfeels,2016-05-11 20:22:24+00:00,1,Twitter for Android,The stimulator machine at physio today feels like I'm getting a tattoo on my spine.
92,uofmfantr,2016-04-19 12:20:25+00:00,0,Twitter for Android,@samwebb77 the Jaylon Smith tendon/nerve thing hit home.Wife's perm spine stimulator gets put in 5-11. She may finally walk again.
93,charly533,2016-04-11 18:42:20+00:00,0,Twitter for Android,@LilyCrue either a stimulator on the spine to help reactivate the nerves or surgery to bypass problem. Neither guaranteed to work.
94,Paul_The_Wxguru,2016-04-05 23:19:45+00:00,1,Twitter for Android,@KATVNews Are you all going to be following the gentleman in the story on UAMS doc doing spine stimulator so we know how well it helps him?
95,aimstar357,2016-03-25 18:02:18+00:00,8,Twitter for iPhone,Just got home from surgery to implant a spinal cord stimulator in my spine @TWLOHA @jamietworkowski this shirt 🙌🏻 https://t.co/dLzWCAziXu
96,JimLaubler,2016-03-19 00:13:02+00:00,0,Twitter for Android,@greta POTUS struck Vet pay. My retire &amp; disability up 2.5%over 2 years. Maybe feel better after electric stimulator put up spine cord.
97,MoShamji,2016-03-17 08:55:58+00:00,3,Twitter Web Client,En route to Spine Summit 2016 - speaking about MIS placement of spinal cord stimulator devices to improve patient perioperative experience.
98,josephdevereau,2016-03-17 02:41:08+00:00,0,Tumblr,Spinal Cord Stimulator Treatment for Women - Performance Spine and Sports Medicine | Facebook https://t.co/yGKCpTczpe
99,BevYorkshire,2016-03-15 23:01:00+00:00,12,Twitter for iPhone,".@leannrimes oh just stop embarrassing yourself, stop playing the victim. My mother has Spinal Stenosis &amp; Spine Cord Stimulator fitted."
100,MeyersonFirm,2016-03-08 14:17:42+00:00,0,Twitter Web Client,"Problems with your spine stimulator?  Call us.
https://t.co/4Cvyr7jTwQ"
101,sharenell,2016-03-02 23:09:52+00:00,0,Twitter for iPhone,2nd day with the spine stimulator implant trial.  The site of entry is very painful!  Yikes
102,HCPainMD,2016-03-02 15:42:39+00:00,0,Facebook,Have you ever considered a spine stimulator? Did you know that you can have a trial before it is permanently... https://t.co/qJqmbA35Ks
103,HCPainMD,2016-03-02 15:40:34+00:00,0,Facebook,Have you ever considered a spine stimulator? Did you know that you can have a trial before it is permanently... https://t.co/uhT3znUMea
104,HCPainMD,2016-03-02 15:39:18+00:00,0,Facebook,Have you ever considered a spine stimulator?  Did you know that you can have a trial before it is permanently... https://t.co/4mtwfIi8Zs
105,ALBDamn,2016-02-26 05:22:10+00:00,6,Twitter for Android,"give a women a nuro spine stimulator chip, she'll get use of her legs back and walk right out of your life.. #ArrowLifeLessons"
106,AWSSclinic,2016-02-19 22:38:32+00:00,0,Facebook,Another success story from Advanced Wellness Sports &amp; Spine! 90% relief from Jeffrey's dorsal column stimulator... https://t.co/LKMFIraeia
107,MutilatorBCB,2016-02-18 23:38:05+00:00,0,Facebook,"Looks like I should be getting my spine stimulator and avoiding surgery, at least for now! 1 step in the right... https://t.co/1QWBhnHubG"
108,sagilet,2016-02-10 22:56:10+00:00,0,Google,Me ha gustado un vídeo de @YouTube (https://t.co/zURCZaRED5 - Day 2 on Spine Stimulator.).
109,sandramm8111,2016-02-01 03:56:55+00:00,0,Twitter for Android,@__bmccorkle Neuro stimulator on my spine
110,rhodeisland_dp,2016-01-23 12:03:10+00:00,1,DragPlus,Rhode Island Hospital offers new spinal cord stimulator: 5 observations - Becker&amp;#039;s Orthopedic &amp;amp; Spine https://t.co/LMEolwXXEh
111,thetawker,2016-01-23 04:46:42+00:00,0,twitterfeed,Rhode Island Hospital offers new spinal cord stimulator: 5 observations - Becker's Orthopedic &amp; Spine https://t.co/zzyQrse5MM
112,Kold__Piece,2016-01-20 03:07:31+00:00,0,Twitter for iPhone,Lol my mama just shocked me and my Siblings with her spine stimulator. 😂😂
