,0,1,2,3,4
0,sammigriff,2017-12-29 17:35:08+00:00,0,Twitter for Android,"@muhlho 's surgery got moved up a week! Please keep her in prayer as she has a stimulator put into her spine. This is an invasive surgery that can take a while, but it's our last chance to control the back pain that has been so debilitating for so long. Prayers appreciated. 💖🙏"
1,EmoryOTT,2017-12-29 15:55:06+00:00,0,Hootsuite,Emory Doctors Use Spinal Cord #Stimulator To Treat Chronic Pain https://t.co/kb3PVwVDpz via @PatchTweet  #spine #pain
2,Titfpe,2017-12-22 23:09:01+00:00,0,Twitter Web Client,"@DJOGlobal My medical provider gave me your lumbar bone stimulator for my neck, but it does not fit. It is supposed rto be used on cervical spine?"
3,TC_papers,2017-12-22 15:11:03+00:00,0,dlvr.it,A pilot study to record visual evoked potentials during prone spine surgery using the SightSaver™ photic visual stimulator. https://t.co/j9YZWjaCT8
4,Darktwistysnow,2017-12-19 00:22:35+00:00,0,Google,I added a video to a @YouTube playlist https://t.co/95F14Z6FC2 Spinal Headache from Spine Stimulator Trial
5,04redsox07,2017-12-18 21:28:51+00:00,0,Facebook,I just got back from my appointment with my surgeon that’s going to put the electrical stimulator in my spine... https://t.co/o92iFpWFk4
6,prent37,2017-12-11 19:50:14+00:00,1,Twitter for iPad,Had a spinal stimulator trial done today.It helps my back and leg pain but it hurts from having the lead line put in my spine
7,airforcepam,2017-12-09 13:27:53+00:00,0,Twitter for Android,I take opiods &amp; have for 18 + yrs I had a spine surgery that did not heal &amp; caused more discs to rupture &amp; caused permanent nerve damage &amp; constant pain w/ intense muscle spasm I try all modalities for relief &amp; have a spinal stimulator Pain is REAL https://t.co/sh4gvlSdLO
8,metastanza,2017-12-06 18:24:51+00:00,1,Twitter for iPhone,That awkward moment when your bag gets caught in your bone stimulator and you can’t see where it’s caught because your spine is fused&lt;&lt;&lt; https://t.co/dpJBQhgUcS
9,buzz4343,2017-12-06 09:12:11+00:00,2,Twitter for iPhone,"@harrywall64 @LeighMGPM What about the magnetic field giving problems to those with implants, pacemakers etc, I have a spine canal stimulator which would become de programmed by the magnetic field"
10,buzz4343,2017-12-05 18:48:01+00:00,0,Twitter for iPhone,"@canty_michael @marc_laz @LondonEVCompany @BatterseaPwrStn Magnetic fields, that’s just what people with pacemakers etc fitted need. Myself with a spine canal stimulator cannot ride/drive these vehicles due to the risks of damage to my implant. So what do I do when my cab reaches 15 years old apart from buy another old diesel"
11,Tboneking421,2017-11-22 13:42:05+00:00,0,Twitter for Android,"@kharyp @Twitter I feel your pain brother.  I've had 5 spine surgeries including spinal stimulator x's two.  First time coverage was not going to effected area. 
Cervical laminectomy c3-c6

Alot of pain 24/7, I can relate.  Surgery free for 3yrs, now it's morphine and cannabis to manage pain."
12,LisaCollins9,2017-11-21 16:05:25+00:00,0,Twitter for iPhone,"His ex-wife said he is stable. Let’s hope drs. Can keep him on track and that a transplant won’t be too late. I know I’ve been asking for a lot of prayers 4 him but I need them fortomorrow morning when I’m getting my spine stimulator  trial. Please, prayers needed. https://t.co/lc1EuFmwE0"
13,Furbz_85,2017-11-19 08:26:12+00:00,0,Twitter for iPhone,@richardosman My spinal cord Stimulator - which charges my spine device to stop constant pain.
14,lorihensler,2017-11-16 00:57:56+00:00,2,Twitter for iPhone,"@DrEricStrong @mattbc Yes, he is. He's seen by a pain management specialist associated with the spine group he sees st the orthopedic hospital. We just got a referral to a second clinic for an opinion regarding a spinal cord stimulator to see if that helps."
15,buzz4343,2017-11-15 19:47:35+00:00,1,Twitter for iPhone,"@stephenhdg @givati123 @gblondon1 @Georgiebryden On a serious note re electromagnetic side of things drivers and passengers with implants pacemakers etc will get detrimental effects to their unit, my spine canal stimulator was effected by a simple shop security system so as a driverI won’t be buying one"
16,Aspiemom172000,2017-11-12 23:05:51+00:00,0,Twitter for iPhone,@SarahMillican75 Had spinal fusion. Now getting spine stimulator put in for nerve pain. I feel ya. Feel better soon
17,Aspiemom172000,2017-11-12 23:03:50+00:00,1,Twitter for iPhone,@ASDmumGilly I’ve not seen one before but am in US. I’m getting spine stimulator put in to relieve nerve damage from delaying neck surgery. Do what helps
18,crystalballpam,2017-11-10 00:33:23+00:00,0,Twitter for Android,Neuro stimulator surgery on 11/17. This is the permanent insertion of leads into my spine to relieve back pain. Hoping that this will help reduce the pain meds I must take in the future.
19,zzziiinnnggg,2017-11-09 23:57:17+00:00,0,Twitter for Android,@vickicoast @MajorWages @ravensspirit68 @TulsiGabbard Not wanting in this whole argument I'm tagged in but you might look into alternative methods for nerve pain like the spinal cord stimulator implanted into your back and attaches to your spine it sends electronic pulse to the damaged nerve and blocks it. No pain no pain med.
20,LisaCollins9,2017-11-03 00:11:24+00:00,2,Twitter for iPhone,"It took surgery, 20 lumbar injections, radiofrequency ablation and NOW I’ve finally been approved for a spine stimulator next week."
21,crzygma61,2017-10-27 14:47:08+00:00,0,Twitter for Android,@GovChristie @POTUS   3 yrs to get approval 4 spine stimulator trial. Drs kept shoving opioids at me. Medicare bs red tape. No drugs 4 me.
22,jereferol,2017-10-16 23:45:30+00:00,0,Twitter for Android,@bday311 @CBSNews I totally agree. I listened to the new stimulator in the spine but I haven't the bone so it's the pump in my spinal canal now.
23,Spinecongress19,2017-10-12 08:39:04+00:00,1,Twitter Web Client,"Chiropractic management of post spinal cord stimulator spine pain: a case report#
https://t.co/7RwvTZ1xTW"
24,BlogLiberally,2017-10-11 18:38:55+00:00,0,Twitter Web Client,@segosity @ThomasKlineMD Bet I've had 20 MRIs add Spinal cord stimulator test (Literally wires come out of my back) I got Spine Injec 3 months b4 BAD steroids and...
25,airforcepam,2017-10-09 17:59:53+00:00,18,Twitter for Android,@VetCorp125 @CBMorvant @sarah15075 @AuntTritsy @StephenKing @queenbellaIam 3 yrs ago had a spinal stimulator put in spine &amp; was able to cut back opiid use 80 percent Need 2 keep trying diff things for pain control
26,buzz4343,2017-10-09 07:49:51+00:00,0,Twitter for iPhone,"@LeighMGPM Leigh, I have a Nevro spine canal stimulator struggled for 23 years not a total fix but I can walk round the kitchen without holding on"
27,christinutt2,2017-09-29 23:18:50+00:00,0,Facebook,"Day2 with implant stimulator inside my spine, day 1 ok day 2. Intense pain recurred in my left arm hand that I... https://t.co/zmjK290lyJ"
28,312Will,2017-09-29 04:10:49+00:00,0,Twitter for Android,@MKDovellos Very doubtful. Having a stimulator attached to my spine tomorrow for arthritic pain. Wanted to and have credential but not looking like it.
29,SearcyTalk,2017-09-25 12:54:44+00:00,0,Twitter Web Client,Recall on Zimmer Implantable Spinal Fusion Stimulator #spine #recall #monday https://t.co/Z2HtdbkOyS
30,rfritterr,2017-09-19 11:40:24+00:00,0,Twitter for Android,On my way to get my temp spine stimulator. #painrelief #readyforthis.
31,BriankgambleNE,2017-09-17 16:31:25+00:00,0,Twitter for iPhone,@RochNyGregg Yep. Tried a Spinal Cord Stimulator too. Wired snapped off in my spine the first two weeks. They can't get them out w/o major surgery.
32,KnowYourSong18,2017-09-16 16:45:19+00:00,0,BustamantefMM,How to Pronounce Non-union Bone Stimulator ↺RT❤ https://t.co/18wtp5mA5g #front #urging #artistry #comeliness #seam #spine
33,crustationsea,2017-09-15 18:44:18+00:00,0,Google,"Vlog, charging my batteries. Spine stimulator, after surgery.: https://t.co/kHX4w1K0jR via @YouTube"
34,_latinadisgrace,2017-09-14 19:30:48+00:00,11,Twitter for iPhone,I got a spinal cord stimulator and battery implanted inside me and now I have to charge my spine every night lol
35,crustationsea,2017-09-11 15:25:40+00:00,0,Google,"Vlog, The day I had surgery. They cut me to help me. Spine stimulator.: https://t.co/eHekfhDdkh via @YouTube"
36,yinyang72,2017-09-10 15:10:45+00:00,0,Twitter for iPhone,@YOURSPINEISMINE No but it's needed now due to what neurohack did 😳 my spine is wrecked &amp; just went in for trial of spinal Stimulator... F^^^^^ Me Up😬
37,Sammerbeek,2017-09-09 01:50:59+00:00,0,Twitter for iPhone,"@gacossey &amp; been tested 4 spine stimulator,etc etc &amp; mbb b4 but this time it worked well &amp; pray RFA is even 50% as effective as mbb test-"
38,crustationsea,2017-09-06 17:25:43+00:00,0,Google,"Vlog, surgery, spine stimulator, recovery,: https://t.co/45vMM55dzQ via @YouTube"
39,TheBrianest,2017-09-06 07:05:05+00:00,1,Twitter for Android,"@nostrangenames Electrical stimulator implant on my spine (trial), and eventually they got around to morphine. Took another year-year and a half 😛"
40,TheCPSTVShow,2017-09-04 14:52:08+00:00,0,Facebook,Woke up this morning grateful for the stimulator in my spine. I tend to forget how much it helps until it gets... https://t.co/RxkgyfyC6P
41,airforcepam,2017-08-31 16:00:54+00:00,0,Twitter for Android,@DanaLarsen @rp_browne I do take opiates for pain I have had 5 spine surgeries After had a spinal stimulator put in my spine went from 240 mg to 20 mg in one month
42,BlondeBlogger,2017-08-15 00:24:35+00:00,0,Twitter for iPhone,@skippyannie A spine and pain doctor would be able to order an MRI to check your spine. My spinal stimulator helps the lower back pain but not upper.
43,CrankyCyborg,2017-08-09 13:13:53+00:00,1,Twitter for Android,"@JesseBarfieldPi Titanium implants in my spine &amp; a nerve stimulator
When I can get the full cyborg body I'll feel better...if Trump doesn't launch WWIII 1st"
44,anastasia30975,2017-08-09 00:21:29+00:00,0,Twitter for Android,10 am tomorrow I start my trial for a Spinal Cord Stimulator. Scared and nervous! 😕 #Spine #BackPain #stimulator
45,hogsrfun,2017-08-07 02:54:33+00:00,0,Twitter for iPhone,@EuropeanTour @TigerWoods @WGC_Bridgestone Hey go check out @DrRichardBowman at Roane General Hospital in West Virginia. He can place a nerve Stimulator in your spine #NOPAIN I did it
46,MickiBenton,2017-08-01 23:13:49+00:00,3,Twitter for iPhone,"@MayorFeatherH @plmbery9 @The_Shadow_68 @BravesNinja @TerriBraves @Bennetth104 4 major back surgeries-rods, screws &amp; cages up my spine- spinal stimulator, meningitis, arthritis, tendinitis (elbow), bursitis (shoulder)"
47,Albert65737687,2017-07-29 20:09:33+00:00,2,Twitter for iPhone,"@JoeRamsilverfox As good as can be, going to have my 12 spine surgery. I will be getting a spinal cord stimulator. Good to hear you."
48,Tudorican,2017-07-29 13:30:36+00:00,0,Twitter for iPad,"@CleClinicMD I've had every block u could think of, 15 surgeries n my spine, have a spinal cord stimulator n there isn't relief. Will fly if u could help"
49,Ron_Mill11,2017-07-28 13:58:58+00:00,0,Facebook,The quest continues.  Today at noon I am having a temporary pain stimulator  implanted in my spine.  A week from... https://t.co/vWL4SPh7Da
50,RobinTheis8,2017-07-24 20:46:04+00:00,0,Instagram,Spine surgery #18 million. Finally had to get rid of my spinal cord stimulator since it was… https://t.co/am62JVAQTF
51,graceface929,2017-07-12 00:37:09+00:00,0,Instagram,This is my spine stimulator. I have to wear it 2 hours every day to… https://t.co/YmBLYqlxgp
52,abramsgrammy,2017-06-13 20:56:33+00:00,0,Twitter for iPad,"@jamesgjorden If you find this circus ""spine tingling"", you should get your spinal stimulator device tested."
53,christinutt2,2017-05-25 00:31:42+00:00,0,Facebook,Update my neurosurgeon wants me to now proceed with a dorsal spine stimulator implant. All papers processed at... https://t.co/sErKVuvFV0
54,ASorryHeart,2017-05-18 17:44:55+00:00,1,Twitter for iPhone,"@PrplLilac Thanks :) I'm doing well. Pain mgmt, and I had a Nevro spine stimulator implanted last year which is a huge blessing for neuropathy/back."
55,SynapseDoctor,2017-05-01 18:18:53+00:00,0,Google,"I added a video to a @YouTube playlist https://t.co/nal2dGsCBf After Spine Stimulator implant, Patient has his Life Back | Dr."
56,brendadavis711,2017-04-27 13:51:31+00:00,1,Twitter for Android,Do not have a spine stimulator place from Boston Scientific. #HUGEFAILURE #MEDICAREFRAUD
57,CalliCapone,2017-04-26 19:58:45+00:00,0,Twitter for iPhone,"@ChronicPainDad The only downside to the stimulator is it can't come out, it scars the spine.  I considered it but they wanted me to wait for the new one"
58,gpwcenter,2017-04-25 20:58:10+00:00,0,Twitter Web Client,One of our Board Certified Physician's performing a Spine Cord Stimulator Implant. Call and book your next appointment with us 770-962-3642 https://t.co/CMG6r3Xyws
59,mandyfloknow123,2017-04-13 00:21:19+00:00,0,Instagram,Saw spine dr! Went perfect! Gonna try a spinal stimulator on may… https://t.co/gNYYl0te6A
60,MCL_Photography,2017-04-05 03:04:41+00:00,1,Twitter for iPhone,"Hardest part of this journey, RUNNING! I push through! Turn my spine stimulator up &amp; go. Day 10"
61,ChronicPainDad,2017-03-28 20:52:23+00:00,1,Twitter for iPad,"Spinal Stimulator: New and Approved

#Spine
#BackPain
#ChronicPain
#Spoonie  https://t.co/vUNRQnwags"
62,angel1966_blue,2017-03-09 16:39:51+00:00,0,Twitter for Android,Had a spinal cord stimulator placed in the spine. Here begins the healing.still in hospital.all is OK though.
63,frankielynnjone,2017-02-23 23:01:58+00:00,0,Facebook,"Well I was going to try a pain stimulator for my back,  but now I don't know what is going to happen since they found water on my spine.!!!!"
64,ocallaghanjo,2017-02-22 18:06:48+00:00,0,Twitter for Android,@boohoo Because I've had a stimulator put in my spine 4 chronic pain &amp; only been able 2 wear elastic waists for 3 mths #boohoonothing2wear
65,gladeolie,2017-02-21 06:35:52+00:00,0,Twitter Web Client,"Stimulator Bypasses Spine Injury, Helps Patients Move Hands | UCLA Healt... https://t.co/qhkHcp5lcT via @YouTube"
66,lolitsjournals,2017-02-14 11:33:33+00:00,0,dlvr.it,Chiropractic management of post spinal cord stimulator spine pain: a case report. https://t.co/9ueMoKgkUU
67,smperle,2017-02-07 09:27:21+00:00,1,IFTTT,"Chiropractic management of post spinal cord stimulator spine pain: a case report 
https://t.co/LMaC9vjh8X  #chiromt"
68,smperle,2017-02-07 09:27:20+00:00,0,IFTTT,Chiropractic management of post spinal cord stimulator spine pain: a case report https://t.co/LMaC9vjh8X #chiromt
69,ChiroManTher,2017-02-07 08:43:10+00:00,0,Twitter Web Client,"Chiropractic management of post spinal cord stimulator spine pain: a case report 
https://t.co/OP8AQefXSR  #chiromt"
70,ChiroManTher,2017-02-07 08:34:35+00:00,1,Twitter Web Client,Chiropractic management of post spinal cord stimulator spine pain: a case report https://t.co/OP8AQefXSR #chiromt
71,edcvhf2,2017-01-31 23:09:47+00:00,0,Twitter for Android,"NorthEast Spine &amp; Sports Medicine Announces Spinal Cord Stimulator Trials Are Available to Treat Neuropathic Pain

 https://t.co/BNvxP4e6Bk"
72,NESpineHospital,2017-01-29 15:17:24+00:00,0,Fanbooster by Traject,What is a spinal stimulator and how does it work? #spine #medicine https://t.co/I2UwdLsFCs https://t.co/Np9r6CK3tI
73,tcolemansc2000,2017-01-26 19:41:19+00:00,0,Instagram,"How does my spine look 👀? I know my #shingles 😭 HURT, my new spinal stimulator battery pack has… https://t.co/74OuAK2hoQ"
74,REHACARE,2017-01-11 12:36:01+00:00,0,TweetDeck,"Stimulator bypasses spine injury, helps patient move hands https://t.co/Nt1OcyMLB7"
75,Cricut365,2017-01-05 03:22:18+00:00,0,Twitter for iPhone,Sort of #CRPS is the reason why I had the  stimulator (spine thing) put in me.  It's still off (broken) my appointment isn't until next Mon. https://t.co/tGQs8Xmdyt
