,0,1,2,3,4
0,CrackthisCase,2018-12-31 17:43:37+00:00,0,Twitter SMS,"That's a Great Motto! And oh my word, a spine cord stimulator implant?? Sounds very intense. What is this type of surgery for?"
1,ceIestiqls,2018-12-31 14:55:48+00:00,0,Twitter for iPhone,so i’m not getting my spinal cord stimulator because my pain is all in my head from my emotional trauma from my dad and my spine is “healthy” and my bones aren’t grinding against each other apparently but i’m also too complex to have the surgery WHICH IS IT
2,zippypuke,2018-12-31 02:53:36+00:00,0,Twitter Web App,"@AbbottGlobal 
Contacting a physician as soon as I get home to REMOVE this WORTHLESS spine stimulator from my back! It's a total bullshit product from @AbbottGlobal &amp; St.Jude Medical!"
3,MedGasPod,2018-12-28 11:08:21+00:00,13,Twitter for iPhone,"Today is the day, y’all! Our own @NerdzillaKelly becomes a cyborg and receives her permanent @bostonsci spine cord stimulator implant! Hospital at 6am, surgery a 8ish. Let’s wish her well! #PodernFamily #LadyPodSquad #Spoonie https://t.co/ktSVbH15zT"
4,RandalHarrison,2018-12-28 04:04:02+00:00,7,Twitter for Android,Tomorrow I am having yet another procedure for my back pain. They are placing a trial spinal cord stimulator. This consists of a control unit that sends charges to leads along the spine which should disrupt the pain signals to my brain. Please pray its effective. Thanks!
5,LNP_Spine_Neuro,2018-12-21 14:19:00+00:00,2,TweetDeck,A spinal cord stimulator is a device that is surgically implanted under the skin in your spine near the vertebrae with wires leading to the epidural space - Richard Gullan informs us of what you need to know when it comes to SCS! https://t.co/xGBGwMTKEN
6,justoneday2,2018-12-20 00:36:58+00:00,0,Facebook,Well this sucked I had to call a ambulance this afternoon. Had some severe pain in the middle of my back where they put the internal spine stimulator. Had a cat scan and everything looks good. It sucks that... https://t.co/HsIkB1YXah
7,TheBPress,2018-12-17 00:00:28+00:00,0,Facebook,Spine Stimulator for Pain https://t.co/Qy6MqNkXGR
8,MedGasPod,2018-12-15 03:12:11+00:00,3,Twitter for iPhone,@BarackObama @ReaganCBrown @NerdzillaKelly Thank God I have a compassionate doctor who canceled his holiday plans and shortened his trip home so that he could do my @bostonsci spine cord stimulator implant before 12/31. I just got my temp implant today.
9,Talkeetna101,2018-12-13 03:46:01+00:00,2,Twitter Web Client,"@ChereeseFerrei1 23 yr. pain med user and have had all alt. therapies and loads of psych crap. One told me they would stuff a stimulator in my spine, but said that before they knew anything about me other than I have 3 TENS units."
10,MedGasPod,2018-12-09 03:48:30+00:00,2,Twitter for iPhone,"@UntoNuggan @natashalipman @NerdzillaKelly It’s bad enough that on one of our episodes where I announced I was getting a spine cord stimulator implant my cohost went OFF and was like “if you want to heal yourself with fucking twigs and berries and stick crystals in your bra fine, leave my girl alone!”"
11,cantor_spine,2018-12-08 16:55:05+00:00,1,Twitter for iPhone,Dr. Giuffrida performs a spinal cord stimulator procedure. Spinal cord stimulation therapy is an option for those suffering from chronic low back pain. https://t.co/JtuCnigpuH #painmanagement #spinehealth https://t.co/LgyoVdzJMO
12,jjsmokkieBOY57,2018-12-08 08:02:36+00:00,0,Twitter Web Client,"@KnowledgeGeek @TammieCroft @Cole90029LA @HollyHuntley3 @MelissaFunGurl @GangstaMimi @McGeezer67 @alenesmiles @GDThor1 @Cha51brolll19 @frannyisme @OklahomaPatrio1 @zazzybritches @BJSquirrel @MarciaBunney @sherich91627486 @JustClaudia3 @DMParnellart @KS_Libertarian @medwoman1 @Tonia8675309 @french_valerie @AMHotFlash @politialyc @cleotiger17 @SagArcher @_Delathor_ @BEyedWoman @Copperr1 @SingleSpeedGo @anneL5694 @almondravyn @BAAMeansNo @Jacidman1 @56blackcat @chevette @DumpTrump808 @GonzoBaggins @Xavier_Family @DawninCO1 @tcleve1130 @thebestideaswin @50inaug @medicareenroll1 @Homecoming_1987 @johnnymac2220 @Zlftcav2 @SusanMTJones @alec_atteberry @canyonslm sorry, i misunderstood. thought it was a pain pump, like my hubby's. no inbedded stimulator. pump kinda between abdomen &amp; side. tubes go from pump to spine, dispensing BIG drugs, but doesn't faze him hi wise. just does something in spine that lessons pain to tolerable, barely."
13,JaynePGB,2018-12-08 05:19:52+00:00,0,Twitter Web Client,"@morethanmySLE I'm so sorry, spinal nerve pain is horrible. I don't know if it would help w/your condition, but has your Dr. talked to you about a spinal cord stimulator implant? 

I have adhesions on my medial branch nerves &amp; spinal cord. Last week I had a trial for my lower spine &amp; legs."
14,Kydakakash,2018-12-06 23:17:22+00:00,0,Twitter for iPhone,"Just had a spinal stimulator implanted in my spine.
I’m back home after the surgery.
Fam please keep me in your prays. I’m not aloud to move around much for 6 weeks.
@BTS_twt #ARMY #BTS https://t.co/dp8m51bFPD"
15,TheHopsbride,2018-12-05 23:31:09+00:00,0,Twitter for Android,"@IsobelKnight2 I was diagnosed with degeneration of the sacroiliac joints. I had pain from my lower back down my left leg. Have had injections, nerve blocks and radio neurotomy two weeks ago. Next is a spine stimulator or fusion surgery. Ask about this. It could be your problem"
16,demystifyhealth,2018-12-05 22:00:33+00:00,0,Hootsuite Inc.,"#HealthNews: Spinal-cord stimulators help some patients, injure others @FoxNews #health #wellness #spinalcord #stimulator #spinalcordstimulator #spine #patients #injure #help https://t.co/GCsSFieeGg https://t.co/mzFA3zHWpR"
17,EmilyHartmann31,2018-12-04 20:35:34+00:00,0,Twitter for Android,"@MsPackyetti That's so shitty. I know (part of) what you're going through. I've had chronic nerve pain most of my adult life and I get treated like a drug seeker. I've had surgeries and a spinal stimulator implanted in my spine, but they think it's in my head. It's just awful."
18,YorkiesRPeople2,2018-12-04 05:05:34+00:00,1,Twitter for iPhone,@AtlantaDixie1 Hi we tweet N groups I seen that u have back issues &amp; that u had the stimulator put in do u know how long the leads were they ran up the spine I had spinal cancer &amp; radiation 2 the spine front &amp; back nerve issues bad now did it help I’m going in 4 it next week do u mind sharing
19,csiortho,2018-12-04 03:20:50+00:00,1,Sharpspring,"How Does a Spinal Cord Stimulator Treat Chronic Pain? Our doctors have performed multiple SCS procedures with great success, read more about how they work.

https://t.co/n7HTBzX4xF

#spinalcordstimulator #orthopedic #spine #chronicpain"
20,cshel0607,2018-11-29 07:48:50+00:00,1,Twitter for Android,"@Terri27903773 If I may ask Terri was your brain stimulator to "" block pain signals or help with tremors,seizures etc? Blocking the pain signals traveling up the spine us what I was told the spinal cord stimulator do. Prayers &amp;positivity coming your way!!!!"
21,Tricia5618,2018-11-29 01:22:33+00:00,1,Twitter for iPhone,@RogerTh71142375 @tal7291 @Terri27903773 The stimulator doesnt give meds it’s like a TENS unit...if you ever been to PT you’ve had it on using pads and wires. It’s the same thing but implanted in the spine. Pain Pumps are the ones that give regular doses of Morphine or Fentynal usually. Those have tons of issues too!
22,TheSchmidtFirm,2018-11-28 19:29:13+00:00,0,Buffer,"Zimmer Biomet, Inc. recalled the SpF® bone growth stimulator and the Osteogen® implantable spinal fusion device due to a risk of infection, death, and other side effects. #Zimmer #BoneGrowth #Spine #SpinalCordInjury #SpinalFusion #Surgery https://t.co/af91ynoDbl"
23,SpicyPurritos,2018-11-25 20:52:07+00:00,4,Twitter for iPhone,"@NefarusContrara @GathafiCat @StopBadDocs @VeryFineWhine @RogueWolf2001 @JSizemore63 @JSG_54 @Wade6Jenn @Terri27903773 @garysplace101 @Angelsgal02 @Kelly @TheSarge11 @pteet1 @StarvinLarry @bonniez45 @pleasure_ryland @ravensspirit68 @PithyPins @rickyke15718874 @louisanamom @EqualityCouple @nashville_brook @3BClover @AndrewHohentha2 @AuntTritsy @AdvocateAr @Traumamama3 @LelenaPeacock @CarolynColson @shelley_bean60 @DiAnNa_MaRiE_70 @VetsUnitedMarch @DANAnotMISSANN @Connie_Watt @Dinunziosm1 @Deeenst @thornton_melley @MadamHotMess @UPYOURS555 @Delta33_1976 @ThomasKlineMD @Katamac1967 @Forensicman @totochaos @CanadaPain @heatherzamm @Shasta77777 @aander1987 @fightpaindaily I had a stimulator for my stomach pain. 😐 It wasn’t in my spine though, the leads were over my stomach. Very useless."
24,ColinWilkinson3,2018-11-25 18:11:45+00:00,0,Twitter for Android,@SharonBarbour I will be interested to see how this all pans  out sharon as I have titanium rods in my spine and a high frequency spinal cord stimulator implant too. Bit worrying.
25,caseybadasey,2018-11-24 23:29:59+00:00,1,Twitter for Android,"@karriehiggins This. I see a spine specialist in a few days for a decision on whether we should do a c-spine fusion now or give it a few more years and do a stimulator now to mask the pain.

My family is of the opinion that both are a bad idea. Can I please try to have a decent day?"
26,BettyJim2006,2018-11-19 19:36:18+00:00,0,Twitter for Android,Just read an article about donations being given to Cindy Hyde Smith.  She mentioned she was late gor meeting because she had attended a lynching.  I am so disgusted.  Boston Scientific gave $2500.  I have a stimulator embedded in my spine made by them.  I'm horrifed by this.
27,Airemaddie,2018-11-14 00:55:15+00:00,1,Twitter Web Client,@evolutionarypsy saw a case today where a guy had lumbar fusion surgery as a teen and had an implanted bone stimulator.  Today he's in a lot of pain after a trauma and he's got all this crap sitting there on his spine.
28,BrandonDrumm247,2018-11-11 06:43:28+00:00,0,Twitter for iPhone,"@PaulKasishke @SNoland10 CRPS. I have spine stimulator that is working pretty good, so far."
29,HrafnHeim,2018-11-06 19:26:26+00:00,2,Twitter for Android,All wired up. Got the test wires in my spine and the nerve stimulator  set up and running. Now to see how well it works. Wish me luck.
30,PixMichelle,2018-11-03 18:03:16+00:00,0,Twitter for iPhone,"@IShantBelieveIt @TammieCroft @sorryforthekiss @nhojhpesoj @ThomasS83684637 @SDDNP @Froggyswim76 @RoseWoo15096108 @ellenmay65 @aspiringinvntor @AnnKeenan3434 @SassyMsViolet @jenjavajunky @jendalessio @GOVTWINE @RileyPresident @CunningSq16 @jdd2169 @Black2thBone @AngryandAsian @SarahLies4Trump @activist360 @AllenCMarshall @Augustus709 @AviFlyGirl @AryaResists @AnthonyHopeNYC @AmyCA0214 @ArachnidImagery @An_Omnist @apoliticthot @42Gnome @TheChickLivesOn @Leia_Resists @MaddoxxMe @CtC271 @DrDebraJKenned2 @geekyginge @BeautyAbounds4U @WykydR @gordy_shanks @soverybasic70 @pipsbabe33 @LiberalDemIda @DaddyDaddymac @MoondanceGiving @jesscollie @Twitter @TwitterSupport @TwitterSafety I'm actually in my 40's, and it was all because of a slip and fall on ice. I've had 5 surgeries on my spine (fusion, laminectomy, discectomy), Spinal Cord Stimulator implant, plethora of injections (SI joint, caudal, facet joints, epidural, etc) and nerve ablation multiple times."
31,bush16rzsc,2018-11-03 17:00:09+00:00,0,Twitter for iPhone,"@windeeb No- the last surgery I had, they out in a neuro stimulator.  Which was back surgery. They put a battery in, and then wires on my spine that actually helps with the knee pain. It works brilliantly but I’ve had bad back pain since then."
32,bush16rzsc,2018-11-03 00:58:25+00:00,0,Twitter for iPhone,@SandiHughesNJ Remember I told you it didn’t feel like the stimulator was healing right?  Where the leads are?   The battery part healed but there’s a bump where the lead incision is which is painful to lean against.  My lack of back fat made it so it didn’t clamp down on my spine correctly
33,BSuhic,2018-11-02 17:59:04+00:00,1,Twitter for Android,"Imagine that! Spinal electric stimulator, not only enables regaining control over leg muscles but nerves can grow again as a bi-product of stimulator use! 

Medical #breaktrhrough 
&amp; #Breakingnews #medicine #technology 
#Institute @  Lausanne, Switzerland

#spine"
34,Sennia15,2018-10-31 22:45:45+00:00,0,Twitter for iPhone,"@Freckles2178 @bedolcaroline I’m in Australia and CBD is not very common here. I have an implanted nerve stimulator in my spine - that has helped to take the pain down in intensity.
I have pain meds too - and they are pretty effective in getting me to a place where I can ‘do’ things. Exercise helps! :)"
35,mikef3825,2018-10-31 13:17:50+00:00,1,Twitter for iPhone,"@YPViking Ahhhhh you kids in your 40’s 😂😂.   I hope your treatments are working.  I’m guessing yes from the travel.  I love the pics.  Wife supposed to get spine stimulator, maybe next summer we can travel again."
36,DarbyDespencer,2018-10-29 18:49:07+00:00,0,Twitter Web Client,"@return2valhalla @RobertDRoseJr1 @RealJamesWoods REALLY? so the 2 plates,8screws and electronic stimulator in my spine is a 'minor irritation'? Not being able to walk when it rains or is cold is minor? What about pissing yourself cause you couldn't make the bathroom in time? Shut your hole about something you know nothing about"
37,WithanAnotanE,2018-10-28 18:26:35+00:00,0,Twitter for iPhone,@Medtronic_Spine I am in the UK with a Mystim spinal cord stimulator fitted. My charger pad holder is broken and I am trying to find out how to purchase one. Could you advise please
38,dwood971,2018-10-24 23:37:39+00:00,0,Twitter Web Client,#opioidcrisis gain!!! More pressure on my spine with 2 types of scoliosis!!! A nurse practitioner blackballing me for 6 negative UA drug screens because I told them I tried to avoid and pre arrange NO dorsal column nerve stimulator for my back if my tribe wasn't going to pick UP
39,agataddera,2018-10-24 17:07:55+00:00,1,Twitter for iPhone,"My doctor knows I am not thrilled to get my spine injected so she always distracts me hahah. Yesterday she goes “Do you want to see the spinal cord stimulator you have in your back?” so grateful for her knowledge, care, amazing humor &amp; always believing in me. 🙌🏻 🙏🏻 ♥️ 💉 https://t.co/zgmJUe2vMS"
40,MedGasPod,2018-10-23 13:35:52+00:00,5,Twitter for iPhone,"@GMGIRL63 @DareDanielPod @OfficialPTWStev @lobo_sound @YouWatchIListen @InvasionRemake @shotsforlikes @In_The_Pit_ @TheIBang @APASomething @MMandOscar @blockbustercast @CornerHCPodcast @honestycheckpod @AmazingNerdShow @comedy_geek1 @Jenny_Trout @EBGuitarMan @bobo103nyc @TheRevBobLevy @jjimblackman @Orionzdrm @KevinKnightNJ @chokeonritalin @cabernetfanc @fIatcat65 @JrzyJoePiscopo @JosephCumia @WrestlingIWF @kayakdude7 @KenThisFerguson @FinstaManhattan @StevieBlings @TheESDS @WendyJLake LOL that’s awesome! Yeah I’m getting a spine cord stimulator implant soon, to try and help manage pain, so @basicdebbiejo is super stoked on me being a cyborg. Have a great day!"
41,VeraDav37211290,2018-10-20 18:38:00+00:00,0,Twitter for Android,@Spayed67 @misskellystrait @Craigmyle_Lor @k9_max @K9Viking1 @K9Fox2 @OfficialLivePD I have the stimulator also in my spine for pain but since I went thru 5 generator packs since 2004 they removed the battery pack and left the leads in my spine obliques and my left hip since the leads are all in the scar tissues. I am on pain meds since they removed the pack
42,HollyFrampton27,2018-10-20 03:04:16+00:00,14,Twitter for iPhone,@ThomasKlineMD How about the drs that hold your pain Rx ransom...the payoff let me put a stimulator on your spine. It happens.
43,JaneStanley64,2018-10-18 21:33:12+00:00,3,Twitter for iPhone,"@ThomasKlineMD I have Interstitial Cystitis, Pelvic Floor Dysfunction and damaged spine with arthritis now.  My stimulator worked out of my body 4 times.  I am allergic to titanium, so I can not and it did help but cannabis works best of all, two hits of a high Indica and pain is released."
44,kimberlywertz3,2018-10-18 01:40:12+00:00,0,Twitter Web App,"Hubby and I had ""the talk"" and if this spinal chord stimulator doesn't work I do want to go through with the other operation that I could lose the use of my leg. It's either stay forever in pain or maybe lose a leg and end the pain and they can fix my spine."
45,LilyCrue,2018-10-17 19:25:41+00:00,0,Twitter for Android,@SpikeUnderFire I doubt I go back. I decided I don't want a spinal cord stimulator. I have a fused spine and it is not a simple procedure for me. I am high risk for complications. I have breathing problems and don't think I can lay on the table and breathe during surgery. Infections are possible
46,rbaadhio1,2018-10-17 02:29:16+00:00,0,Twitter for Android,"On October 15, I underwent a successful spine surgery to remove a hacked, deadly Medtronic Neuro Stimulator implants with equally deadly lead wires. I am glad that Medtronic is taking hacking seriously.

https://t.co/wvOqjzirlA"
47,5wftf,2018-10-16 15:51:54+00:00,0,Facebook,"""With the help of a spine stimulator and intensive training, a formerly paralyzed man can command his legs to step again. This achievement, described online September 24 in Nature Medicine, inches researchers closer to restoring... https://t.co/K6NyFlOrLo"
48,CJ_freethinkr,2018-10-15 16:18:23+00:00,0,Twitter for Android,"The worst part is he implanted 2x a spinal cord stimulator. How about telling me THAT b4 those painful &amp; expensive surgeries, shows how greedy and will implant dangerous tech in my spine, while he doesn't apparently believe me?"
49,JenLong71,2018-10-13 16:33:34+00:00,2,Twitter for iPhone,I would never opt for the spine stimulator. My mom had one. Requires 3 different surgeries to get it right. First was to place. 2nd was to fix broken wire. 3rd was to move it to correct place. No thank you
50,airforcepam,2018-10-09 11:44:01+00:00,0,Twitter for Android,"I have had a Cervical spinal stimulator for almost 9 yrs I have had it revised once in the 9 years It is invasive - wires surgically run up your spine &amp;  implanted on the discs causing you pain 
Withinn 2 months I was able to cut back 85% of pain meds

https://t.co/h08qHOV6Hy"
51,arothschildpt,2018-10-01 16:52:44+00:00,3,Twitter for iPhone,Recent comment from a pt with chronic low back pain after 4 back surgeries including multilevel fusion and spine stimulator placement. Want to learn more about how and why kettlebells are the best all around strength tool for rehab? Check out @iccseminars https://t.co/HuxQu1TwcL https://t.co/F72bMqO5Uu
52,slider33ss,2018-09-30 16:30:54+00:00,0,Twitter Web Client,"@loribet15502835 @ThisWeekABC @LindseyGrahamSC @GStephanopoulos Well now we have ""pain"" in common...I have a spinal cord stimulator implanted in my back for nerve damage from a cancerous tumor on my spine a few years ago...I refuse pain meds for they are to easy to get addicted too...."
53,AimsUnm,2018-09-26 16:22:02+00:00,1,Buffer,"With the help of spine stimulator and intensive training, a formerly paralyzed man can command his legs to step again. This achievement, described online September 24 in Nature Medicine, inches researchers closer to restoring movement to paraplegic people.
https://t.co/n2FL2xtHRo https://t.co/UkMTWHaiMH"
54,ACnOZ,2018-09-26 00:43:29+00:00,2,Twitter for Android,"@BillieFLeSueur @ThomasKlineMD I've never heard a success story from the stimulator implant.(?not real familiar) 2 of my friends had what 1 described as a box that's was by her spine.  Both had great discomfort&amp;little relief, eventually had them removed. Nope.🙄 And yes, the expense!"
55,SN_Explores,2018-09-25 23:00:23+00:00,3,Hootsuite Inc.,"With the help of a spine stimulator and intensive training, a formerly paralyzed man can command his legs to step again. https://t.co/lTU97udwrv"
56,lifescience,2018-09-25 18:30:13+00:00,2,Buffer,"Via @NBCNews: Paralyzed patients walk again with help from pain stimulator - through electrical stimulation to the spine, an astonishing new #therapy developed at the University of Louisville Kentucky has helped at least 5 people walk again.

Read more at: https://t.co/GpRs1zk0Mf https://t.co/YjvtSmF9t0"
57,JBernardJones,2018-09-25 12:06:36+00:00,0,Facebook,"“These devices, called epidural stimulators, have been used for years to treat chronic pain. When the epidural stimulator is on, it delivers electrical impulses to the lower spine. That stimulation, combined with an intense... https://t.co/B8VcdoWPig"
58,MrCauthers,2018-09-25 08:59:07+00:00,0,IFTTT,"RT ScienceNews ""With the help of a spine stimulator and intensive training, a formerly paralyzed man can command his legs to step again. https://t.co/9WZgnsKgMP"""
59,ScienceNews,2018-09-25 07:55:08+00:00,88,Hootsuite Inc.,"With the help of a spine stimulator and intensive training, a formerly paralyzed man can command his legs to step again. https://t.co/uGgJGaKxHo"
60,PositiveLivings,2018-09-25 06:14:11+00:00,0,Facebook,I almost laughed at her suggestion but was willing to try anything as anything was better than the pain prescriptions I had ingested for so long. Stim Wave had recently developed a Spine Stimulator and my Doctor thought it could help. https://t.co/fVecJjduxt
61,WereGeek,2018-09-22 01:52:24+00:00,1,Twitter Web Client,"@lukedones One of the many, MANY pain management things Mom has tried over the years was a spinal cord stimulator. It was like an onboard TENS unit: the wires went up either side of her spine and there was a subcutaneous pad in her side where the battery pack would connect."
62,DuckGuyy42,2018-09-20 19:15:29+00:00,0,Twitter for Android,"Government offering veterans more alternatives to pain medication, UMass report finds
To have deep deep bone pain deep nerve pain 24/7 like I have I have a spine stimulator physical therapy the kind of pain you cry from we have
https://t.co/8taHGrj24z

Shared from my Google feed"
63,ChiantiKirksey,2018-09-19 11:59:20+00:00,1,Twitter for Android,"@FibroBloggers I am a fibro warrior and also fighting some debilitating neuropathy. I am currently in talks with my pain physicians about implanting an electro stimulator on my spine, regulated by a hand held remote. Have you ever discussed something like this on your blog?"
64,ShannonDingle,2018-09-16 22:29:43+00:00,40,Twitter for iPhone,"I have
cadaver parts &amp; screws in my knees.
a metal framework in my spine.
custom 3D printed titanium spacers between a couple vertebra.
surgery tomorrow to implant an electrical nerve stimulator

Totes normal.

But now I’m trying essential oils &amp; I don’t even know who I am."
65,Doralgal,2018-09-15 11:50:06+00:00,1,Twitter for iPhone,"@JenEKinnaman @PizzaPisaPizza I am currently wearing a spinal stimulator that is electromagnetic. It is designed to improve spine healing after surgery. I don’t feel it, but I can hear it if I’m using earphones w/ my I phone and it interacts with theft detection in stores 😂 Maybe the ants hear it? https://t.co/0imW3d2wPd"
66,mylifescameo,2018-09-14 21:16:39+00:00,0,Twitter for iPhone,Eventually I had a spinal cord stimulator put in. Which is just an internal tens unit placed along my spine. It doesn't completely take the pain away. But it definitely makes a difference.
67,Snuggy1965,2018-09-11 12:39:43+00:00,1,Twitter Web Client,@SiggyDoloresFan I will try tonight honey.  Pete (my husband) is having surgery tomorrow.  Spinal cord stimulator implanted after 11+ years of back pain and suffering.  3 spine surgeries and 1 neck surgery.  This should do the trick.  😘
68,AmyLVL,2018-09-10 23:28:59+00:00,37,Twitter for Android,"Venting..my Mom is 86 &amp; having back issues. She was prescribed opiates, but is afraid to take. She called me crying in pain. I asked her if she took meds, no she has not. Monday she is having a trial spine stimulator inserted. If successful, she will get it permanent.Pray please."
69,Pain_Spec_Aus,2018-09-05 19:50:13+00:00,1,Hootsuite Inc.,Are you aware of spine implants used to manage #chronicpain. Spinal cord stimulator implants can cause dramatic pain reduction. Pain Specialists say more need to be made aware of benefits these devices can bring #ourpainworld are specialists in this area https://t.co/3ye7zoBbex
70,YourHealthDMV,2018-09-03 10:00:04+00:00,0,Your Health Magazine,Spinal Cord Stimulator Implant - http://localhost/yhm/article/spinal-cord-stimulator-implant-3/Spinal cord stimulation (SCS) is a treatment for pain that uses a mild electric current to block nerve impulses in the spine. SCS is a proven safe and effective therapy for managing ...
71,UkenReport,2018-08-29 20:44:59+00:00,1,Twitter Web Client,".@CityofIndio Indio Mayor Michael H. Wilson is scheduled to undergo surgery in Riverside on Aug. 30 to replace a spine pain stimulator. Godspeed, Mayor Wilson. https://t.co/oeVLH83P1S @CVAGNews @IndioCityWilson @MichaelWilson18 @GlennAlanMiller"
72,Az49erGirl,2018-08-29 00:23:22+00:00,1,Twitter for iPhone,"@lilmscass Sounds like me, but with a different medical issue. Same sensations though. It’s awful and most times people think we look fine and don’t understand as woman and mothers we put on a brave face. I hope you somehow start getting relief. Do you have a spine cord stimulator?"
73,ChrisKOutdoors,2018-08-27 13:23:07+00:00,48,Twitter Web Client,"Big day today guys, I am having spinal surgery to have the stimulator unit implanted into my spine permanently! I am going to be on the DL for a while but I am not going anywhere, I have a ton of content ready for you guys! Starting tonight at 7PM EST! #bassfishing #surgery #DL"
74,rbaadhio1,2018-08-26 04:31:02+00:00,0,Twitter for Android,"How to torture. During a May 24, 2018 spine surgery, without my authorization, Dr. Burger et al. UC Aurora, distended two lead wires from a Medtronic Neuro stimulator, ensuring heart, lungs and brain injuries.@rbaadhio1 https://t.co/gcUR4P7Bmi"
75,coughdrop2270,2018-08-24 03:32:06+00:00,0,Twitter for iPhone,"@BreakzMaybe And they can ask about having a stimulator implanted in their spine, depending on the type of nerve damage. Are they sit opposed to opioids or is addiction an issue? Some ppl use methadone or suboxone under supervision, but I’m not sure they’re really better options"
76,sboblit,2018-08-23 21:55:48+00:00,0,Twitter Web Client,@real_farmacist Oh swell I have a Medtronic Nuero Stimulator attatched to my spine.
77,adrianoINKart,2018-08-22 16:52:28+00:00,0,Twitter Web Client,"@Ness4612R I concur. The other thing, I have had over 200 doctor appointments within the past 5 years and they don't know how to fix the issue. I have an electrical stimulator in my spine which I control with a remote to try to help with the pain. But, the point is.. i'm always in pain."
78,reciorocky01,2018-08-18 04:19:06+00:00,2,Twitter for Android,@Texan_Rose_001 @jodyemtp @adones683 @Michael29064006 @moneymouse74 @JessicaHagger14 @Brandonmartine @Starrbryte67631 @jlaws007 @redsfantexas @moneyonstax_ @GarDolphin733 @lisaponyexpress @lisamccurry2052 @BigPopa1971 @PamelaM5050 @kayamba63 @zap_r @JPrice1970 @BigQueen2604 @K_Pensive @RealboyNithin @SuzanCahanin @curly_lovitt @adamjdorgant @sandyray56 @DollyDwyer10 Tk u beautiful it's just the opening where they had to remove the stimulator &amp; there was a lot of scarring around it.  It was in there for 11 yrs so he had a little trouble with it along with the lines that went up into my spine so I'm sore.  I'll be ok but it's hard to sleep.
79,SmartyMarty1126,2018-08-17 02:27:23+00:00,1,Twitter for Android,"@auntie_social @SharonHepworth3 No appeal! Aetna does not, will not cover it. They say it's experimental. But, they will pay for a spinal cord stimulator! The put wired into your spine!!!! No way.🤨🤨"
80,chicagoneurosci,2018-08-16 14:11:05+00:00,0,TweetDeck,"The HF 10 is a neuro-stimulator that sends high frequency pulses to nerves through wires near the spine and helps reduce pain in patients struggling with chronic disorders.

https://t.co/dwCw7MhLwz

#NeuroScienceCenter #ChronicPain https://t.co/IvAnXAuf1J"
81,LilyCrue,2018-08-15 04:31:33+00:00,2,Twitter Web Client,"@DanLairdMD My pain fellows, at ucsf, were instructed by their attending to present me to the spine committee. My scoliosis, harrington rod spinal fusion, cervical fusion with titanium plate, CRPS in both legs and how or if a spinal cord stimulator can be used for my complexity"
82,DGontheRadio,2018-08-13 00:16:49+00:00,1,Twitter for Android,"@golmar_88 An electronic device implanted on the spine, powered by an in-body battery, which stimulates sciatic nerve into sensation of ""no pain."" A dorsal stimulator."
83,Ariesgirl401,2018-08-11 22:46:16+00:00,0,Twitter for Android,"@raseguin @mls617983 @dreamsnpurple @browndotflop @WokeAznGirl @TrueFactsStated @MichaelCohen212 Have spinal stenosis,  disc issues. Had spinal fusion, 10 hr surg. Basically rebuilt my lumbar spine, have a stimulator too but doesnt help much"
84,Purrfectly_Rare,2018-08-10 00:07:00+00:00,0,Twitter for iPad,"@Aoiferocksitout Fav story: I had a spinal cord stimulator dropped down from top of spine so back of head was shaved and incision/stitches went to crest of 💀 

Woke up in middle of night bc she found the tails of the sutures and was playing w them like string on back of head 😳"
85,YourHealthDMV,2018-08-09 12:12:26+00:00,0,Your Health Magazine,"Spinal Cord Stimulator Implant - https://t.co/sQ6LAeX54r cord stimulation (SCS) is a treatment for pain that uses a mild electric current to block nerve impulses in the spine. SCS is a proven safe and effective therapy for managing chronic pain, and it is approved by the FDA...."
86,airforcepam,2018-08-07 12:48:04+00:00,0,Twitter for Android,@SGottliebFDA What about those that are NOT ADDICTED 2 opiods  I Have a serious spine injury &amp; take pain medication responsibly Have tried every Modality avail &amp; While pain greatly improved w/spinal stimulator was able to take 80% less pain meds in one month - severe  pain still present
87,westr,2018-08-04 12:08:54+00:00,0,Twitter Web Client,"New implantable device offers relief from #chronicpain https://t.co/q3Um80avqS via @abc7

Suggestion: Go to any one of several Facebook #arachnoiditis groups or Spinal Cord Stimulator (#SCS) groups and get their recommendation first. It’s a $$ industry. Protect your spine."
88,DeadonDave,2018-08-02 21:40:30+00:00,4,Twitter for Android,"Storm has hit and it's really messing with my stimulator in my spine bad. Sorry if I was a little extra talky and fidgety. I was struggling but I'm so thankful for you guys coming in there and hanging. 
Today's MVM is @FilmOddities Thanks for the support bud!"
89,ChrisKOutdoors,2018-08-02 14:47:48+00:00,3,Twitter for Android,"@Fat_guy_outdoor Yeah I guess so! Lol! No I had a spinal stimulator implanted in my spine on Monday, they put the battery pack in my hip next week. It's to control my chronic lumbar pain."
90,sweetpea1374,2018-07-31 17:47:41+00:00,1,Twitter for Android,"I don't fool with the pain Drs anymore, I finally got a Neuro stimulator for my screwed up vertebrae....no more pain meds...it's heaven, yea I might be trading in my rights as a true human by sticking a machine in my spine but the alternative is way worse"
91,BastaNation,2018-07-27 19:14:24+00:00,1,Twitter for Android,"@Kokomothegreat Some fun facts about me. 

In high school I had a job wrapping presents (loved it)
I also had my worst job - an easter bunny at the mall (horrible)

I have an implant in my spine called spinal cord stimulator for pain control"
92,ChrisKOutdoors,2018-07-26 15:41:02+00:00,1,Twitter for Android,"@LowellMiller17 Sorry to hear that dude. I suffer from chronic spine injuries myself. I have my 2nd major surgery next week on my Lumbar. I'm having a dorsal column stimulator implanted in my spine to control nerve damage. If ya need anything just ask dude, I've been thru it all!"
93,outdoor_myers,2018-07-26 04:45:19+00:00,0,Twitter for Android,"@JoeSilverman7 Before anyone jumps on it in the last 3 years I've had stomach surgery, 2 right knee surgery including lateral release, multiple injections in my spine and neck. I still have 3 herniated disks 1 ruptured and just had a spinal cord stimulator implanted... I'll be 36 in September"
94,nibsies,2018-07-26 03:19:41+00:00,8,Twitter for iPhone,CALLING ALL GOOD VIBES. 2moro I have the trial spinal cord stimulator implant device installed into my spine aka step 1 of un-ruining my life post lacrosse-surgery nerve damage the last 4 yrs. I HAVE A SHOT AT LIVING OUT A KINDA NORMAL LIFE. Send me all da spare luv you can.Thx💗
95,ceIestiqls,2018-07-23 17:34:56+00:00,3,Twitter for iPhone,"looks like i’m going to be getting a spinal cord stimulator put into my spine, which is basically like a pace maker but it blocks the pain signals from reaching your brain"
96,airforcepam,2018-07-19 17:31:37+00:00,0,Twitter for Android,"My pain is too high in the cervical spine to have a pump I have heard good things about them
I have tried everything &amp; have a spinal stimulator while it has helped a lot Still have paim just not as severe all the time"
97,patrickroyal46,2018-07-17 16:21:27+00:00,0,Facebook,I'm at the orthopedic spine clinic. Hopefully they'll be able to find a program for my spinal stimulator that will ease my pain. Ugh!
98,sarahbethbellum,2018-07-13 00:00:48+00:00,1,Twitter for iPhone,"@stegall_rebecca @TylerBaltierra @AlphaStim spinal cord stimulator. much like a pacemaker, you have leads and a battery implanted in your body. except instead of your heart, it’s your spine and the stimulation is supposed to interrupt pain signals. sadly, a lot of times, the trial goes better than the permanent."
99,simoncobbs1,2018-07-12 20:13:38+00:00,0,Twitter for iPad,@theJeremyVine I literally had a small part of my spine removed on Tuesday and had  a spinal cord stimulator implanted and could walk better than that by Wednesday. Sciatica my arse!
100,PeggyLeeMurphy1,2018-07-05 19:25:07+00:00,0,Twitter for Android,My Neurosurgeons office are full of these querky pictures &amp; paintings of all sorts of animals. Puts a smile on my face everytime I'm here. # 4 back surgery next week for the newest pain block spine stimulator available. Pray it works. Anyone have one of these &amp; does it help? https://t.co/dFPYLH6uHO
101,ronda_richard,2018-07-03 11:51:27+00:00,0,Twitter for iPhone,I hope we don’t have any spine stimulator implants today
102,TheNewDaysDawn,2018-07-02 19:03:58+00:00,0,IFTTT,"The patient is home! Thankfully they only had to replace the stimulator not the 2 wire leads in her spine. New one is a bit bigger so Dr. Savala had to enlarge the ""pocket"" in her hip. https://t.co/KrW9SW59X3 https://t.co/jf4cf5gzL2"
103,bestalentscout,2018-06-22 09:43:29+00:00,0,Twitter Web Client,will.......e-Dura / Bionic Spine / epidural stimulator / omental transposition ......help ?
104,airforcepam,2018-06-17 00:14:31+00:00,0,Twitter for Android,"Modality to work at pain relief Finally a Dr had me try Oxycontin &amp; then I was able to have some kind of a life Again And not spend my life in bed
I finally got a spinal stimulator - my 5th spine surgery &amp; was able to almost immediately cut back on oxy use 80% 
It doesnt work for"
105,BOSSKyJo,2018-06-16 02:25:32+00:00,2,Twitter for iPhone,"@JessMo792 A spinal nerve stimulator lol it’s attached to my spine and disrupts nerve signals to my brain, and I treat it like my iPhone."
106,lalagrace49,2018-06-08 11:25:39+00:00,0,Twitter for iPhone,Having a high cervical spine stimulator implant today. 14th operation in 6 years to attempt to rectify chronic pain and Trigeminal Neuralgia and cluster headache I’m plagued with. #stjudeimplant #opioid
107,debbie_FL_1975,2018-05-31 00:16:23+00:00,0,Twitter for Android,"@RachelMiner1 @mikeyface Wait, @RachelMiner1 you have Ms? This is ur story? I feel so alone. One dr said he thinks I have it but wont do diagnostics bc other drs just say no way that I have it &amp; now I have a spinal cord stimulator in my spine to keep me mobile. Havent worked in 2 yrs. No one understands."
108,justoneday2,2018-05-29 11:46:14+00:00,0,Facebook,Getting ready to head downstairs for the next surgery. They will be putting this Internal Spine Stimulator in permanently.   Excited to have this life changing unit.
109,ChrisKOutdoors,2018-05-28 02:16:59+00:00,2,Twitter for Android,"@BaldBandit43 Believe it or not Mike, I live with severe chronic spine pain. I rely on pain meds for management of spinal injuries. I have been thru everything you can imagine, surgery, PT, injections, etc for several years behind the scenes. Next week I have a stimulator implanted in my spine"
110,lois_comstock,2018-05-25 05:51:09+00:00,0,Twitter for Android,@hqtrivia Was physically sick all day and couldn't play tomorrow getting trial stimulator removed from spine.
111,justoneday2,2018-05-24 10:40:14+00:00,0,Facebook,Well getting ready to head to Swedish Hosptial. They day is finally here to have this internal Spine Stimulator put in. Looking forward to this helping me out. Will keep you all updated.
112,saralyonthomas,2018-05-23 01:16:22+00:00,1,Twitter for iPhone,@waltonravenBB19 Oh I’m so sorry Raven. I had a spinal cord stimulator put in when I was 30. I had to wear an external module for a week with the leads coming out of my spine and it was awful. I couldn’t imagine what you are facing. Prayers all around girl!
113,Youlikeaverage,2018-05-16 23:22:02+00:00,1,Twitter for iPhone,"@alissa_ashleyy Lol I have been in chronic pain for so long, I take Dilaudid. You would be in a coma if a Vic does that to you 😭 4 Spine Surgeries FML Trying to talk me into a spinal cord stimulator to be implanted now 😭 https://t.co/fhwMBxMCAW"
114,justoneday2,2018-05-15 14:02:35+00:00,0,Facebook,I am getting ready for the next step in the surgery’s. My spine stimulator will be put in on the 24th if I get all the Pre-op stuff done through the VA. Hopefully this is the last surgery for awhile. Feeling pretty good about. — feeling positive at... https://t.co/wUMKtBtoJJ
115,AnneLiseMcGee,2018-05-10 03:31:55+00:00,2,Twitter for iPad,@mikede14785 @drgenius1970 @icrewhelos @busybe_ @Johnny_Joey @DeptVetAffairs Have you guys tried a Neuro stimulator?. It's implanted under your skin with leads up along the spine to interrupt the nerves that transmit pain. It's covered by Tricare.
116,salnix,2018-05-09 15:46:46+00:00,0,Twitter for iPhone,"@HallmanAmy I’m waiting to have a stimulator placed in my head. It will run down my spine, with a battery pack in my hip. I will actually have to recharge myself!😂"
117,Az49erGirl,2018-05-09 03:14:56+00:00,0,Twitter for iPhone,@JohnnyQ47703473 No you’re totally ok! I had 2 fusions already with degenerative spine osteoarthritis. L2-L5 are bulged. It’s so painful but because of my CRPS he wants to implant the spine cord stimulator and that’s just not an option for me.
118,brendadavis711,2018-05-09 00:58:21+00:00,0,Twitter Web Client,"If you are thinking about getting a Spinal Cord Stimulator, Think again. What happens after the failure, Metallic taste, burning in the spine, pain where the battery was in the pocket, more severe pain. @bostonsci #Metallicman #KeepmeQuiet @ABC7Suiters"
119,Az49erGirl,2018-05-08 20:11:42+00:00,0,Twitter for iPhone,@JohnnyQ47703473 What surgery? Spine cord stimulator? No way in hell will I do that. Too many risks for my situation. Especially because I have a 75% chance needing rods in my spine. 😞
120,Michelej60,2018-05-06 14:57:36+00:00,1,Twitter Web Client,"@pjschuster @RobertDRoseJr1 @rlamartini @emergVictorious @dreamr9876 @Deeenst @Elianok10 @SheriLaCross1 @EdieCaito @SPNSandra @LelenaPeacock @DawsonInga @Cbedford0315 @AndraDoesCare @Wanita1 @golightly_brett @ThomasKlineMD @aander1987 @TimfromITS @HilaryKimMorden @nonni28 @pain_united @Brenda82964799 @cao812 @marykayconsult3 @eatyourlawn @noiduriamo @harris_sherrie @djwilliams35 @Shasta77777 @pamelakarnbach @1959smith715 @tanglednwire @Anon99915 @rotor1959 @GhostinGeek @KatWitchyWoman @StopBadDocs @Katamac1967 @luvallbeauty @ravensspirit68 @ADAWnews @ellewoodsruns @headdock @sleepingkoala45 @realDonaldTrump @RealJamesWoods @POTUS @SecondLady @FLOTUS I am not a candidate 4 spinal cord stimulator, I don't do well w/tens units. They cause rebound spasm. They r not doing a trial, to avoid the additional procedure, I have been on opioid therapy for 14 years, my spine is collapsing. I also found a video.https://t.co/y3swJU6KpO"
121,RandyE30,2018-05-04 15:25:36+00:00,7,Twitter for Android,If you have ever read my chronic pain blog you be interested to know I had a spine stimulator installed it's actually the trial. But it's life-changing! I highly recommend anybody with chronic back pain talk to their doctor about it #chronicpain #bostonscientific @bostonsci
122,suz_humphreys,2018-05-02 11:54:07+00:00,0,Facebook,"Having trial surgery tomorrow for spine stimulator. I'm already sick to my stomach, but this option is the end of the line for me. — feeling nervous"
123,michelelfrost,2018-05-01 12:28:57+00:00,2,Twitter for Android,"@sav01 Was at my pain doc yesterday. I'm getting an electrical stimulator implanted on my spine, plus two  RFAs in my face. Clearly I have legit issues, but I'm still treated like a criminal for the sin of having chronic pain"
124,m_james2013,2018-04-24 18:46:35+00:00,0,Facebook,I also have an apt for the 30th to find out when they are going to put in the spine stimulator
125,AlgoSonic,2018-04-24 12:36:32+00:00,0,Libsyn On-Publish,"New Podcast on ARSA 2018 Guidelines on Interventional Spine and Pain Procedures and Anticoaglulants

Aspirin use during spinal cord stimulator trial
Serotonin reuptake inhibitors and bleeding risk
Herbal and Dietary Supplements and bleeding risk https://t.co/4XmXwxK2zE"
126,LybargerBrewery,2018-04-24 02:56:26+00:00,0,Twitter for iPhone,@bsbllnbkns @Tony_Losoya I’ve had one more surgery since. Had a spinal cord stimulator implanted on my spine and the pacemaker like battery implanted too.
127,Az49erGirl,2018-04-23 17:36:44+00:00,2,Twitter for iPhone,@ButterFIy70 I’m so sorry you’re having a rough time. I’ll be going through this in the next two months also. Possibly sooner when I tell PMD that I refuse to get a Spine Cord Stimulator that he is trying force upon me. 😔 #crps
128,m_james2013,2018-04-20 20:28:16+00:00,0,Facebook,Well the Orthopedic doc said I need to try the spine stimulator
129,justoneday2,2018-04-19 17:07:42+00:00,0,Facebook,Well first step on getting my internal spine stimulator. So we will see what they say today...... hopefully it happens quickly so I can get back on the water this year.... — feeling ready at Colorado Pain Consultants https://t.co/9yuAtn1pPJ
130,DisabledAtheist,2018-04-13 16:21:57+00:00,0,Twitter for Android,"Looking forward to getting an electric spine stimulator, though I've had a hiccup in the process.  Ready to be a cyborg and in less pain."
131,DaddysgirlCora,2018-04-07 17:30:46+00:00,4,Twitter for Android,"Yesterday i hit my target goal of 6000 steps per day for the 1st time in about 3months. I am sore today and a little bit more pain as a whole but I'm still very excited. April 18th will be my 1 year anniversary of my spinal chord stimulator being placed in my spine 
What a year.."
132,parxboiis,2018-04-02 21:58:55+00:00,0,Twitter for Android,i rather cut my spine into two than wear this bone stimulator!!!
133,ScottF59,2018-03-28 14:02:04+00:00,0,Twitter for Android,@FLOTUS @NatlParkService @NSCsafety Thank you for this memorial. My wife of 20 years had 3 spine surgeries and felt pain every day afterwards. She had been approved for a spinal stimulator trial just before she died of an accidental overdose of a morphine derivative. Her son and daughter miss her deeply as do I.
134,Youlikeaverage,2018-03-27 00:08:07+00:00,1,Twitter for iPhone,@LilyGirl0721 So I took a Dilaudid and a multi-vitamin 🤷🏼‍♀️ figured that would balance me out for the day. I have had 4 major spine surgeries and complications. I already know shit is not looking good. They want to implant a spine cord stimulator 😐 IMPLANT. SPINAL CORD. STIMULATOR😑👎🏽
135,Furbz_85,2018-03-23 17:04:53+00:00,1,Twitter for iPhone,@MrBump85 @MancMayhemPIHC @SteelkingsSH I’m going to look in to. Issue I have is that I can’t sit down. Got a spine stimulator controlling the pain that comes through nerves in my spine (rightside) and my left side has started playing up so currently can’t sit down...
136,BritBratMum,2018-03-22 21:03:14+00:00,0,Twitter Web Client,"Hi Polly, it's me.  Just had a ctscan because the spinal cord stimulator they put in my back isn't working right.  Better not need another surgery cause the leads on my spine slipped.  How are you and your family?  DM me if it's easier to talk https://t.co/qBQNhkmhU8"
137,CoolKrista,2018-03-22 04:09:18+00:00,0,Twitter for iPhone,"@Sarah_Hyland So many specialists and ER doctors. They see 3 spine surgeries and fibromyalgia and get overwhelmed. My PCP has messed up so many of my regular prescriptions. The pharmacy makes extra calls and makes me wait days sometimes. Spine stimulator, Medical cannabis and therapist help."
138,Candieland66,2018-03-21 18:27:15+00:00,0,Twitter for Android,@ImaTommyKnocker I been in PM for 9 yrs now.  I hate my meds but i can not function without them.  Is that the stimulator that is embedded in ur spine with a box that u wear on ur side?
139,CoolKrista,2018-03-20 20:20:35+00:00,0,Twitter for iPhone,"@Madman7969 @rockher_man @WhiteHouse Discectomy, 2 fusions, herniated thoracic discs and a few others. I had a spine stimulator implanted yesterday. I empathize with you. But you must be aware of literally 100s of thousands of people who don’t abuse their necessary medications."
140,MYSKIMBO,2018-03-11 15:08:06+00:00,1,Twitter for Android,"@MikeQuindazzi @MazorRobotics @US_FDA Good news!  Hoping it's a step closer to an answer for me before I'm totally disabled. 30 degree bent, twisted scoliosis.  My spine is full of calification and bone spurs from RA.  So far, only a failed laminectomy.  Going next week for spinal cord stimulator."
141,ronk_chris,2018-03-09 12:37:44+00:00,1,Twitter for iPhone,"@Ubit01 @emergVictorious @jacobsullum @StefanKertesz Now that patient can commit suicide from 24/7 pain , or start self https://t.co/fBJZdpxmST in that position now. I’m down to my last choice a spine stimulator . Workers Comp has already started weening.Running out of choices."
142,airforcepam,2018-03-06 12:48:54+00:00,0,Twitter for Android,@JuliaRymut just read the long article about the trapezius muscle pain. I injured my neck in Aug 1994 from an over-head lifting injury at work. And ever since that day &amp; after 3 cervical spine surgeries &amp; 2 spinal stimulator surgeries I have had constant pain in my Left
143,MBHolistic,2018-03-06 05:14:07+00:00,0,dlvr.it,Minimally Invasive Placement of Spinal Cord Stimulator Paddle Electrodes Is Associated With Improved Perioperative and Long-Term Experience Among Neuropathic Pain Patients https://t.co/5lH0KjPEAa #spine #healthnews #research https://t.co/uUNvucR2Ws
144,BeckyOxendine,2018-03-05 22:00:44+00:00,0,Twitter for iPhone,@bluecrossnc. Why is it so hard to get approval for Spine stimulator when it’s fda approved. trying to get approval for months now but your healthcare management team recommends fusion!! Really?? #makesnosense #disappointed #nervepainisnojoke
145,KarensKniption,2018-03-01 01:12:42+00:00,0,Twitter for Android,@vincentdonofrio Be happy! Tomorrow the surgeon will implant a spinal cord stimulator. Tunnel the leads through my muscles from my hip to my spine and the leads will be sewn in my spine. They'll cut a piece of my vertebrae to put leads in. Hugs
146,airforcepam,2018-02-28 06:37:40+00:00,0,Twitter for Android,@ThomasKlineMD @CarlynZwaren @ChronicallyKoa I have had needles stuck in my spine. Acupuncture. Massage. The only thing that helped was a spinal stimulator I was able to cut back on my pain medication 80% the stimulator was able only to help that much which was fantastic but still need pain medication so I can live
147,crystalballpam,2018-02-28 03:16:20+00:00,0,Twitter for Android,@brncowe @kylegriffin1 Sorry just saw this post.  I'm in tramadol 200mg once a day and Tylenol#4 as needed. I also have a spinal cord stimulator that has been implanted in my spine.
148,megan67397714,2018-02-28 00:20:27+00:00,0,Twitter for iPhone,Spine stimulator replacement !! https://t.co/CcYMzPlMIb
149,RustedRaccoon,2018-02-23 04:07:20+00:00,1,Twitter Web Client,Check out Orthofix 2212 Spinal Stim Osteogenesis Stimulator No Power Supply! Sell No Work!  https://t.co/CEjdbogicx via @eBay #doctor #Spine #backpain #Orthofix #Osteogenesis #eBay #RustedRaccoon
150,airforcepam,2018-02-23 01:30:21+00:00,10,Twitter for Android,@nangoldin1 Nan I take oxycontin 4 Chronic pain but unlike you I did not become an addict I had a spinal stimulator surgically installed in my cervical spine to give my brain something else 2 focus on instead of pain signal &amp; was able to cut back on oxy 80% I have not gone up in amt I take
151,DrMickLethal,2018-02-14 03:21:47+00:00,1,Twitter Web Client,"@Germantownrunne @BlueelvisEric @speng_c @OrtaineDevian @sheilasheila58 @Imnosaint5 @kstewskisAZ At the moment they're trying to convince me to get this 'stimulator"" implanted by my spine...supposed to short circuit the pain impulses. No guarantee it will work."
152,buzz4343,2018-02-13 15:35:21+00:00,0,Twitter for iPhone,"@LeighMGPM @drinkwater_paul Join the club Leigh, I’ve had a spine canal stimulator implanted to my stomach with wires going round the side up my back and through the spine canal, need to charge it daily, does help a bit but not a repair. Have a word with your Doc"
153,parxboiis,2018-02-12 17:57:34+00:00,1,Twitter for Android,"oK I LEGIT TOOK THE BATTERY OUT OF MY BONE STIMULATOR BECAUSE I WILL FUCKING BREATHE OR BLINK AND THAT THING WILL BE LIKE ""BEEP BEEP BEEP"" AND ITS GONNA DRIVE ME FUCKINH MAD. FUCK YOU DOCTORS WHO THINK IM NOT ON ENOUGH VITAMINS TO GET MY BONES TO GROW. SCREW YOU FUCKING SPINE."
154,FeathersnFur1,2018-02-12 06:25:29+00:00,0,Twitter for Android,"@DavidPerlmutter Spinal Cord Stimulator L Spine as stenosis, radiculapathy etc will not support fusion I do have resting tremor, pill roll, foot drops is it possible to get clear dx? Thank you Judy  B"
155,jerryva42295629,2018-02-11 15:36:26+00:00,0,Twitter Web Client,"FAMILY KNOWS WHEN MY LAST DEFENSE (SPINE STIMULATOR) CANT STOP THE RUSH OF FIRE, CONTINUING ACHE THAT MAKES IMPOSSIBLE TO LAY OR SIT. PLUS NERVE PAIN GETS WORST BY THE MINUTE, THEN THE PAIN WALL TAKES OVER. NO MEDS WORK, THEN YOU PREY TO PASS OUT. ONLY TO DO IT ALL OVER AGAIN. https://t.co/hfF2KvBu0E"
156,johnmichelsmd,2018-02-08 00:16:32+00:00,16,Twitter for iPhone,"Patient developed #CRPS of his right foot after spine surgery, with pain so intolerable he contemplated ending his life. He now has 85% relief of his pain with a right L4 dorsal root ganglion stimulator (#drgstimulation) and is back to living his life to the fullest. https://t.co/geuRmBZeMC"
157,FamblyGuy,2018-02-07 19:45:57+00:00,0,Twitter for iPhone,"Had my spinal cord stimulator fitted yesterday. Woke up to some of the worst pain I’ve experienced in a long, long time. I’ve got two surgical wounds. One in my lower back just above my hip and the other midline over my thoracic spine. The lower one is fine, doesn’t feel too..."
158,DavidWCole1,2018-02-06 22:26:50+00:00,2,Twitter Web App,"@ravensspirit68 I know exactly how you feel, I have to fight with my PM every 2 months. My meds have already been cut 210 mg. He keeps bringing up a spine stimulator. I  am not going to let them make me get an operation I don't want. I was fine on opioids therapy. I will suffer or die first."
159,LisaCollins9,2018-01-30 23:31:18+00:00,0,Twitter for iPhone,I had spine stimulator surgery less than a month ago and getting a dental implant tomorrow. Bring on the nitrous! https://t.co/ilwCYlfztD
160,ChrisKOutdoors,2018-01-30 20:41:46+00:00,56,Twitter for Android,"Good news and bad news from the Neurologist. I am cancer free, thank God!! That had me worried! 😏 I am however going to have to get a Neuropathic stimulator surgically implanted in my spine. I'm praying it's scheduling won't effect my tournament season. 😣🤔 #TuesdayThoughts"
161,TreatingPain,2018-01-29 21:14:53+00:00,0,Twitter Web Client,"Dr. Sean Li from Premier Pain Centers, an affiliate of National Spine &amp; Pain Centers, became the first #PainManagement physician in the Country to Implant SENZA II HF10 Stimulator. #NSPCTeam #PainRelief 
Full Story: https://t.co/Ns8nPV8aN5"
162,tolovana66,2018-01-28 22:49:15+00:00,1,Twitter Web Client,@salatzo Just had operation where NERVE BLOCK STIMULATOR was put into by back with leads being attached to different points on my spine. I carry a device that controls the device in my back.  look it up on the computer &amp; find out more about it.
163,Ivy_Pixie_Chick,2018-01-28 03:45:43+00:00,0,Twitter Web App,"Bless his heart. I have issues in my entire spine. I love e-stim for muscle pain relief, but I am not a good candidate for a spinal cord stimulator. I've heard they work well. If I could only e-stim my entire back several times a day! That would require full time  assistance! https://t.co/SzMzZvzHCE"
164,ChronicPainDad,2018-01-26 22:14:20+00:00,0,Twitter for iPad,@kimbel_rita So sorry Rita. That is so terrible. I live with intractable spine pain from a botched spinal surgery 25 years ago. I’m glad the stimulator helps. So nice to meet you.
165,kimbel_rita,2018-01-26 03:12:19+00:00,1,Twitter for Android,"@ChronicPainDad Everyday is a mission to manage my pain, it's been a fruitless effort, the only opiate that worked for me was taken away last January.15 years of Intractable pain, cervical spine injury, neuro-stimulator implanted,"
166,schaub_luke,2018-01-24 21:16:26+00:00,5,Twitter for iPhone,"3 months no sports, spine injections, and bone growth stimulator to hopefully fix a fracture in my back...don’t let people walk on your back kids #onlyupfromhere"
167,crystalballpam,2018-01-17 12:28:07+00:00,1,Twitter for Android,@ChrisCuomo Ice!! I just had a spine stimulator implanted in my back. I understand... Feel better soon!
168,BrandonDrumm247,2018-01-13 03:51:28+00:00,0,Twitter for Android,"@CaptainRN I have had blocks, some electrical thing, ketamine and of course my spine stimulator installed."
169,mickeynj1961,2018-01-12 23:59:26+00:00,0,Twitter for iPhone,@AskTSA am I allowed to carry on a flex tens spine stimulator on my next flight? https://t.co/SIVM0Ipuup
170,tootiew56,2018-01-10 20:30:39+00:00,0,Twitter for iPhone,Important story on @hereandnow about lack of @US_FDA  approval of medical devices and how @US_FDA used an tobacco lawyer to make it so you can’t sue the device maker! @Medtronic spine stimulator which intervention docs pushing is one of these! @andrewkolodny response?
171,BrandonDrumm247,2018-01-10 12:23:07+00:00,0,Twitter for Android,"@asbell_tony I have a spine stimulator. Problem is, the charger won't hold a charge to charge my prosthetic that connect to my spine under my skin(mouth full). Needs fixed or removed and replaced."
172,Marine8152R,2018-01-06 22:38:31+00:00,0,Twitter for Android,"@ravensspirit68 It hurts to hear about the pain you must be going through.  Have you tried acupuncture. I have a bilateral pars fracture at the L4-L5  It helps for a week or so, but takes pain away for a while.
 Stay away from spine stimulator,"
173,NY1,2018-01-03 12:25:03+00:00,3,SocialNewsDesk,"With drug overdose deaths at epidemic levels, there’s a growing effort to offer alternatives to those suffering with chronic pain. @ErinEBillups got a look at a new, improved spinal cord stimulator that uses ECAP technology, a sort of EKG for the spine. #MorningsOn1 https://t.co/nuNdrC4pqt"
