,0,1,2,3,4
0,LGazzoli78,2019-12-31 00:17:27+00:00,0,Twitter for iPad,@inspiresleep with your system do you have a battery to charge like Nevro spine stimulator? I have the H10 NEVRO spinal stimulator and have so many issues charging the battery. If I’m not sitting just right it doesn’t wanna charge the battery so I have to move just right 🙄
1,BigRoseKate,2019-12-30 18:40:39+00:00,0,Twitter for iPhone,@kelanimary @winkwinksarah @cowgirl_beebop That is a horrible feeling. I can tell you that is not an experience exclusive to black women.  The opioid epidemic has made true pain hard to recognize. I was told my chronic pain must not be that bad if I was not willing for a spine stimulator to be implanted.  It’s horrible.
2,MRSAfighter,2019-12-29 21:22:02+00:00,0,Twitter for iPhone,"@BernsteinB Happy New Year BB. How’s the spine doing? I’ve had 8 spinal surgeries. I’ve also had two spinal cord stimulators installed. One helps with my neck the other with the sciatica. Have you had a trial stimulator installed yet?  Take care, John N. Gavin. May, Tx"
3,AvengerDragon89,2019-12-29 03:35:41+00:00,0,Twitter for Android,"@dorie_bernstein @ThomasKlineMD Spine rules out DBS (Deep Brain Simulation)

Was it electrical, like a TENS unit- SCS (spinal cord stimulator)

Or, did it deliver small doses of a drug (ITP- intrathecal pump)"
4,smitten_suga,2019-12-28 15:53:38+00:00,0,Twitter for Android,"Part 4. At 23 in 2019, My mid back is been the biggest pain issue all year for me, now that the stimulator is in place for my lower back. I have size H Breasts, and those 4 bulging discs in my T spine.I go to physical therapy multiple times throughout the year"
5,fallen_gnome,2019-12-28 01:30:55+00:00,0,Twitter Web App,"@MacaulayKong @RyanMarino I also forgot: had a spinal cord stimulator trial as well. While the devices work well for some, it was a horrible experience for me. I wound up having horrible spasms from the implant through my spine and into my neck and head."
6,cancunfun,2019-12-27 11:22:39+00:00,1,Twitter for Android,"@hilaryrobbins14 Not good! He is going to get a Stimulator implanted, the leads will run up his spine and the module implanted in his side and he tried it out for 5 days his back didn't hurt. It has a remote and they will program it to my husbands needs. I had a few test but I will be ok.❤"
7,smitten_suga,2019-12-27 10:49:01+00:00,0,Twitter for Android,"23. I have a trial for a Spinal Stimulator placed in my spine. They have to keep you awake as they insert wires all the way from your lower back to your mid back along your spine. 
My pain doctor messes up several times, a quick procedure turns into 45 minutes."
8,deadjedidave21,2019-12-25 12:39:35+00:00,0,Twitter for Android,@ladyonslaught Ouch... They want to put a spinal cord stimulator in my spine... It consists of electric leads and a battery like a TENS device... To block the pain receptors...
9,Jinj_er,2019-12-16 16:26:16+00:00,1,Twitter for iPhone,"@LauraPe78991639 It’s like we are living the same life! 😂😂 after the back stimulator, the pain dr can’t do as much for me. I was getting nag injections into the spine and can’t do that now. So I try PT and using my pool, they say use some heat on it. 😳 heat and ms don’t mix. 😂😂"
10,Melissa96401365,2019-12-15 23:18:51+00:00,0,Twitter Web App,"#esis insurance company 
Since I was attacked by this irate customer I was forced to walk with a cane do to difficulty walking and pain. The first surgery I had was a stimulator implant in my spine done by #Dr. Steven Jacobs. https://t.co/EALCEmQ73V"
11,handsfeet4jesus,2019-12-13 20:57:11+00:00,0,Facebook,"So I saw my Neurosurgeon to get the spine stimulator done. He looked at me and said there is no way he would implant a Stimulator in my back. I have severe stenosis, to the point he was surprised I didn’t have... https://t.co/kbmvZBdaLW"
12,660news,2019-12-09 20:19:02+00:00,0,Salesforce - Social Studio,"The 20-year-old, who is paralyzed from the chest down, had an epidural stimulator implanted in his spine while he was in Bangkok. A week later, doctors also injected stem cells above and below his spinal injury to try to reverse some of the damage. https://t.co/JXS23Bs13b"
13,CityNewsYEG,2019-12-09 17:51:01+00:00,0,Salesforce - Social Studio,"The 20-year-old, who is paralyzed from the chest down, had an epidural stimulator implanted in his spine while he was in Bangkok. A week later, doctors also injected stem cells above and below his spinal injury to try to reverse some of the damage. https://t.co/fp4a0n27D2"
14,CityNewsWPG,2019-12-09 16:33:19+00:00,1,Salesforce - Social Studio,"The 20-year-old, who is paralyzed from the chest down, had an epidural stimulator implanted in his spine while he was in Bangkok. A week later, doctors also injected stem cells above and below his spinal injury to try to reverse some of the damage. https://t.co/16vgp1HocK"
15,robbieleopard,2019-12-09 15:56:36+00:00,0,Facebook,Walking into surgery for my spine stimulator . Prayers .. thanks
16,CityNewsMTL,2019-12-09 15:56:33+00:00,2,Salesforce - Social Studio,"The 20-year-old, who is paralyzed from the chest down, had an epidural stimulator implanted in his spine while he was in Bangkok. A week later, doctors also injected stem cells above and below his spinal injury to try to reverse some of the damage. https://t.co/piG5cxDK3I"
17,BrueBste111,2019-12-08 14:29:58+00:00,3,Twitter for iPad,@AnneSpaceCoast Yet another reason not to get a spinal cord stimulator implanted in my spine.
18,colleent74,2019-12-08 00:38:56+00:00,0,Twitter for iPhone,"@dkraepel Christmas light celebration !
MJ and Luke’s first week being 40!   My spine stimulator is fucking amazing!!!!!"
19,Minxymissy,2019-12-06 20:00:53+00:00,0,Twitter for iPhone,@sharonfoxylady I’m having a spinal cord stimulator fitted to try and get my pain levels under control. There’s 2 leads fitted to my spine and a batter embedded into the top of my buttock. Kinda like a pace maker for pain. Will be off my feet for 6/12 weeks 😞
20,RandyE30,2019-12-05 04:19:20+00:00,0,Twitter Web App,"@DawsonInga @DEAWashingtonDC @DEASANDIEGODiv @DEANEWENGLAND @DEAPHILADELPHIA @DEADETROITDiv @DEADENVERDiv @DEAATLANTADiv @DEACHICAGODiv @DEASEATTLEDiv @DEASANFRANCISCO @DEAHOUSTONDiv @DEAMIAMIDiv @DEASTLOUISDiv @DEAPHOENIXDiv @DEAHQ I'm asking now @michaelcburgess. My whole Lumbar is fused, I have a spine stimulator, 4 replaced joints....so far. was in an accident car rolled 8 times so I'm living on borrowed time with my neck. You realize u have a responsibility to the people in chronic pain too...right?"
21,RandyE30,2019-12-04 15:15:42+00:00,0,Twitter for Android,"lol, during a procedure to have a spine stimulator put in a Dr asked if I had swallowed a can of nails. People ask if I'm on pain meds and I want to laugh. At them not with them. One problem is it has become a political talking point for the clowns in Washington."
22,660news,2019-12-02 19:57:02+00:00,0,Salesforce - Social Studio,Doctors implanted an epidural stimulator in Ryan Straschnitzki’s spine and one week later injected stem cells above and below the injury to try to reverse some of the damage. https://t.co/kw6lzgcGsQ
23,news1130,2019-12-02 19:32:03+00:00,11,Salesforce - Social Studio,Doctors implanted an epidural stimulator in Ryan Straschnitzki’s spine and one week later injected stem cells above and below the injury to try to reverse some of the damage. https://t.co/tpMAfGurgh
24,CityNewsYEG,2019-12-02 19:08:03+00:00,0,Salesforce - Social Studio,Doctors implanted an epidural stimulator in Ryan Straschnitzki’s spine and one week later injected stem cells above and below the injury to try to reverse some of the damage. https://t.co/cUr0Q5omsU
25,CityNewsMTL,2019-12-02 18:51:02+00:00,0,Salesforce - Social Studio,Doctors implanted an epidural stimulator in Ryan Straschnitzki’s spine and one week later injected stem cells above and below the injury to try to reverse some of the damage. https://t.co/Zf3t8lpSuq
26,CityNewsWPG,2019-12-02 18:26:02+00:00,0,Salesforce - Social Studio,Doctors implanted an epidural stimulator in Ryan Straschnitzki’s spine and one week later injected stem cells above and below the injury to try to reverse some of the damage. https://t.co/BK5HF453SS
27,mcewen_taryn,2019-11-22 16:32:41+00:00,0,Twitter for Android,@DanLairdMD Watching this video came close to the feelings that ran through me being told I wasnt worth the paperwork for pain medication but apparently worth surgery for a spine stimulator. Cant even articulate the emotions
28,CityNewsOttawa,2019-11-22 12:28:34+00:00,2,TweetDeck,Doctors implanted an epidural stimulator in Ryan Straschnitzki's spine earlier this month. https://t.co/xOO9XiCR9n
29,PamZimm55,2019-11-20 20:21:57+00:00,0,Twitter for iPhone,@thetoyman1 Does water help? I know heat does. I have a home electronic muscle stimulator my spine specialist was able to get insurance to approve s couple years ago so I can do that at home. I hope you feel better David.
30,PuddingsMam,2019-11-20 16:00:13+00:00,1,Twitter for iPhone,Just been referred to the neuromodulation team at the Heath for a permanent spinal cord stimulator.  Pain management suggest it’s the only viable option left.  So I now have to decide if I want some of my spine removed - seriously didn’t know they removed bone to fit theses units
31,mcewen_taryn,2019-11-19 19:14:53+00:00,0,Twitter for Android,@painadvocateAR I may be wrong but my understanding is that if he were to write a prescription he gets little to nothing. If he does spine stimulator he get roughly 3k. Had he cared of my pain and treated it until I could even educate myself that would have been kind.
32,mcewen_taryn,2019-11-19 15:57:09+00:00,1,Twitter for Android,@painadvocateAR He thinks pain is bad enough to put pain stimulator on my spine but not bad enough to give me any meds knowing my whole lumbar is so inflamed and cant take any NSAIDs due to heart.
33,mcewen_taryn,2019-11-19 05:55:13+00:00,12,Twitter for Android,"@Chronic_FLKeys @fightpaindaily YES! And he said the spinal stimulator would only work on 1 nerve. So he would do surgery for this for pain for 1 nerve but not treat my serve pain with medication for ALL of the rest.
My meds worked 6.5 yrs why only offer to put hardware in spine. Um no."
34,mcewen_taryn,2019-11-19 03:20:18+00:00,2,Twitter for Android,@fightpaindaily He has meet his quota. He had a personal email of entire history before he accepted me as a patient. If he knew he wasnt going to treat me why accept me as a patient? A SPINE STIMULATOR. If u read into that⬆️ THATS SCARY😳 &amp; unethical
35,Squirts_Momma,2019-11-19 01:27:18+00:00,0,Twitter Web App,"@babcock_ian @Mitumba10 I'm in SC &amp; in pain management. I get drug tested every month. I have a spinal cord stimulator implanted in my spine. Helps with my back but everything else is bad. RA &amp; Lupus 
I'm disabled. We have similar medical issues"
36,PearsonAssessUS,2019-11-15 22:01:02+00:00,1,Sprinklr,"Learn how the #MMPI2RF Spine Surgery and Spinal Cord Stimulator Candidate Interpretive Reports can help inform effective treatment strategies. Visit #NANDiego booth 201!

#MMPI https://t.co/qZ1Aed2p8d"
37,KirkCruz,2019-11-15 19:33:13+00:00,1,Twitter for iPhone,"@kilonova_gold Awesome, thanks!!

I just got a spine stimulator implant, which has been life changing. But I will always need new ways to help with lingering nerve damage and pain."
38,pacemakergal,2019-11-15 14:32:28+00:00,3,Twitter for iPhone,"@strazsr Awesome!  Now I can relate to Ryan although mine stimulates my heart, I have had a pacemaker for 52 yrs.  I hope your spine/nerve stimulator works well for you for many years.  Love seeing the progress you gave already shown.  Love technology!"
39,WilliamCardin9,2019-11-14 14:14:29+00:00,1,Twitter for iPhone,"@AuntieB63 @VLNunn I have pain every single day from it. It doesn’t go away. Im so sick of this. And Pain Management wants to punch a spinal stimulator (50/50 that it won’t malfunction and shock the spine) or a nerve block. If you don’t, they don’t want to treat you."
40,MayfieldChair,2019-11-13 21:45:50+00:00,2,Twitter Web App,"When a spinal cord stimulator fails, the mind may be to blame, according to new research published in the Journal of Neurosurgery: Spine. ""Patients with comorbid psychiatric issues tend to not have as efficacious an experience with the SCS."" #pain https://t.co/cr1USitMLZ https://t.co/Fso3riXsBa"
41,BrendanThompsn,2019-11-12 23:58:05+00:00,7,Twitter for iPhone,"Had a decorated spine surgeon page me and my CI to perform an abbreviated exam a few days status post spinal stimulator placement. He then asked where we think the problem was coming from in order to guide his choice of imaging, given the post-op difficulties of the patient."
42,MayfieldClinic,2019-11-11 19:20:38+00:00,0,Twitter Web App,"When a spinal cord stimulator fails, the mind may be to blame, according to new research published in the Journal of Neurosurgery: Spine. ""Patients who have these comorbid psychiatric issues tend to not have as efficacious an experience."" https://t.co/9rhvoRX1Bw https://t.co/tO6xcMjlKM"
43,candylicious_xo,2019-11-11 07:41:55+00:00,0,Twitter for iPhone,Has ANNNNYY of my followers gotten a spine stimulator ?!?!
44,ehletstalk,2019-11-09 14:36:25+00:00,0,ContentStudio.io,"On Monday, doctors in Thailand implanted an epidural stimulator in Straschnitzki's spine in the hope that it could restore some movement in his legs. https://t.co/U50CHl2F8g #fashion #fun #Toronto #the6ix"
45,Brink_Thinker,2019-11-09 12:34:11+00:00,92,Twitter for Android,"Ryan paralyzed in a bus crash last year moves his own legs for the first time after doctors implanted an epidural stimulator in his spine. 

It is a miracle!
https://t.co/BnwKjfsNrh"
46,GinoHard_,2019-11-07 00:07:59+00:00,15585,Twitter for iPhone,"After doctors in Thailand implanted an epidural stimulator in his spine, Ryan Straschnitzki was able to move his own legs for the first time since the Humboldt Broncos bus crash 🙌 https://t.co/ooBa77UmhZ"
47,hockeynight,2019-11-06 22:49:16+00:00,1576,Buffer,"Doctors in Thailand implanted an epidural stimulator in Ryan Straschnitzki's spine in the hope that it could restore some movement in his legs.
https://t.co/h6sXdNkrDZ"
48,scott_mintzer,2019-11-05 12:10:56+00:00,9,Twitter for iPad,"@SETT30273848 @younglancho @GhanaboyPharmd @drdanchoi Reimbursement WITHIN neurosurgery is apparently whack. They make oodles of money doing spine operations, but then they carefully implant a stimulator in somebody's brain and get paid bupkis.

Arbitrary reimbursement decisions by the govt have warped the medical landscape."
49,hollerszee,2019-11-03 17:29:14+00:00,0,Twitter for Android,"@SmallHiddenDoor My first back surgery was 2003 for L5 S1, 2nd in 2006, adrenal adenectomy in 2007, I have DDS, cervical rib, thorsic outlet sydrome &amp; arthritis in knees,feet, spine &amp; neck. Hoping to get a spinal Stimulator but no matter what never taking pain meds again as prefer being me 24/7"
50,debbieamidon,2019-11-02 01:14:26+00:00,0,Twitter for Android,@CashGaws I'm allergic to so in that aspect I have for allergic reactions so they had to try to figure out what day you give me. I ended up with a spinal cord stimulator one of the top the base of my neck and one at the bottom of my spine oh. I ended up losing my retirement from having to
51,CivilServantRet,2019-10-30 00:06:32+00:00,0,Twitter for Android,@BodtonBears I'm sure there will be a 23 ...they want to put a electric stimulator in my spine to shut off the nerves in the leg
52,HumboldtJournal,2019-10-28 17:22:46+00:00,45,Facebook,"Ryan Straschnitzki is going to Thailand later this week to have a epidural stimulator implanted in his spine, which could hopefully restore some of his functions. https://t.co/a8AL73vXgF"
53,JaneStanley64,2019-10-27 11:57:34+00:00,0,Twitter for iPhone,"@dis_roger @Corrina35038731 I too had issues with my pain stimulators.  I had it replaced 5 times due to it working out of my body, got a staph infection on the third replacement by my spine. I also had a lead broken on the bladder stimulator.  Prayers coming your way."
54,nancywi02778742,2019-10-24 22:15:02+00:00,1,Twitter for Android,"@LilyCrue I think it spreading to my left leg.  You and I have alot of the same conditions.   Fibromyalgia,  crps, scoliosis of the spine,  degenerative disc disease,  osteopenia, spinal stenosis, several herniated disc,  thoracic radiculapathy, migraines, and IBS.  I have a stimulator."
55,GrooveExponents,2019-10-24 01:53:04+00:00,0,Instagram,"This is the bruised and bloody outcome of (what I hope to be) my final surgery to my back/spine.

The top left bit is where the nerve stimulator implant went into my back. The bottom left… https://t.co/LqfaBvxfL8"
56,CivilServantRet,2019-10-23 01:56:07+00:00,1,Twitter for Android,@BostonBelle4 Me too... Doc wants to put a electric stimulator in my spine
57,miketvee13,2019-10-22 16:43:40+00:00,0,Twitter for Android,"Second round of injections scheduled and consultations on spine stimulator later this week. I'll probably be bionic again soon. Yay?

https://t.co/ay9MnXNPDf"
58,DJLegacy23,2019-10-22 11:34:33+00:00,3,Twitter for Android,"Welp, my Dad is going in for ANOTHER Surgery tomorrow to have a Spinal Stimulator attached to his nerves in his spine to try to control all of the pain in his back from his other screwed up surgeries since the pain has been getting WORSE not better since 2 surgeries ago...smh ugh"
59,enoc33,2019-10-21 20:25:59+00:00,5,Twitter for iPhone,"@DanLairdMD I’ve tried non opiates, PT, ablasion, spinal cord stimulator, pin point injections, steroid injections in spine 5 times"
60,themosesjourney,2019-10-21 04:53:25+00:00,0,Twitter for Android,@David_Fischer71 I feel your pain. I had my cervical spine replaced in 2013. March a peripheral nerve stimulator. Last week 7 injections. Still in severe pain. Praying for God's mighty hand to heal you. Please pray for me also🙏
61,jeda121,2019-10-20 02:41:30+00:00,0,TweetDeck,"@m_474 @oOoShinyoOo I have to stay here long enough so that a) my uncle is through the worst of the grief, b) try to save some money, and c) my neurosurgeons for my spine are here &amp; my stimulator battery will need replacing in the next year or so"
62,PhilipsHealth,2019-10-18 08:08:11+00:00,5,Sprinklr,How to confidently scan a patient with surgical metal in the lumbar spine and a brain stimulator? Check out this case here: https://t.co/dsTfCmLHqV https://t.co/JcRvONbrnM
63,kenpo42,2019-10-17 08:54:27+00:00,0,Twitter Web App,Still trying to find a way back to #JiuJitsu  with 2/3 of a fused spine and a spinal cord stimulator. Who knows? It may happen because I'm too stubborn to give up completely.
64,KnowledgeGeek,2019-10-16 18:45:35+00:00,1,Twitter for Android,"@CarrieQHHI That's good to know. Yes, please keep us appraised on how it goes with your spine! I've a stimulator too, for my neck. I'm thinking of getting one for my lower back too."
65,Squirts_Momma,2019-10-16 18:28:32+00:00,2,Twitter Web App,"@KnowledgeGeek Yes. My knees &amp; ankles. One knee didn't take. It's an 80% success rate I believe. I'll let you know how the spine feels.

I also have a spinal cord stimulator. Saved my life. Best thing I've ever done. I can get out of bed now"
66,JaneStanley64,2019-10-16 15:31:36+00:00,0,Twitter for iPhone,@DarenJ66 @Angelsgal02 @kristi_bavuso I had a pain stimulator that worked out 5 times and the third time I gotten staph infection on my spine.  I would not ever wish this pain on anyone.   I am sorry this is even happening.  Even after admitting this was not intended for stable pain patients when tapering is worse
67,JamieLRich10,2019-10-16 12:07:20+00:00,1,Twitter Web App,"@KarinHiebert @ThomasKlineMD I have degenerative disc disease &amp; other spine disorders. Have had multiple surgeries &amp; like u &amp; others have tried it all! Only other med I get is Gabapentin, it does help with nerve pain &amp; I am grateful to have it along with the Spinal Cord Stimulator....."
68,ShannonDingle,2019-10-14 15:30:14+00:00,1,Twitter for iPhone,@ActuallyRoo It’s a Nevro HF10 spine cord stimulator
69,PK_Spine,2019-10-14 14:45:16+00:00,2,Twitter for iPhone,"@NaanDerthaal @Rongen_Jan @Orthofacts @CenterRotation @RudolfPoolman Best thing we could do in spine is ensure that all the pain docs out there understood what surgery can and cannot do, instead of treating radic pain w facet, facet, SI, piriformis, SI, stimulator"
70,CivilServantRet,2019-10-13 22:12:48+00:00,1,Twitter for Android,@saraturner19 @smars319 This surgery should help alot then I get a electric stimulator in my spine to shut nerves off to my leg
71,KirkCruz,2019-10-13 17:24:39+00:00,0,Twitter for iPad,"@sonofasven Whoa dude, awesome! 

I just got a spine stimulator implant &amp; have become medium-obsessed with how these little of medical devices can be life changing."
72,GrammaTrex,2019-10-12 16:40:02+00:00,0,Twitter for iPhone,@Vaxxish @sheologian The cannabis replaced Pentasa for lymphocytic colitis to help me with nausea and allows me to eat. It replaces Clonopin. It replaces morphine and oxycodone for pain management along with the spinal cord and a stimulator implanted in my spine. Shall I go on
73,secondchances09,2019-10-11 21:18:01+00:00,0,Twitter for Android,"@process_x And after she chose her mental health, her PM was like ""Good!! We can now implant a pain stimulator on your spine!!"""
74,MayfieldClinic,2019-10-10 14:35:41+00:00,1,Twitter Web App,"Mayfield researchers report findings on removal of spinal cord stimulator systems in 129 patients over 9-yr period in Journal of Neurosurgery: Spine. Subset of patients affected by depression, PTSD, drug/alcohol/physical abuse. https://t.co/760Z9LFeqp @SmrutiPatelMD"
75,HarmonyJacobso4,2019-10-09 13:26:33+00:00,0,Twitter for Android,"@Toniraebenedic1 @My_Puppy_Stuff @J9P814 I have Lupus, RheumatoidArth. Epilepsy, I've been through 5 major spine surg. in the past 2 years I am getting a spinal cord stimulator implanted as well, my daily pain is a struggle for me to stay positive. And when they couldn't find even 1job 4 me, they still denied me."
76,bluessthholder,2019-10-05 00:24:09+00:00,3,Twitter for iPhone,My mother had surgery today while I was at work.   She has a spine stimulator in there turns out she had a blood clot above it   Doctor said they got the clot out
77,PearsonAssessUS,2019-10-01 20:56:01+00:00,7,Sprinklr,"Join us for a deeper dive into the MMPI-2-RF Spine Surgery and Spinal Cord Stimulator Reports this Thursday (10/3). Free CE credit available for this #webinar!

Register: https://t.co/XjwKbvvUHT https://t.co/w9Dx56dz2k"
78,BoariJacq1,2019-09-28 22:01:35+00:00,9,Twitter for iPad,#urologyAwarenessMonth photo luckily enough became eligible for SNS sacral nerve stimulator battery is embedded base of spine . Leads connect and run through to pelvis.  Helps not least when infection causes pain and oab https://t.co/jtI1oS9F7Z
79,OakRaiderTB81,2019-09-27 06:26:18+00:00,0,Twitter Web App,@CRPSForum I need help dealing with my CRPS in left foot. It is🔥 all the time and feels its being crushed. I stay in the bed because it hurts alot to put pressure on it. Also have the stimulator in spine and it differs. My back now is aweful so I need help.
80,HarmonyJacobso4,2019-09-26 12:46:36+00:00,3,Twitter for Android,"Good morning🌞Today is a beautiful sunny day here in Minnesota 😎 I am beginning to feel better since my Spine Stimulator implant. Thank God I have a great Pain Dr. who cares about me more than this BS ""opioid epidemic""&amp;actually will still give me the medication I need&amp;deserve 💊"
81,DJ_PaulTUK,2019-09-25 21:39:13+00:00,1,Twitter Web App,"@rosiexdollface I know that feeling. Ive had Arthritis since 30. And have had 3 hip replacements. Also have a fused spine, and now a Spinal Cord Stimulator implant which reduces pain by about 70%. What joint issues do you have ?. https://t.co/nENydx0quG forum is very helpful !"
82,HarmonyJacobso4,2019-09-24 02:41:53+00:00,0,Twitter for Android,"Well, I'm home and this stimulator is painful af! I need more pain control😫 I really pray that this subsides because I can hardly move... This is about as bad as all 5 of my spine surgeries in the past 2 years put together... Just stay away from me demons wanting my electricity! https://t.co/eHWRWhh18R"
83,katherine_itacy,2019-09-23 12:48:38+00:00,0,Instagram,"Spinal Cord Stimulator Trial, Take Two! #action #fingerscrossed #nevro #scs #chronicpain #chronicpainwarrior #hereshoping #hereshopingitworks (this time) @ Handel Center - Spine, Sports &amp; Pain Intervention https://t.co/QE3UhgzZft"
84,CoolKrista,2019-09-22 18:58:00+00:00,0,Twitter for iPhone,"@urbanfatbiker I understand the problem with tissue but my doc has gotten fluid from my spine so many times. Can’t tissue samples be taken during surgery? I’ve had a fusion, fusion clean up, spinal cord stimulator and pain pump all tossed in there. Plenty of samples!"
85,TatiannaEl,2019-09-22 14:20:01+00:00,2,Twitter for Android,@Dax_x98 I suffer with chronic spine pain for 13 yrs. Already had a discectomy on my neck replaced two disc in my neck. Still awaiting a lumbar spinal stimulator implanted in my glutious maximus. Yup knees are weak all from a job related injury in 2006. If I can do it so can you!!!
86,deedeented,2019-09-20 10:46:50+00:00,0,Twitter for Android,"#opioidcrisis I used to be an extremely happy, giving, caring person. Now I'm a body waiting for a miracle. I'm hopefully getting a spine stimulator, waiting on insurance. Waiting months is like labor that never ends."
87,gigshot_,2019-09-16 17:22:32+00:00,13,Twitter for Android,"Met with my neurologist today, were going to do the spinal stimulator trial. First I have to get a MRI of my spine also do a mental exam. If these two come back good I'll be able to do the trial, also if that works than ill have the the spinal surgery. 🤞"
88,JBonnetteArt,2019-09-16 06:22:14+00:00,0,Twitter Web App,It didn't help that I was having to get up &amp; down on a step stool or try to bend as best I could with the stimulator on my spine to reach the places where the seals are bad. It's not even done after all that. It's only halfway. 😭
89,NewtTekell,2019-09-16 00:19:14+00:00,1,Twitter for iPhone,@JoAnnEM04094334 @smithritae @Caparosa52 @charity_burkett @michaeljohns @Jamierodr14 @MalcolmOutLoud This was my First surgery. After 3 More I had a Spine Stimulator Implant. It’s helped me So Much But I still need a Small amount of meds. But I can tell you by personal experience that things Have gotten Harder for people that Truly need those types of meds to receive them. https://t.co/fVqvGyqR9T
90,CuronixCompany,2019-09-15 13:01:00+00:00,0,Hootsuite Inc.,NEWS STORY: Dr. Hong in Canada implants Spine Stimulator that provides opioid-free pain relief https://t.co/mdODRQadec
91,KirkCruz,2019-09-15 01:32:26+00:00,15,Twitter for iPad,"I haven’t posted about this yet but I recently got my *permanent* spine stimulator implant, the effectiveness of which can be heavily influenced by how you position your body.

I have just found the perfect position and I am never moving.

Like, ever again. https://t.co/P1K2EGuTOY"
92,PjayProduces,2019-09-10 22:47:18+00:00,6,Twitter for iPhone,"After 4 long years of abdominal migraines, lumbar sacral pain, and neuropathy I had a DCS (Dorsal Column Stimulator) placed in my spine. I’m now able to control my pain wirelessly through this little remote when times get rough. https://t.co/t1LX0WSEDr"
93,KirkCruz,2019-09-10 17:18:21+00:00,3,Twitter for iPad,"@therealjoebob @Shudder @kinky_horror I just got a spine stimulator implant and there’s more titanium in my back than in a set of high-end golf clubs.

If anyone tries to come for Joe Bob they’re gonna have to go through ROBOKIRK https://t.co/52Y0mkT7hK"
94,greenbluemomma,2019-09-10 14:25:54+00:00,0,Facebook,Stimulator consult appointment — feeling positive at Lancaster NeuroScience &amp; Spine Associates https://t.co/FRpuE9izux
95,KirkCruz,2019-09-06 05:44:44+00:00,6,Twitter for iPhone,"@TheJoeLynch @Levans6081 @therealjoebob @kinky_horror @Bevans1205 @LauraBeerman72 @TDenton_1138 @angiebulkeley @sootygrunter79 @ErnieTheDragon @frigay13 @NHorrorphile @NoKimOnlyZuul @kreepazoidkelly @beernut1 @saraannmoviefan That’s awesome of u to check up on me!
I’m doing pretty good now, thanks. I got a spine stimulator implant two weeks ago, I was NOT expecting to be laid up so long! But soon I’ll be back on my feet &amp; at the movies
The love I got from my HorrorFam has been a huge, beautiful boost"
96,KirkCruz,2019-09-05 19:33:17+00:00,1,Twitter for iPad,"@AllisonRFloyd @leavyrdailyhell Feel free! I’m recovering from a spine stimulator implant surgery las week, I got PLENTY of time to chat"
97,JaneStanley64,2019-09-05 18:28:22+00:00,0,Twitter for iPhone,"@Katamac1967 As for surgery, nothing.  My body push the appliance out of my body. We learned of my allergy from the pain stimulator working out 5 times. On the third spinal replacement I had gotten a staph infection on my spine.  I demanded to see the dr and the resectionist was telling me"
98,KirkCruz,2019-09-05 16:36:39+00:00,3,Twitter for iPad,"@angiebulkeley @Levans6081 @LauraBeerman72 @therealjoebob @kinky_horror @Bevans1205 @TDenton_1138 @sootygrunter79 @ErnieTheDragon @frigay13 @NHorrorphile @NoKimOnlyZuul @kreepazoidkelly @beernut1 @saraannmoviefan Oh damn, sorry to hear that! So you know the drill.

10 days ago I got a spine stimulator implant, I’m still recovering from that, had no idea I’d still be laid up at this point, but fingers crossed in the long run it’ll make things a LOT better."
99,Shawndagould69,2019-09-03 19:14:17+00:00,0,Twitter Web App,"Sandra Hurst’s Spine Stimulator
 https://t.co/Vj8DPri50B"
100,Sean_yesdude,2019-09-03 13:50:27+00:00,2,Twitter for Android,I just realized that my center does surgery for back pain where they implant a stimulator onto your spine that dramatically decreases the pain. So that's cool. But also I should have realized this months ago
101,EricDalton2020,2019-09-02 16:01:02+00:00,0,Twitter for iPad,@RobertB131364 I had a spinal stimulator implant..wires attach to an area within your spine that run to a box implanted above your waist line ..you are given a remote to increase/decrease the stimulation depending on your pain..it diverts the pain receptors ...recovery not so fun...
102,WilliamsSamuell,2019-08-30 12:42:41+00:00,0,Twitter for iPhone,"@healthybuttrfly @PoliticsAsUsua5 @JGreenblattADL @netanyahu @Palestine_UN I’ve been generally lucky when it comes to getting the attention I needed… However I am recovering from having an electronics stimulator implanted, the wires are attached to the base of my spine where the nerves go to my foot 🦶🏾 The accident happened in 2010"
103,GertrudeHighla1,2019-08-29 15:30:58+00:00,0,Twitter Web App,So I got a spinal cord stimulator for #ChronicPain. Quite pleased thus far. No buzzing sensation... just less pain. And a wireless battery in my ass. https://t.co/VxNmo7CzpQ #Spine #painrelief #backpain https://t.co/d5TE1MaXJS
104,Loyalty4sure,2019-08-29 11:42:46+00:00,0,Instagram,This woman right here. Waiting for the final step in fixing this spine stimulator. Insha Allah all will be great in like 15 minutes. Have a FABULOUS day on purpose! Xoxo @ Jefferson… https://t.co/XyOP3b32Tk
105,sam317777,2019-08-28 14:02:15+00:00,2,Twitter for iPhone,"@Mfs2K2 @CahnEmily My son in law, after exhausting every treatment for the last 6 months, will have a $100,000 spinal stimulator implanted in his spine next month for an impinged nerve root. He’s a member of a Union and the only cost to him is a $10.00 co pay. 

#UnionStrong"
106,Loyalty4sure,2019-08-27 11:12:46+00:00,0,Instagram,Waiting for the rep from Medtronic to get here so we can jumpstart my battery to my spine stimulator. Ugh.... @ Jefferson Hospital for Neuroscience https://t.co/e0WZ3ReIVb
107,Principal_Spine,2019-08-26 14:00:56+00:00,0,Loomly,"Spinal Cord Stimulator Therapy is a procedure where a small device is placed under your skin to send mild stimulations in your spine to decrease pain signals.

Talk to us to see if spinal cord stimulator therapy is right for you!

🔗: https://t.co/fNvacNBbly
📞: (972) 316-7270 https://t.co/HOBHAoTbTH"
108,FNeirami,2019-08-26 11:19:17+00:00,1,Twitter for Android,"SPINAL CORD STIMULATOR IMPLANT
Spinal cord stimulation  uses electrical impulses to relieve chronic pain of the back, arms and legs.

https://t.co/HMRZXYR4pH

#stimulator #implant #pain #backpain #spine #lowerbackpain #painrelief #painmanagement #solution #chronicpain #consultant https://t.co/Cr2Rv2QayE"
109,LEX18News,2019-08-24 16:30:00+00:00,9,SocialNewsDesk,The implant is an epidural stimulator that’s embedded near the spinal cord. Electricity then triggers the nervous system which can help restore brain-to-spine connectivity. https://t.co/UCCIJX9zlb
110,KJRH2HD,2019-08-24 09:00:00+00:00,0,TweetDeck,"The implant is an epidural stimulator that’s embedded near the spinal cord. Electricity then triggers the nervous system which can help restore brain-to-spine connectivity. 
https://t.co/5ZLRdSOnzf https://t.co/Rv60vl7EUp"
111,KirkCruz,2019-08-23 17:02:51+00:00,2,Twitter for iPad,"@cheapskateblog .@cheapskateblog .@RobertGRendon
Your daily Serendipity alert: yesterday I had major surgery (spine stimulator implant), instructions are to be VERY careful about moving my torso for 3-6 months, last night realized I need to figure out my laced shoes situation, and now this!!"
112,gidget85008,2019-08-22 21:13:56+00:00,0,Twitter Web App,I'm raising money for Sandra's Hurst Spine Stimulator. Click to Donate:  https://t.co/PVKKwN41CL via @gofundme
113,mantha_lee,2019-08-22 07:46:15+00:00,1,Twitter for iPhone,@Kimalysong Nothing can undo the damage to my spine but they are trying to help with the nerve pain that has resulted from the permanent damage to my nerves from the nerve root being compressed for so long. The spinal cord stimulator (if they can get it working as it’s hoped it will) will +
114,EidolonEddy,2019-08-21 04:05:49+00:00,0,Twitter for Android,"So, I'm usually not into complaining about my body online but I feel I have to say something. After a half dozen+ spine surgeries done with little to no help I had opted to have a Spinal Cord Stimulator installed. Knowing now, I wouldn't make the same choice again. #CarryOn."
115,Marilyn58280817,2019-08-21 03:16:48+00:00,1,Twitter for Android,"@long_daze I'm good, been busy getting ready to have a Spinal Cord Stimulator implanted in my Spine for the nerve pain that I have from the waist down. How you been?!"
116,jooyiin,2019-08-20 02:58:09+00:00,0,TweetDeck,Can’t wait to get this spine stimulator taken out. Whole body feeling like I sat on the toilet for too damn long.
117,64gammy64,2019-08-16 01:47:40+00:00,0,Twitter for Android,"@Medtronic @techreview Thank you Medtronics &amp; Dr. Farhan Siddiqi of Trinity Spine Center for making life less painful with the stimulator you have created.  Without the battery &amp; leads you developed, I'd be in pain &amp; wouldn't be able to do half what I can do today.  Thank you is not enough!"
118,DonaldJTrumpDe1,2019-08-14 00:14:10+00:00,1,Twitter for iPhone,"@mscharliegirl75 @finbarvano Yep. My spinal discs are failing &amp;I’ve jumped thru their hoops for 2 yrs. w/3epidurals, 8 other nerve injections in my spine, MRI’s, CTscans, myelogram &amp;my spine isn’t stable enough for PT. I even had a spinal cord stimulator implanted, then removed.But I haven’t begged enough."
119,NvBoSox,2019-08-11 16:21:33+00:00,2,Twitter for iPhone,"Holy cats. I broke up with my doctor in 2011 because he wanted to put a spine stimulator in my back. Yikes. I might not get around very well, but I’m not going through this."
120,sam317777,2019-08-10 21:05:41+00:00,3,Twitter Web App,"@emmbee1002 @eclecticbrotha You're right. My son in law was diagnosed with 2 cracked discs and spinal nerve root impingement, the neurosurgeon and pain management docs have tried 5 protocols to alleviate the pain.Tried a temp spinal stimulator, had some success, perm one will be implanted in his spine soon"
121,MayoInvents,2019-08-08 13:00:02+00:00,0,Sprinklr,#TBT: Spinal cord research took a major step forward when a team of  @MayoClinic researchers implanted an epidural electrical stimulator device into a paralyzed man's lower spine in 2017. Read: https://t.co/VLzf5HKAOq via @nytimes #research #medtech #innovation {photo via @AP} https://t.co/uHrtL21qSC
122,justcharbar,2019-08-07 01:22:37+00:00,0,Twitter Web App,@theKimansta Spinal cord stimulator implanted in spine. Electronic pulses go every 90 seconds to block pain from the brain. Today! Meet my back! 😂 Warning-Graphic! 😂 https://t.co/FmLXtg3CfA
123,LGazzoli78,2019-08-04 19:55:39+00:00,0,Twitter for iPad,@neverfallapart I was told that after spine surgery 😊 and my physical therapist told be I have the best looking scar she’s seen in years. It is so straight. I had emergency surgery for Caudia Equania and also had a spinal cord stimulator put in to help pain.
124,Kortney_signor,2019-08-03 21:06:02+00:00,0,Twitter for Android,"Girl World Preview:
""The doctors had moments where they didn't think I was going to make it, and told me I wasn't going to walk again. Well I went to physical therapy and had a stimulator placed on my spine."" -Arian Redding https://t.co/rPHtPTID6s"
125,Kydakakash,2019-08-02 00:18:47+00:00,0,Twitter for iPhone,"I know no one probably cares...
 but I just got Surgery today had my spine stimulator readjusted..
Hopefully the wires will stay in place and I will be able to walk again!😥
At least they sliced me open in the same 2 spots.

#방탄_남자그룹상_축하해
#MTVHottest BTS @BTS_twt"
126,FNeirami,2019-08-01 15:56:32+00:00,1,Twitter for Android,"SPINAL CORD STIMULATOR IMPLANT
Spinal cord stimulation uses electrical impulses to relieve chronic pain of the back, arms and legs. 

https://t.co/HMRZXYR4pH

#stimulator #implant #pain #backpain #spine #lowerbackpain #painrelief #painmanagement #solution #chronicpain #consultant https://t.co/4x6clqMGok"
127,bluesunquake,2019-08-01 03:23:00+00:00,0,Twitter Web App,"@LGPurvis655 @SparlingAngela @ThomasKlineMD Yup. My chronic pain is due to growth of a LOT of scar tissue after spinal surgery. Extra scarring w/ other surgeries &amp; injuries too. Doc suggested stimulator. Um, more surgery, perm implant wires in spine? Chance of ++scarring high! No thanks!!"
128,DeadonDave,2019-07-31 10:39:42+00:00,5,Twitter for Android,"So I've been up and down all night and my spine has been tingling (Metal wire in my spine that goes to my stimulator)
So not a shock I check to find that not only is a massive thunderstorm rolling in but at 630 AM it's 100% humidity. Air is thick &amp; dense...killing my nerves"
129,awwalk,2019-07-30 23:49:37+00:00,0,Twitter Web App,"@michaelschweitz @BuddySchweitz 6 spine surgeries here, fusion, cage in, cage breaks, cage out, spine stimulator in, spine stimulator out, etc.... Whatever you do, do as you're told. I found out they have a licence to practice medicine for a reason &amp; I don't. All my best."
130,scottsdigital,2019-07-26 10:31:05+00:00,0,Guarilla Marketing,Spine Stimulator for Pain https://t.co/kCuOyI7mGg
131,keithppereira,2019-07-24 11:01:28+00:00,2,Twitter for Android,"@DrLindaMD @DrMahmudIbrahi1 Agree...a lot of patients shrug the thought of a stimulator in their spine..the truth is the leads are placed around the spine, not really inside!
#TalkPain"
132,mantha_lee,2019-07-23 05:51:49+00:00,14,Twitter for iPhone,"News from the front!! It seems scar tissue has rendered several of the electrodes implanted in my spine, ineffective...ore surgery to replace the leads that run up the length of my spine. I still live in hope that this spinalcord stimulator will allow me to lead a pain free life!"
133,scottsdigital,2019-07-22 09:31:13+00:00,0,Guarilla Marketing,Spine Stimulator for Pain https://t.co/gmTQsEYK2s
134,heathrlv,2019-07-18 19:07:24+00:00,0,Twitter for Android,"Currently sitting in PM listening to how they are appealing the denial of a spinal cord stimulator implant because it's better than 30mg of oxycodone a day.  Yeah, permanent implant into my spine at 57,000.00 way better than meds that cost 20.00 per month.ugh!"
135,FNeirami,2019-07-17 15:08:25+00:00,1,Twitter Web App,"SPINAL CORD STIMULATOR IMPLANT

Spinal cord stimulation (also called SCS) uses electrical impulses to relieve chronic pain of the back, arms and legs. 

#stimulator #implant #pain #backpain #spine #lowerbackpain #painrelief #painmanagement #solution #chronicpain #consultant https://t.co/HprvMz7PMI"
136,dragonflytatt2,2019-07-15 19:18:44+00:00,0,Twitter for Android,@USMCLiberal I understand your fear! I had a Nerve Cord Stimulator placed in my spine &amp; next week I'm having a second one put in my neck. I'll pray for your mind to be settled  your nerves to be calm a steady hand for your Dr &amp; caregivers &amp; most of all a speedy recovery
137,ChiTown90494009,2019-07-14 14:47:34+00:00,0,Twitter for Android,@michigangstar Thank you. This has been such a fucked up week completely for us. Mon i was told i more than likely have DCIS in both breasts. They are scheduling more testing. Tuesday i was told i need back surgery to remove my stimulator in order to do an MRI on my spine/brain to confirm MS.
138,PressRelease_cc,2019-07-11 08:05:31+00:00,0,Jetpack.com,"Spine Bone Stimulator Market To Expand Steadily With A CAGR of 3.8% During 2019-2024 | Radiant Inisights,Inc https://t.co/QeWl0hx7iT https://t.co/28mbgMU2gj"
139,BMedic2,2019-07-10 08:24:05+00:00,0,Twitter for Android,"@Gizzysaurus So it is a lot like my spinal cord stimulator then. Mine is wired to my thoracic spine for pain control. Once I realized that's a charger, I realized. My Neuro-Stim is placed on my hip though because of where IT works. I hope yours helps you, call medtronic, they will help you."
140,bigbuckor,2019-07-09 06:38:27+00:00,1,Twitter for Android,"@haydentiff @RunningLow @Free_Ross @KimKardashian @cut_50 @BuriedAliveProj @holly_harris @shonhopwood @Inimai @candoclemency No ma'am...I do have a spinal stimulator implanted (a ""computer"" that send shocks down my spine) but it is mostly for the shooting leg pain. I still need 6 more screws and 2 rods...more of my spine ""went out"" after my first fusion. I was 24 at that time."
141,RSSFeedsCloud,2019-07-07 00:33:06+00:00,0,Jetpack.com,"Spine Bone Stimulator Market To Expand Steadily With A CAGR of 3.8% During 2019-2024 | Radiant Inisights,Inc https://t.co/4IBdASjvFV"
142,ABNewswire,2019-07-06 14:01:37+00:00,0,dlvr.it,"Spine Bone Stimulator Market To Expand Steadily With A CAGR of 3.8% During 2019-2024 | Radiant Inisights,Inc https://t.co/LFZVPl6lO8 https://t.co/MxbdqENtub"
143,porcenia,2019-06-30 05:57:38+00:00,0,Twitter Web Client,@Celestelove110 @jaketapper @GettyImages Celestelove1 I had a Spinal Cord Stimulator implanted for a nerve disease Reflex Sympathetic Dystrophy (RSD). It work for awhile. Then I started getting shocked &amp; started having seizures. I ask them to take Stimulator out &amp; it had came apart with the wires lose in my spine.
144,JeaniSouthworth,2019-06-29 13:18:50+00:00,3,Twitter for Android,@lenny_phil Mine is! I had to have a spine stimulator implant put in my back. I still have pain but I don't have the unit set right. I keep going back to get reprogrammed.
145,mikef3825,2019-06-29 02:14:13+00:00,4,Twitter for iPhone,"@BeverlyWarrren @Mikehomeseller @dawizzurd @MusicMan1730 @jp_siira @vivien2112 @JoshHikenGuitar @staub_joe @chesterbells1 @CMusky4213 @allensm10514668 @6951deeps @Littleelvis40 @TBonesPrimeCuts @CateDailyBoom @WilliamMarquar8 @titletownusa73 @davehill_56 @Jenniferkunkel @tinerbocker Beverly you know the stamina issue then as well.  My wife has had three of those, now has a spine stimulator which seems to be sort of working."
146,Pain_Spec_Aus,2019-06-23 19:25:04+00:00,3,Hootsuite Inc.,Pain care is improving all the time. Alice Fowle has shared her story of 10 years of #CRPS. She now feels 'liberated' by an electrical nerve stimulator in her spine which she controls with her phone. Read her stroy here https://t.co/BbEF9LQvQu #ourpainworld #chronicpain #RSD https://t.co/zMYx1W1P21
147,LRockwellatty,2019-06-21 17:36:39+00:00,0,Facebook,"On Wednesday I had trial spinal cord stimulator device implanted in my spine to see if it helps with my spine and leg pain. So far it hasn't helped, but there are other settings to try. I am getting annoyed at... https://t.co/1mpgwNDtQ8"
148,Twm817,2019-06-21 17:33:52+00:00,2,Twitter for Android,Here's a picture of my spine except now I have the Boston Scientific Spinal Cord Stimulator. Can you say Whoo Wee! It's really been quite a ride I'm SO thankful for my AWESOME family whose been there for me &amp; I wouldn't change a single thing God has put in my life @SteelersCrazy https://t.co/BI6brQT6Bm
149,JaneStanley64,2019-06-21 17:21:25+00:00,2,Twitter for iPhone,"@Chronic_FLKeys I had a pain stimulator work out of my body 4 times, got staph infection on my spine and now that all of them are out I do not get as sick any longer."
150,ayolawra,2019-06-20 11:46:35+00:00,2,Twitter Web App,"Sit-ups are effective for getting a flat stomach. But in the long run they cause more harm than damage. They can damage the spine. And this would present with back pain. 

Replace sit-ups with: plank exercises, cardio and an electronic abs stimulator.
  https://t.co/xU8xuGCruW"
151,SpicyPurritos,2019-06-19 17:50:45+00:00,1,Twitter for iPhone,@CContrarus @PainImpatient @Jennife90117914 @MrPetesonality @soofriends @Rosesdaughter61 @keesaroo @LeannRehm @HeatherLinda11 @LadyAg72 @SpikeUnderFire @StellarVenus @JSG_54 @PainVoters @TheSarge11 @Dsntslp @KathyN115 @StopBadDocs @shelley_bean60 @StarvinLarry @KMBoling @mariadw1 @Catt624 @EmpressNorth @woutgorge @Talkeetna101 @dogloverrn8 @WickedDesire2 @trinasmom49 @RogueWolf2001 @Chronic_FLKeys @footballgirl35 @AMERICANTRUMP2 @BostonBubbalooo @chorkygirl1 @Anthony4242 @Elianok10 @YdogDoggy @NickCarlin6 @rubin_judi @CherylIsanogle @esteckler2 @Irishbrat1966 @DawsonInga @EqualityCouple @cremer_mary @browndotflop @CLincoln65 @InPAINpatient @DrJulienArbor Yep I had a stimulator (not in my spine but leads over my stomach) for GI pain
152,KirkCruz,2019-06-18 19:17:07+00:00,2,Twitter for iPad,"@BouffantBlessed Thanks! Today was actually hours of intake appointments ahead of a trial spine stimulator implant surgery ahead of a (hopefully) permanent implant surgery.

I tell ya, becoming a cyborg is INVOLVED"
153,Seenbrighterda1,2019-06-17 03:46:41+00:00,0,Twitter for iPhone,"@abcnews MEDICATION DOES’NT CAUSE CHRONIC PAIN. Some of the messages from national pain approach on TV today is disgraceful. 10 yrs, 4 spine ops, spinal cord stimulator, back in hospital right now &amp; see this on tv. #chronicpain #wearehuman"
154,2nd_md,2019-06-10 15:03:56+00:00,2,HubSpot,"When Jenny first came to 2ndMD a year ago, she was seeking a second opinion on placement of a spinal cord stimulator. 

#secondopinion #doctors #surgery #backpain #spine #pain #conservative #options  #realstories #members #MondayMotivation
https://t.co/B6NMKfmx8W"
155,QurateBi,2019-06-07 17:15:38+00:00,0,Twitter Web Client,"Spine Bone Stimulator Market to attain rapid growth trends.
To know more: https://t.co/g9Ppyl0SLB

#spinebone #Healthcareforall #spine #marketreseach #quratebi https://t.co/Y7JE3r1J7P"
156,zwonderwomanzzz,2019-06-07 13:32:56+00:00,0,Facebook,"I'm having a thoracic spine MRI today. I don't know why I'm so nervous? It's a prerequisite to the spinal cord stimulator I'm having implanted in my back to help control my pain. 

I'm really scared to have the... https://t.co/aXmJw8yQG0"
157,JaneStanley64,2019-06-06 18:58:13+00:00,2,Twitter for iPhone,"@ThomasKlineMD Interstitial Cystitis, Fibro, Pelvic Floor Dysfunction, spinal stenosis, arthritis in my spine from damage from a fall, had non MRSA staph infection in my spine due to my body rejecting the stimulator. I was so desperate for pain control I had it replaced 4 times allergic to 1"
158,AardenElizabeth,2019-06-06 02:10:25+00:00,4,Twitter for iPhone,"@laurawritesit Good evening, chronic pain after 5 spine surgeries including a spinal cord stimulator, chronic depression, anxiety and endometriosis. That said, each day above ground is a gift!"
159,Jennife90117914,2019-06-05 05:32:23+00:00,3,Twitter for iPhone,"@Rosesdaughter61 @dogloverrn8 @JSG_54 @woutgorge @MrPetesonality @soofriends @KathyN115 @Talkeetna101 @WickedDesire2 @trinasmom49 @RogueWolf2001 @StopBadDocs @shelley_bean60 @LadyAg72 @Chronic_FLKeys @SpikeUnderFire @EmpressNorth @footballgirl35 @AMERICANTRUMP2 @TheSarge11 @StarvinLarry @BostonBubbalooo @keesaroo @Dsntslp @chorkygirl1 @SpicyPurritos @Anthony4242 @Elianok10 @YdogDoggy @NickCarlin6 @rubin_judi @KMBoling @HeatherLinda11 @CherylIsanogle @esteckler2 @Irishbrat1966 @DawsonInga @EqualityCouple @cremer_mary @browndotflop @CLincoln65 @InPAINpatient @DrJulienArbor @Angelsgal02 @LelenaPeacock @DeniseGeltman @lisabe65 @jmkillingnyc @RollinsLynda R u thinking about the spinal cord stimulator? From what I understand, a  pp has a catheter in the lower spine that connects to an implant in the abdomen that holds the meds. It knows when u need a refill &amp; u can also give yourself xtra for breakthrough pain."
160,nutcase101,2019-06-03 14:56:23+00:00,0,TweetDeck,"This piece by @iamjohnoliver is why I'm hesitant to get a spine stimulator implanted into my body. A power generator with leads attached to my spinal cord that could lead to burns, nerve damage or a device exploding in body, no thanks."
161,MaccaPolitical,2019-05-29 12:15:14+00:00,2,Twitter Web Client,Nerve condition in foot 'liberated' by an electrical stimulator in spine https://t.co/mWnSwHOiz4 @PainSpecialistN #Pain
162,DailyMailUK,2019-05-29 10:42:02+00:00,12,SocialFlow,Student who spent 10 years in agony because of nerve condition feels 'liberated' by electrical stimulator in her spine https://t.co/RDfNsIIQoO
163,Onearthawake,2019-05-26 15:44:00+00:00,0,Instagram,"Twist the waist and spine, bend knees, cross step alternating the feet, and turn the legs, arms rounded, palms open and fingers attentive. This exercises is a big muscle, tendon, joint, and nervous system stimulator.… https://t.co/UwNSr2XVco"
164,fiercelyhonest,2019-05-25 02:14:55+00:00,1,Twitter for iPad,"@ValeryGirl67 He’s on disability, and the last year has been hell, but now he’s talking about things he wants to do. He’s 31. He’s got hope again. It’s good to see. How about you? I didn’t know you had a spine stimulator."
165,HHeathenCasey,2019-05-23 22:38:45+00:00,8,Twitter for iPhone,"So... The next step in the spinal cord stimulator is to get an MRI of the thoracic spine... I’m fucking TERRIFIED of MRIs... So they’re going to try Valium, I really hope it works, wanna get this over with quickly!!! It’s set up for the 29th... https://t.co/4QviV4TWqS"
166,outdoorsygal35,2019-05-22 01:57:54+00:00,1,Twitter for Android,"@LivePDSpoonies Debilitating migraines,brain surgery survivor. Neck surgery. Chiari Malformation, Neurological/nerve issues. Stenosis,spine issues such as tethered cord,Chronic interstitial cystitis. Need a 2nd brain surgery. Waiting 2 get a spinal cord stimulator once some other things are done"
167,WellingtonOrth1,2019-05-21 23:30:14+00:00,0,Hootsuite Inc.,"Dr Singla's patient shares her experience of the Spine Stimulator and the effect it's had on relieving her from pain! 

Watch here: https://t.co/jLhVeVMqYp"
168,rae_chuck,2019-05-21 02:15:53+00:00,0,Twitter for iPhone,"@1PadreWil @Annette625O @SpeakerPelosi @senatemajldr Here Docs can give u 60 days 7.5 hydro.
I hadspinal cord  stimulator for 3 yrs made em take it out .
Multiple cervical n low spine surgeries.  Now needing c4 to 7 n got 2 spurs n spinal space.
Blood clots got me now ."
169,justcharbar,2019-05-19 18:17:19+00:00,0,Twitter for Android,@MartyMacsWorld @NumbersMuncher Good! Getting a pain stimulator installed in my spine soon. 😳💪
170,Chop2103,2019-05-17 02:05:52+00:00,1,Twitter for Android,I had surgery today.. They took out my spine stimulator and shaved my L4 L5 disc.... I been home since 3:45pm... Nowadays that's one day surgery.. #GodIsGood🙏🏻 #BlessedUp✔
171,PhilipsHealth,2019-05-15 08:31:27+00:00,18,Sprinklr,How to confidently scan a patient with surgical metal in the lumbar spine and a brain stimulator? Check out this case on the #MRBodyMap. #TheNextMRWave. Read more:  https://t.co/acUyCajnlh https://t.co/vofnKlDVUr
172,melanchomical,2019-05-14 05:27:25+00:00,6,Twitter for iPhone,"@LelHulagirl101 @suzanne_cass @dazdesb @9Circles_ofHell @BA_Hore91 @MorpheusBeing @MacdonellFiona @1966_lee @brushhandsigns @MatthewRidgew13 @TheFatSplatCat @Latte_Bogan @LadyPoop2 @MarkPlackett1 @JoanBloggs @LisaD787 @alocinotasor @3wombats @OddemocracyA @WgarNews @BellaFlokarti @BelindaJones68 @Triplejay58 @earthma23 @LoveNotGreed @elliemail @KateEmerson88 @elle_franks @WeiPeng_Pton They charged me loads for painful spine injections tens machines, etc. They wanted me to pay $70,000 out of my compensation money for an internal nerve stimulator. 

I said fuck no."
173,JGillespie67,2019-05-12 15:13:45+00:00,1,Twitter for iPhone,"@EqualityCouple @GhostinGeek @geo_sheree @FeelinFroggi @buzz_kratom @Rosesdaughter61 @HeatherLinda11 @JustWinks @pyrochica @JoeAllenNewman @AgnosticEmpath @morse_tami @AuntTritsy @CContrarus @EmpressNorth @germaine7676 @sandosays @HaveYouFoundOu1 @Elianok10 @JamesHa98192447 @SaraStapleton61 @Dsntslp @Kkittten @ImSTILLwithHer @skinandsilly @rlamartini @DrNickels @NickCarlin6 @chattyknana @LadyAg72 @karen_444 @BonnieZ36975344 @stillhopes4best @_SpitfireRose_ @PithyPins @Angelsgal02 @mass_confuzion @jmkillingnyc @OleMimi1 @Talkeetna101 @SpicyPurritos @AlexandCohen @kellydmiller6 @Wanita1 @howardbeale1985 @heidionyc @Brenda82964799 @ZacharyJensen78 @CRPSANGEL @JSG_54 Oh God,forget the spinal stimulator. Google about Medtronic, patient death,fda warnings.They r very problematic. Do your research before u permanently implant anything in your spine. Then wonder what maybe having it removed looks like. Dr leaves, issues after hours. Be careful❤️"
174,Jennife90117914,2019-05-12 12:19:55+00:00,2,Twitter for iPhone,"@Deeenst @JoeAllenNewman @ravensspirit68 @arandamdphd Plus b/c I have Chiari &amp; syringomyelia, I can’t have a spinal stimulator, thank god. Same with epidural injections. Apparently still eligible 4 the pain pump. It doesn’t sound as bad tho’. The computer delivers pain meds into ur spine all day. &amp; if u breakthrough there’s a bolus"
175,MrsMamaKitty,2019-05-04 15:27:18+00:00,0,Twitter for Android,"@ManMadeMoon I just had my 3rd back surgery. I  had 2 neck surgeries prev. This time instead of hardware they put a stimulator on my spine.
I don't move much because of the surgeries or pain. It will be awesome when the Star Trek Tech works &amp; we don't have to deal with all this mess!"
176,Tudorican,2019-05-03 15:21:12+00:00,0,Twitter for iPhone,"@NYCASR @nyacc @StopSlaughtrACC I think they did it. I have a spinal cord stimulator attach to my spine. For pain. This why I advocate for animals. ALL animals. I cannot tolerate seeing anyone nor anything in pain. Had my 18th surgery in Dec2019. I do everything, and anything for animals."
177,BrandonDrumm247,2019-05-03 14:28:06+00:00,0,Twitter for iPhone,"@Ryno5003 Have lasted as long as a year and a half. Last one was 6 months. Days after spine stimulator surgery I was better, but it doesn’t keep it away 100%. Just puts it in remission."
178,JeramieNeisler,2019-05-01 13:46:22+00:00,2,Facebook,Asking that you keep my sister Jennifer Neisler-Houck in your prayers as she is having a spine stimulator put in at Cleveland Hospital this morning. Pray that the surgery goes well and that this will help with the pain she has been having.
179,wippernm,2019-05-01 05:03:29+00:00,0,Twitter Web Client,I am a chronic pain sufferer sentenced to a life in pain due to being criminalized because of a near death spine infection.  I am now is such pain that I had a Spine Stimulator placed to handle part of the pain.  I have no quality of life due to removing the only medications.
180,FNeirami,2019-04-29 13:19:35+00:00,1,Twitter Web Client,"Spinal Cord Stimluator Implant

Spinal cord stimulation (also called SCS) uses electrical impulses to relieve chronic pain of the back, arms and legs

Watch our video here:
https://t.co/wgY83YKXaJ

#spine #stimulator #spinalcord #implant #pain #backpain #painmanagement https://t.co/AYB8XXzNDK"
181,buzz4343,2019-04-29 10:27:46+00:00,4,Twitter for Android,"@paulharrisjp @Anthony23Bryant @mentalmal1 @guidoacasa @J_d_whiting @michaelblackcab @londontaxidrive @endthemoaning @AndyCabby10 @stephenhdg @LTDAForum @taximanant @jockneycab @TM1654 @davebenidorm166 @unluckycab @The_LCDC @deanyb71 @UnitedCabbies @dargvader1 @HotwaxAngie @lennythepen @UTAG17 @TootlestheTaxi @GarycabD @jamietaxi @JasonClauson @BillcabbyCutts @billybondswhu @InThePinkTaxi @FrankBullitt39 @EdwardW54427645 They forget to tell you about the magmatism causing pacemakers to go erratic and people like myself who have a spine canal stimulator, can't go thru security arches at airport so certainly can't drive/be driven in one. I have asked, but, no replies."
182,eddie_adamson,2019-04-25 20:52:57+00:00,0,Facebook,MRI done. Referring to another doctor to inject stuff in my spine then go to the neuro stimulator. So no relief anytime soon.
183,AmyLVL,2019-04-25 20:24:59+00:00,2,Twitter for Android,@awfultruth01 Mom had a Medtronic spine stimulator implant. The Medtronic sales rep was in the procedure w/dr. &amp; programmed the device after implant. He wore scrubs. Maybe Jason does something similar.
184,airforcepam,2019-04-23 11:11:42+00:00,0,Twitter for Android,"@SenGillibrand 
Have you spoken with enough of us living with Chronic pain tbat will never go away
I have had 5 cervical spine surgeries the last two 4 a spinal stimulator which helps but there is still pain
&amp; I cant take NDAIDs"
185,MastaOfMp3s,2019-04-22 12:49:42+00:00,0,Twitter Web App,@RBehof My spine grew back thicker and there is no space to even get a spinal stimulator in. I have a mri for my lower back Sunday to see if I can get a diagnosis what keeps spraining my lower back repeatedly.
186,Slytherincesss,2019-04-20 01:24:01+00:00,0,Twitter Web Client,"... $1000 a pop. I've considered having an electrical stimulator implanted in my spine. I'm getting a nerve study done. I rub Voltaren gel and lidocaine ointment into my right foot, and I slap lidocaine patches here and there on my body, depending where it hurts. ..."
187,EqualityCouple,2019-04-19 01:51:58+00:00,5,Twitter for Android,"@Tami_KCD @Wade6Jenn @ravensspirit68 @Enough212 The Neurosurgeon was talking about a spinal stimulator for my husband. I just kind of grunted &amp; rolled my eyes. ""Um, we won't be doing any implants thank you""  The Drs are beginning to learn I know my shit, esp when it comes to the spine. I was taught by a great Neurosurgeon 😎"
188,the_drool,2019-04-18 15:16:02+00:00,2,Twitter for Android,"@TVAmy Be careful with the spine stimulator.  I had one.  Then I had to get it removed.  Not only did it not work but due to the placement of the battery made me worse.  The war on opiate meds has left me in the cross hairs, yet I have never dine anything wrong."
189,TJamil313,2019-04-16 12:55:00+00:00,0,Twitter for Android,"@czabe Lol, I think we (spine specialists) have a better appreciation of the odds @TigerWoods has overcome to play and win at an elite level. Two years ago I thought he was destined to get a spinal cord stimulator for pain. Never would have dreamed that he would earn a green jacket"
190,AnonTxBear,2019-04-12 23:37:52+00:00,3,Twitter for iPhone,"Had xrays done on my back &amp; asked the tech if I could see them. There was a long, bright white line from spine across my right side. It appeared to be a wire from my nerve stimulator. They won’t give me results over the phone &amp; have to wait until next week. 😒"
191,HHSRegion6,2019-04-12 18:11:59+00:00,2,Twitter Web App,"@HHSRegion6 Dir Fred Schuster met with Spine Team Texas orthopedic surgeons Leonard Kibuule &amp; Anthony Berg, CEO Mark Hood &amp; Dir of Mktg Theresa Allen. Thanks for sharing your alternative pain management /#opioid opioid spinal cord stimulator procedure https://t.co/maRy2KO663"
192,deetle_beetle,2019-04-11 20:29:38+00:00,0,Tweetbot for iΟS,"So pain clinic is considering Spinal Cord Stimulator which is basically a spine pacemaker. It’s “only” a $54,000 procedure. Let me write that check."
193,Rhondafonda1981,2019-04-10 04:06:27+00:00,3,Twitter for iPhone,@LynnZapata8 @mistercjones39 @LSUDan6 @gregorynathan34 @bc_sportsfan @Nucgirl75 @NolaSaintsLove9 @Nursekellogg13 Have you had one before?!? I have no idea what to expect! I’ve had three back surgeries and a pain stimulator put in but I was knocked out for those. They said it will take 1.5 hours and I’ll be sedated in surgery but awake I think and needles into my spine to shoot the dye.🤷‍♀️
194,ChelleSDsRule,2019-04-08 21:33:38+00:00,0,Twitter for Android,Dr today asked about #spine stimulator/#pain pump 4 me. Prefer not to do when I know there's got to be other options! Test &amp; treat 4 condition &amp; symptoms/impact.  #painmanagement #Spoonies #chronicpain #OpioidEpidemic effects #individualizedtreatment &amp; #healthcare
195,TheFuglyFrog,2019-04-07 22:28:58+00:00,1,Twitter for Android,"@KamalaHarris Enuf w any lobists paying pols to run thier agenda. Worst is the fake opioid fiasco. Blame rx for 50yrs of herion,so corporations can invent lame halfassed pain treatments. Heres a nice spinal stimulator implant for your cancer pain. Needless dangerous surgery.dont f w the spine"
196,GuntherSmash,2019-03-31 16:40:35+00:00,0,Twitter for Android,@TeamLouie @DDPYoga The next surgery is an internal electric stimulator implant to block the pain of a spine that's completely jacked up. I've started to gain a little bit of weight back and have seen first hand from @TeamLouie what @DDPYoga can do. #excitedtojoin
197,Ugh_What_Now,2019-03-31 13:19:46+00:00,0,Twitter for Android,@heatherhunny69 @heyyguido @mindy_marx @ChicagoHunny @WarriorZoltar @QuietOne518 @AuntCalls @weirdo_kevin @KerriBlanchar15 @TheRealHolli @LindaTherrien3 @THEBeachBrat @PhoenixArielle @Rosary_Beadz @BethMcKenna53 @Joanna_Resists @RiaZach77 Yuck. I've had two injections in my lower spine and three surgeries. One of which was to install a spinal cord stimulator. Having problems with charging so I go to the doc next week to see if I need another surgery to move the battery pack that's in my back.
198,Commander_Kzin,2019-03-29 15:55:17+00:00,0,Twitter Web Client,"@orphaned_annie Alien technology, to genetically alter your spine back to 'normal', a spinal cord stimulator implant, so you could orgasm at the touch of a button, and recreational edibles to enjoy the shit out of both."
199,kevinbalentine,2019-03-28 14:41:06+00:00,1,Twitter Web Client,"@jayadan It's already here, I know a girl who has a spinal cord stimulator permanently embedded in her spine to relieve most of her chronic pain. She's a cyborg! Turn that up to 11 and you've got a cyber samurai who feels no pain."
200,emscrazylife,2019-03-28 11:24:29+00:00,1,Instagram,After three years I’ve decided to give the spinal cord stimulator trial a go... before I do I need to have new a spine mri and ct reviewed by a neurosurgeon to sign off that I’m all clear… https://t.co/gy0ScJCges
201,MedGasPod,2019-03-26 00:50:46+00:00,2,Twitter for iPhone,@alisonjeske Also cohost @NerdzillaKelly is a Spoonie and received her spine cord stimulator implant in December 😃
202,RitaBarkley,2019-03-25 00:02:26+00:00,1,Twitter for iPhone,@WhenIs2001 Well good luck!  Is this like a spine stimulator on top of the surgery for pain?
203,Redcastle_Serv,2019-03-24 22:18:54+00:00,0,Twitter Web Client,"Check out our client, Pain Management &amp; Spine Care new page about Spinal Cord Stimulator Spring Hill

https://t.co/5D8xrf0RYd"
204,icesailor2,2019-03-24 21:02:25+00:00,2,Twitter Web App,"@lymepolicywonk @LymeBook I don't know, but my wife is going to get a spine stimulator for her back pain. She probably has had LD for years. But her ""Shrink"" doctor said to me that he thinks the majority of his pain patients have LD. This is in Florida where LD doesn't exist.  &lt;SNARK&gt;"
205,GrammaTrex,2019-03-22 16:32:54+00:00,0,Twitter for iPhone,"@cindyr41s @BigM85149150 @CogburnHowie @TeamPelosi If you could afford to pay your doctors in full , Cash money, then your back issues could not be that severe. Because there’s no way I could’ve paid cash for the spinal cord stimulator implanted in my lumbar spine, implant revision, extraction and reimplantation"
206,icesailor2,2019-03-21 16:51:59+00:00,0,Twitter Web App,"@liv_lyme FWIW, my wife is going to get a spine stimulator. Part of the process is a Psych Evaluation. The MD Neurologist she went to yesterday said that he felt that most of the pain that his patients suffered from was from LD. That's progress finally."
207,Rhondafonda1981,2019-03-14 21:50:22+00:00,7,Twitter for iPhone,"Just wanted to let y’all know what we figured out today...If I didn’t have bad luck, I’d have NO LUCK! 🙄🤦‍♀️🤷‍♀️ Apparently when I was in so much pain in the ER it was because my pain stimulator wires in my spine backed out and moved out of place for some reason...."
208,NoaMaxwell_,2019-03-14 17:21:42+00:00,0,Twitter Web Client,"""we can put a spine stimulator in!"" except surgery is how his spine got fucked up to begin with and also everyone we talk to that has one is in WORSE PAIN now than before. Stop."
209,Cmedrive55,2019-03-14 01:33:48+00:00,0,Twitter for iPhone,@AskTSA I have a spinal cord nerve stimulator that was surgically implanted in my spine to control pain. It has a remote control that I carry with me. I use it to adjust the stimulator programs. Can I leave it on during the flight and carry it in my carry on bag?
210,Chief1Pat,2019-03-14 00:39:51+00:00,3,Twitter for Android,"@AjayManhapra @LelenaPeacock My friends spinal stimulator broke after 2 years. Doctor that put it in refused to remove it because friend did not want an ""upgrade"" now they cannot get a clear picture of what is left of his spine"
211,eggasalad,2019-03-13 18:19:14+00:00,0,Twitter for iPhone,"The drawback is neurosurgery is forever where a stimulator has to be replaced every 2 to 10 years w/ possible maintenance. But, most of the spine can only be operated on if there’s risk of paralysis, so using a stimalotor to achieve the same results seems like a boon."
212,2018_michelle,2019-03-09 00:23:32+00:00,2,Twitter Web Client,"@ThomasKlineMD Dr Kline, I have a question on the arachnoiditis and Adhesive Arachnoiditis. In your professional opinion. Is inplanting a Spinal Cord Stimulator into the spine a good or bad treatment option for AA patients? I have been told never to get one yet doctors in USA seem to be pushing"
213,merlinslaugh,2019-03-05 20:07:43+00:00,1,Twitter for iPad,"@TacticalGrace_ A few years back we attempted to treat the pain in my right arm and hand with a spinal chord stimulator. I have a box on my rib cage and wires that run hip my spine and into the brachial plexus (the junction box of nerves at the base of your neck). It didn’t work, the box was"
214,lled6720,2019-03-03 14:12:51+00:00,2,Twitter for iPhone,"@Fahrenthold @ramadeyrao @realDonaldTrump He will file bankruptcy. You’ll see! I have a 9” scar along my spine. Two 6” rods, 3 titanium cages that replaced discs, 6 screws and a spinal cord stimulator in my back. All thanks to a visit to a Trump property. Management agreed they were at fault. He filed bankruptcy. Any ?’s"
215,News_8,2019-02-28 23:45:00+00:00,2,SocialNewsDesk,"Katie Kuhaneck was tired of living in constant pain and relying on opioids to subside it. Her doctor suggested a spine stimulator- which blocks the pain signals from going into the spinal cord to the brain.

The results amazed her https://t.co/KrWKZUWeJp"
216,SierraB101,2019-02-25 04:17:48+00:00,12,Twitter for Android,@JaredSHopkins @andrewkolodny @60Minutes I personally know they work. I have tried every other treatment possible. Surgery which left me worse off. A dorsal column spinal cord stimulator implanted caused a syrinx in spine. Hundreds of injections.  Opiod therapy was a last resort and it has worked for 12 years.
217,ecgrhythms,2019-02-22 14:48:30+00:00,0,Twitter Web Client,"#neurodevice&amp;ecg
#tweetseries
1-DBS &amp; parkinsons
2-spine stimulator &amp; ecg #artifact
3-VNS causing brady

#FOAMed #meded #FOAMems ##cardiotweeter https://t.co/McrTqBLQZW"
218,airforcepam,2019-02-19 16:46:15+00:00,0,Twitter for Android,"I dont know why anyone wouldnt give it a try 
If it worked then you would have another tool to help relieve pain 
If it didnt work then at least you tried 
The Permanent Spinal  Stimulator is implanted in your spine there are no wires hanging on the outside"
219,airforcepam,2019-02-18 23:21:53+00:00,1,Twitter for Android,@djsjrb @RobertDRoseJr1 @DrPhilRoe @LizMacDonaldFOX I live in CA &amp; so far have not experienced what you describe My injury is in cervical spine C3/4 to C6/7 I now have a Spinal Stimulator &amp; WOW in a few months cut back opiod use 80% Doesnt work 4 everyone but I am sure glad I tried it Still have Pain but not as bad as before Stim
220,LifeWithPainOrg,2019-02-18 03:26:38+00:00,0,Twitter for iPhone,"@BoldlyTweeting I know the feeling of having entire back pain. Sleeping is rough with me and my stimulator implant for my back only goes midway up my back. My cervical spine and shoulder blades kill me! My doctor has me use ‘Diclofinac’ cream, that seems to work. Also, I sometime use lidocaine."
221,madamjaynie,2019-02-16 10:00:28+00:00,1,Twitter for iPhone,@ThomasKlineMD 30 epidurals since an obese patient fell off a gurney and fractured my spine in 2000. Not tied to meds though. A stimulator trial that the doc put in wrong that gave me menengitis that almost killed me... Spinal fluid leaking out on my clothes for over a week. Smh.
222,JaimeSmith82,2019-02-13 23:07:14+00:00,0,Twitter for iPhone,Spine stimulator working great. Now let’s take the 14 lbs of tape off and put the permanent in! #soitchy #tapedtoheaven #icanfeelmytoes
223,Shoppingdealer1,2019-02-13 01:58:09+00:00,2,Jetpack.com,Weight Loss Belly Slimming Patch Spine Massage Leg Beautifying Patch Stimulator Abdominal Muscle Toner Arm Leg Waist Fitness https://t.co/JaQkIs8fTh https://t.co/pyji5Xsjlc
224,davis469,2019-02-07 01:13:58+00:00,1,Twitter for iPhone,"@barrettmarlyne I had a Spinal Cord Stimulator (defibrillator for your spine) implanted today. They started a antibiotic b4 the procedure. In under 2min I started having an allergic reaction. Never felt anything like that. Had great care, but wish 1 of you were there!"
225,PearsonAssessUS,2019-02-06 19:18:01+00:00,1,Sprinklr,"Learn how to expand your practice with our NEW reports for spine surgery and spinal cord stimulator procedures with this upcoming webinar on Feb 13 at 1 pm
https://t.co/ptOHO1UZTk https://t.co/c7sEhs1J4p"
226,LeonardHougham,2019-02-06 14:12:01+00:00,0,Twitter for Android,"Options first! Even if I tried back stimulator, he said It won't help my face or sever bladder spasms.  It's a drastic invasion of my body again putting long leads along my spine! Hell I have catheter out front. When a pill helps, why change it? More chances for infections!"
227,KisaraCats,2019-02-06 00:16:57+00:00,1,Twitter for Android,"This is my new ""bionic"" neck - about 7 weeks post cervical spine surgery. Seeing my x-ray, I feel It is impressive what can be done! Per my check up today, I'm supposed to wear neck brace 2 more weeks. Eh, . not a fan of that part. Got 2put on my bone stimulator unit now. 🙂 https://t.co/sDNQ6AmZNf"
228,WhysKnots,2019-02-02 01:30:34+00:00,1,Twitter for Android,"@ksable18 Unfortunately, a lot of folks have multi focal spine diseases that a spinal stimulator does not work on, I am sorry to say. You have no idea how sorry I am to say it. It will work for about 50-60% of the population though. I hope you are in the 50-60%. Good luck😊"
229,travlin365,2019-01-28 17:50:09+00:00,0,Instagram,"Here we go, time to get stimulator put in on my spine. Good luck me. https://t.co/jEWd9QPKPB"
230,eye4msu,2019-01-27 00:04:21+00:00,5,Twitter for Android,"@ThomasKlineMD oh,and this is including a decade's worth of records from THEIR neurosurgeons,orthopedic surgeons, and neurologists that there were NO other options.they wouldnt even puta spine stimulator in me. 🤣  the va is hot garbage right now"
231,LilyCrue,2019-01-25 03:11:21+00:00,3,Twitter for Android,"@AmandaSiebe @Kkittten @Elianok10 @rlamartini @JosephFalzone3 @SpicyPurritos @HaveYouFoundOu1 @jmkillingnyc @karen_444 @BonnieZ36975344 @PithyPins @stillhopes4best @JGillespie67 @Wanita1 @HeatherLinda11 @howardbeale1985 @heidionyc @Rosesdaughter61 @Brenda82964799 @chattyknana @DrNickels @ZacharyJensen78 @kellydmiller6 @CRPSANGEL @Talkeetna101 @mass_confuzion @LadyAg72 @JSG_54 @Kevinmfilms @AuntTritsy @soofriends @MoogieMonsters @Rachjr1 @morse_tami @RobertDRoseJr1 @LindaSh84619011 @VeryFineWhine @AlexandCohen @HeatherReeve5 @EqualityCouple @PenelopeZahn @raaamises @pinecenega @usaf_ave @earth_to_jen @JoeAllenNewman @shelley_bean60 @Terri27903773 @JSizemore63 @CarePractice I have CRPS in both legs, feet. I haven't gotten a spinal cord stimulator because I have scoliosis and Harrington rod fusion. I am at high risk of paralysis from it due to the deformities in my spine."
232,Viewattitudes,2019-01-23 17:45:02+00:00,0,Buffer,(2) Spine Stimulator for Pain https://t.co/PnY26SBo5e
233,erica0569,2019-01-21 12:41:06+00:00,0,Twitter for Android,@realDonaldTrump cont. I had to have a nerve stimulator put in my spine because the right side of me was paralyzed.  Well i've been working since and I didn't want to be on the disabled list.  But now I am.  I transferred to our biggest Toyota dealership here in Texas. Cont
234,Janiceagustin2,2019-01-18 15:50:41+00:00,0,Instagram,"OMW to get labs done before I have the trial spine stimulator put in. It's one cold n foggy morning. Drivers be careful
#selfcare #backinjury #healthcare #bulgingdisc #pinchednerve… https://t.co/UIAK1hcsGa"
235,Hanico517,2019-01-18 02:05:41+00:00,0,Twitter for iPhone,"@wtrucker59 @essenviews I’m a big Netflix fan also. Hulu also. Take it slow at the gym. I haven’t been to the gym in so long. I’ve had two major spinal surgeries, and both failed. Tomorrow, I’m going for surgery to have an electrical spine stimulator inserted.  I really hope this helps. 10+ pain"
236,ClaireCoppeto,2019-01-16 13:49:48+00:00,2,Twitter for Android,"🔊The irony! I say I have #CaudaEquinaSyndrome you say U don't know what that is, BUT a spinal cord stimulator will work for that! 🕪Dear Dr,  you're an idiot! Cold day in hell I allow you in my spine again, unless it's another medical emergency! Be a Dr and treat me!"
237,Angela_fit45,2019-01-14 12:47:37+00:00,0,Instagram,So I’ve not had a good trial experience with my spine stimulator as you know from the pics of my allergic reaction I posted the other day. I just knew something… https://t.co/2o5JZRsteX
238,Angela_fit45,2019-01-14 12:45:40+00:00,0,Instagram,So I’ve not had a good trial experience with my spine stimulator as you know from the pics of my allergic reaction I posted the other day. I just knew something… https://t.co/WQKVWYsihI
239,ClickPressHQ,2019-01-12 18:41:32+00:00,0,dlvr.it,"Global Bone Growth Stimulator Market Investigation &amp; Development Forecast During 2017 to 2022: Bone growth stimulators facilitate multi-level fusions in bones with high efficiency, playing a pivotal role in spine fusion aftercare of patients. Medical… https://t.co/Su5FOLaAcW"
240,ShannonDingle,2019-01-05 23:47:48+00:00,11,Twitter for iPhone,"Self care includes charging myself when I feel sparkly sensations from the electrodes in my spine. That means the battery-operated intermittent pulse generator in my hip is almost drained.

This is spinal cord stimulator life. ⚡️"
241,Bar0n3ss,2019-01-04 01:11:47+00:00,2,Twitter for Android,I'm going in for a spinal stimulator where they place leads into my spine to 'disrupt' the pain signal. Now it isn't a cure but hopefully it will greatly reduce the pain.
