,0,1,2,3,4
0,CuronixCompany,2020-12-30 20:58:00+00:00,1,LaterMedia,Are you ready for less pain &amp; more living? Stimwave’s Freedom SCS (Spinal Cord Stimulator) System is used to treat chronic intractable pain typically associated with your back and legs by stimulating nerves along your spine. Visit https://t.co/hdYJ51qXVE to learn more. https://t.co/Ds8KnG8ywA
1,TeddiThompsonS1,2020-12-29 00:59:11+00:00,1,Twitter for iPad,@Mermaidnchains @LV_doeshair I have screws and fusion in lumbar spine. The stimulator is a god send!  It works great when I need it. I hope it all works out well for you!
2,judekay17,2020-12-28 22:53:35+00:00,3,Twitter for iPhone,@wendycardenb Yeah it’s pretty much an epidural with an external spinal cord stimulator to see if I get relief. My pain isn’t in my back it’s CRPS and primarily on my left side of my upper body. It would go in my spine though if the trial works for me.
3,BuddhaFrog08,2020-12-20 18:57:54+00:00,5,Twitter for Android,"@life_is_art___ @macabaz Right? I have a 4level cage in my lower spine and osteoarthritis in both hips. I've had 4 major spinal surgeries, a hip surgery, countless PT, steroid shots, 2 failed stimulator trials and I STILL have to go thru hoops every month for my refill of just Norco! I'm only 44."
4,MediBid,2020-12-17 21:34:37+00:00,0,Medibid,A provider just bid $8000 for #Spine #Spinal-Cord-Stimulator-Placement-permanent-leads-and-battery on #MediBid #DPC #freemarket #medicalcare
5,lloyd_frombriz,2020-12-17 06:49:23+00:00,1,Twitter for Android,"@1tsS4r @AlanLevinovitz @KevinH_PhD If my spine specialist is inconsistent in saying that the new Boston scientific stimulator is better than the 7 year old version from a competitor when 7 years ago he implanted that competitors device I would regarded it an upgrade rather than an inconsistency. Behold, Science..."
6,Failtasmagoria,2020-12-15 16:45:31+00:00,0,Twitter Web App,"@RESPAWNProducts I have bulging discs, occulta scoliosis, spinal stenosis, and generalized arthritis all in the lumbar section of my spine...
Recently got a spinal stimulator implant just in time to become a cyborg before playing Cyberpunk 2020... :)"
7,GRGirl8,2020-12-13 20:24:14+00:00,0,Twitter for Android,"@Eiggam5955 I've had a burning pain in my thoracic spine for four and a half years. No Dr has been able to help. Physical therapy, exercise,  rest, neuro spinal stimulator, nothing helps. So I totally agree it sucks the life out of you."
8,FORevertexas,2020-12-13 03:23:26+00:00,1,Twitter for Android,@10esseeBred @ScottNolan11 @LynnNickey Not going to lie. I left my spine  Stimulator charger in San Antonio.  This morning my charger went out. So I have been in pain since the morning
9,doxielover60,2020-12-11 01:59:50+00:00,0,Twitter for iPhone,@DevilDog8541 Did you have a nerve stimulator placed in your spine ? Is that the surgery you had ?
10,ShannonDingle,2020-12-09 20:55:07+00:00,139,Twitter for iPhone,"My spinal cord stimulator has been a failure.

I’m going to need spine surgery and abdominal surgery to remove it.

As you can tell, I’m super happy about this. https://t.co/Hx4LgoD5jG"
11,BackupZeus,2020-12-08 23:23:21+00:00,1,Twitter Web App,"@LGiles1017 How else to thru to these people? - I have tried EVERYTHING non-opioid for pain. I have jumped thru every hoop but opioids work for me. I have done the PT, diet, yoga, breathing various ways, mental aerobics, &amp; even let them dig in my spine for a stimulator. WTF more do I need?"
12,izziesbusy,2020-12-07 21:20:46+00:00,0,Twitter for iPhone,"Is it sad that I almost don’t know at this point🤡 I think the worst was after a stimulator placement went very wrong, felt like I was being burnt alive. 2nd being spinal fusion surgery! 3rd: flare ups due to my spine collapsing &amp; spinal cysts causing sciatica!"
13,Erin_Hand_6_11,2020-12-07 00:15:06+00:00,0,Twitter for iPhone,"@Cynthia37353987 9 surgeries, a LOTTA titanium rods, screws &amp; other crap, a fused couple of lumbar spine parts, &amp; a (honestly kinda cool) spinal cord stimulator system make for an interesting back situation... but, I am still able to walk and move (no matter how it hurts) so I’m thankful for that"
14,dysplasia_hip,2020-12-02 19:21:06+00:00,0,Twitter Web App,"@sickandsalty I had a spine surgeon offer to implant a spinal stimulator, after admitting he saw nothing wrong with my spine and had no idea where the pain was coming from."
15,GrotheJd,2020-11-27 01:54:38+00:00,0,Twitter for iPhone,"Fortunately, there may be a little light at the end of this dark tunnel I have been going through. On November 30th, I an having a spine stimulator permanently installed. I did a 7 day trial in October that seemed to help, so they approved the permanent one."
16,tariqtramboo,2020-11-25 11:34:55+00:00,20,Twitter for iPhone,Spinal pacemaker for chronic #BackPain and #legpain is the most advanced procedure where #spinal stimulator leads can be permanently placed under local anesthesia. It converts Painful signals into pleasant sensations. Indication: failed spine surgery or surgery not indicated. https://t.co/oTH8StfN1r
17,daddygooner83,2020-11-16 16:29:22+00:00,3,Twitter for Android,This is a months worth of tablets I take for nerve pain after my spine operation went wrong. The only thing that will get me off them is a Spinal Cord Stimulator but they are around £25k which is an impossible about to raise even if I started a go fund me page.😭 #nervepain #hell https://t.co/dW6bK97RET
18,johnnyt54,2020-11-15 04:45:57+00:00,1,Twitter Web App,"@ImmoralishMe All kinds of degenerative spinal problems since my 30""s. At 66 I just had a neural stimulator implanted in my spine."
19,OvertheMoon4you,2020-11-11 01:40:07+00:00,2,Twitter for Android,"@Bellmore I just had a spine stimulator put in. It works very well. 
I had c spine fusions. My issue is genetic for the most part."
20,STL_Pain,2020-10-28 15:56:32+00:00,3,Twitter for iPhone,"Today we’re operating out of MidAmerica Spine Center implanting a Spinal Cord Stimulator, Tibia Stimulator, and Vertaflex"
21,daddygooner83,2020-10-25 18:00:33+00:00,0,Twitter for Android,@zee_tp @Arsenal @SkySportsPL @FBSkill @BRGoals Really wow thats nuts. What country are u from? Unfortunately I wont recover. I have a spinal cord Injury from a spine operation that went wrong. Im waiting for another operation to have a spinal cord stimulator put in to block out the pain signals.
22,chertex,2020-10-22 16:59:40+00:00,0,Twitter Web App,"@Nicki_Silvers He explained it better to me, at least. But now insurance refuses the stimulator in spine so ball is back in his court now. He has to do it or else. My hubby is having health issues and kidney levels lower than we liked. So that's why he can't take another surgery with me. Nurse"
23,OvertheMoon4you,2020-10-22 14:00:21+00:00,2,Twitter for Android,"@nurseratchel1 I just got my spine stimulator turned on yesterday.  I totally recommend this devise. 
I have had 3 fusions as well and they saved my life.
I had lost hope. I despaired of life. 
I keep finding my way back. Its so very hard. Im always here to supoort you."
24,fimostyle,2020-10-21 00:33:58+00:00,3,Twitter for iPhone,"@KittyTigerlily1 @CMerandi @rlamartini I just remember he said that he would lower my medication dose down (DEA reasons) if I didn’t get the stimulator. The increased dose I’m on now is barely working. My lumbar spine is destroyed due to DDD, stenosis, facet joint, OA and a failed microdisectomy. Bone on bone 😰"
25,HelixBioPharma,2020-10-20 21:50:48+00:00,0,Twitter Web App,"Medtronic’s Intellis spinal cord stimulator shows back pain relief at one-year mark! About twice as many Intellis patients saw more than an 80% reduction in their pain scores! $MDT #medicaldevice #spine
https://t.co/E0fO24KD2R"
26,chevalnuit68,2020-10-16 20:43:26+00:00,0,Twitter for Android,"@mbauerherzog Ouch.😪
In my case,  the stimulator was placed a millimeter too far over and it was resting on the nerves abutting the spine. Not much I could do,  either."
27,LuisRC44,2020-10-14 04:14:55+00:00,0,Twitter Web App,@brithume @Germanchick1973 That's amazing.  Hopefully the remedy will last.  I have an electrical stimulator in my spine due to an accident my left brachial nerves are damaged.  During the original test the temporary stimulator masked a lot of the pain. But the implanted device hasn't been as successful...
28,AngieDistel,2020-10-12 21:36:42+00:00,4,Twitter Web App,"@Homeoffree61 HBP, COPD, covid long hauler, multiple spine problems and a spinal cord stimulator implant, anxiety and depression. Yep I’ve got just a few preexisting conditions."
29,StaceyKing88,2020-10-10 17:03:42+00:00,0,Twitter Web App,"Last week I asked my surgeon if the nerve stimulator I'm getting will make me a cyborg and if it'd let me do any cool party tricks. He was not amused. Apparently one does not make Inspector Gadget jokes about spinal surgery. 
But, I mean...I'd be cool with a helicopter spine"
30,LelandYachtClub,2020-10-07 20:45:30+00:00,11,Twitter for Android,"@heroinebook 2/2 So next Friday I will be having a spinal cord stimulator placed at the top of my spine. 

Thank you for tweeting out about it to bring awareness. Stay strong! 

#TrigeminalNeuralgia💚 https://t.co/kXSjcxAjG8"
31,SuplexCity55008,2020-10-06 17:16:09+00:00,1,Twitter Web App,"@ShadowoftheDune @Sabrina_McDa Neural Stimulator's don't go on your head,they go on your spine and if it was an implant you wouldn't be able to see it under the skin."
32,HC_Executive_,2020-10-06 16:15:07+00:00,0,Hootsuite Inc.,"Boston Scientific launches Spinal Cord Stimulator portfolio in Europe.

Full article- https://t.co/sAjtmKFp8n

#MedTech #MedicalDevice #Spine https://t.co/Hh52XXZoZz"
33,Karolina_CHS,2020-10-05 16:38:20+00:00,2,Twitter for iPhone,@ZimmerAuthor After four major back surgeries My dad had the spine stimulator put in at Trident. No more pain!
34,GuidedSolutions,2020-10-02 07:51:25+00:00,0,Twitter Web App,"Boston Scientific introduces spinal cord stimulator systems in Europe
https://t.co/2hCbqEKXVk
@bostonsci #spine #innovation #medicaldevices #Health"
35,BNightsCRPS,2020-09-30 14:01:32+00:00,2,Twitter for iPhone,"@SamsaraGX66 @LaPainCare1 The DRG is similar to a spinal cord Stimulator where electrodes are attached to an area in your spine which is linked to your CRPS affected area, leads are attached to a battery which is placed in your lower abdomen, buttocks or another area.."
36,CyndiPrincess1,2020-09-30 00:14:27+00:00,0,Twitter for iPhone,@stevano_b @StaceyBuzzActor I can’t cause I have a spinal cord stimulator implanted and wires attached to my spine for pain management. So can’t  do lithotripsy. There are no meds that dissolve them but if you could create one I’d appreciate it.
37,CyndiPrincess1,2020-09-29 23:29:06+00:00,1,Twitter for iPhone,@GhosthuntingCPI I have a spinal cord stimulator a box implanted and wires hook to my spine( for chronic nerve pain)  the lithotripsy will mess that up. I have a genetic kidney condition and my kidneys don’t filter like they should. The tubes in my kidneys are full of cysts
38,OvertheMoon4you,2020-09-28 23:50:49+00:00,3,Twitter for Android,"@Tami_KCD @eileendove910 @cynthiabydesign @DanLairdMD Im so very sorry!. Its a stimulator but the battery is NOT over the spine. Its very low current &amp; can be shut off. Its the best of all the horrible situations. Im strong,normal weight,  not too old. I have had successful c spine fusions. The risks are real."
39,khgottesman,2020-09-25 01:51:40+00:00,0,Twitter for iPad,"@gabbinggeek @pblowe2 @trish_regan You’re soo lucky! It’s problematic. Part of it is bc of chronic pain I have from a back injury MANY yrs ago. I had surgery to fix the injury to my spine,but the pain never went away. I do have a spinal cord stimulator(surgically implanted)which helps interrupts pain signals=helps"
40,dagank4,2020-09-23 03:30:21+00:00,2,Twitter for Android,"@AlphaBarbieSays Those vertebrae are fine now (that was in 2007). I have issues above and below it, but I have other chronic spine problems. In 2012, I had a paddle spinal cord stimulator implanted under one of my thoracic vertebrae, and that helps when the pain is too much."
41,dlaing14,2020-09-22 15:55:53+00:00,5,Twitter for iPhone,"Trial update: In June I had an epidural stimulator surgically implanted on my spine. Followed by a 3 week recovery and a few weeks of testing. After the testing phase, I was randomized into a training group and I began the training sessions mid August."
42,HBACreations,2020-09-18 13:53:41+00:00,0,Twitter for iPhone,@SharynBarbish @ParZevil Thank you. Yes it’s my only option. This will be my 4th and if this doesn’t work the only thing left is a spine stimulator surgically inserted and I’m scared to have that put in. I have calcium deposits that fused my spine so it can’t be done surgically.
43,PissedOffSagg,2020-09-17 12:31:17+00:00,0,Twitter for iPhone,"@LuckieKathy 😢I’ve lived with pain so bad I considered suicide . 90 days script would last 5-6 months. Probably how I never got addicted but after 20+ years, getting it was worse than the pain. I have an implanted spine stimulator and I use tramadol. Not pain free but tolerable."
44,chevalnuit68,2020-09-15 18:57:50+00:00,1,Twitter for Android,"I'm so angry I could scream! This surgeon saw me once after the original neurosurgeon placed my stimulator incorrectly and left it sitting on nerves to the right of my spine. He wanted to sedate me to lift it up off the nerves and I told him I could handle the pain,  and did."
45,toddpi,2020-09-15 01:24:40+00:00,0,Twitter for Android,"Good evening everyone, sitting here trying to decide if I want to go thru another med procedure. My pain mgmt  Dr wants me to get a spinal stimulator device which would be implanted in back with a remote to press for shock to spine to tell brain no pain. Anyone ever had this done"
46,KwikLearning,2020-09-14 16:05:12+00:00,7,Hootsuite Inc.,"Sound is a major stimulator of #emotions in humans, a tiny wave could send shivers through our spine filled with fear, joy, excitement and more. ⚡️

But can sound improve #brain health? 🧠

Let's find out!

Read the full article HERE: https://t.co/3r4c7RMYR4 👈 https://t.co/iJK0FDCZtg"
47,NASSspine,2020-09-11 15:06:13+00:00,1,Hootsuite Inc.,"Spine Safety Warning: Conduct a Trial Stimulation Period Before Implanting a Spinal Cord Stimulator (SCS)

https://t.co/SBueWEILHD"
48,ainalizatan,2020-09-09 12:57:29+00:00,0,Instagram,"My husband’s essential things he needs on the road to healing after his neck spine surgery :
A. 1.3kg each dumbbells to strengthen his wrists and arms
B. Electronic nerve stimulator and pads as part of physio… https://t.co/1RWAb2V2a3"
49,Seenbrighterda1,2020-09-07 09:48:30+00:00,0,Twitter for iPhone,"@BlueHouseRoad Hugely I’m waiting for a huge spine operation, my 5th op not inc the spinal cord stimulator ops. I can barely walk &amp; live alone. It’s been months of waiting in the worst pain."
50,chertex,2020-09-02 16:10:31+00:00,1,Twitter Web App,"@News_Dr252 I can't get insurance to approve the stimulator that goes in spine. For foot pain. Travels down signals. So I'm stuck again. If I ever get another foot dr again that is great, I will hug him covid or no. lol This one is bad one. Too cautious about it. I need a get in an help one"
51,tariqtramboo,2020-08-29 17:17:18+00:00,5,Twitter for iPhone,SCS ( spinal cord stimulator ) can provide a good long term outcome for patients who had operated on spine but failed to achieve pain relief also known as failed back surgery syndrome (FBSS). https://t.co/34E5hXlUM2
52,jhall,2020-08-28 23:54:25+00:00,3,Twitter Web App,"My moms problems are 10x worse, She's had over 30 epidurals to try to relieve pain from multiple spine issues &amp; leg neuropathy. On a bunch of meds to help control the pain. Had a spinal cord stimulator implanted but it stopped providing relief.
We're ready @elonmusk!

#Neuralink"
53,PissedOffSagg,2020-08-25 13:02:32+00:00,0,Twitter for iPhone,@LuckieKathy I live with chronic pain. I have a spine stimulator to help. I had a knee replacement and couldn’t get pain meds after week 4. I took pain meds for 14 years without addiction then my doctor retired. So sad.🥺
54,GAME0VER86,2020-08-19 15:15:56+00:00,1,Twitter for Android,For everyone that follows me and that knows me I have two options with my spine and my back 1 spine stimulator or two spinal fusion whichever one I choose they say it should help my back I'm not 100% sure which one I will choose just thought I'd let everyone know stay safe peace.
55,Jennife90117914,2020-08-19 04:52:43+00:00,0,Twitter for iPhone,"@Bela_rocks @FollowingForFu2 @headdock @urbanfatbiker @ChronPainInAss @ibdgirl76 @chattyknana @MichaelNey19 @LindaMDickson3 @kaake_rn @aander1987 @debg_deb @GEugenics @D321Debbie @Ledhedd @CPPCommunity3 @JSG_54 @jmkillingnyc @VCoast @shoegalhms @RogerSchaeffer3 @StaceyF62 @PainPtFightBack @AimlessRyan @LelenaPeacock @JoeAllenNewman @Txsconstitution @fightpaindaily @amylorrainelong @nyxpooka @LynnRWebsterMD @kathleenaie @Colo_Trumpette @chronicpainwar @Elianok10 @PROPkills @browndotflop @drpammys @mcewen_taryn @WoPSufir @rlamartini @StopBadDocs @NickCarlin6 @Kelly @DEEGILES0410 @fxrseen @Fish_Doctor @Riseup4D @UsDays4 @process_x I even asked the Dr that did the procedure if my Chiari would be a problem. He took out a model spine &amp; told me he’d be no where near the cysts. Obviously something went wrong. Maybe he’d never performed it on a Chiari pt before. I had a pain pump, not a stimulator."
56,pkreuz22,2020-08-18 10:56:23+00:00,0,Twitter for Android,"@Chabha @mandy_harper17 @realDonaldTrump Damn bro. They wanted to put spinal stimulator in neck. I'm like nope. My mother had several back ops and got stimulator. Wires can come off spine. U got a remote wireless battery pack to charge. iPod to control. My luck , yea hacked for shock therapy"
57,BryonEnderle,2020-08-18 09:36:07+00:00,36,Twitter for iPad,"Welp, surgery moved to this morning! Doing so well with the spine stimulator didn’t feel we needed to wait an entire week for part 2. See y’all on the flip ✌🏻❤️😎"
58,disableddawn,2020-08-18 04:10:06+00:00,0,Twitter for Android,Had surgery today. Took 3 hours to have scar tissue removed from my spine and have a bilateral stimulator replaced. Get to the pharmacy and they don't want to fill my pain med script. Had to explain that I had fucking surgery today and was in pain. This is not ok.
59,Mr_danzins,2020-08-14 00:59:23+00:00,0,Twitter for iPhone,"I’ve been waiting on a surgery for a spine stimulator since hospitals opened up in May, and now my neurosurgeon walked out on the job yesterday, now pushing my surgery that was scheduled on Monday out more to the point my insurance won’t cover it now. 

Shits great 😞"
60,painmanwise,2020-08-12 07:54:09+00:00,0,IFTTT,"Fantastic Four: Age, Spinal Cord Stimulator Waveform, Pain Localization and History of Spine Surgery Influence the Odds of Successful Spinal Cord Stimulator Trial. https://t.co/ebJ9bLwA9R"
61,ohiomayhem1,2020-08-10 16:25:47+00:00,0,Twitter for iPhone,"@TheRock @NHL I had seven surgeries and have spine stimulator in my lower back , because of an chronic pain condition I almost lost my leg , I wanted to share my story to you rock because you inspire me to keep pushing"
62,KeithClifford38,2020-08-08 11:06:20+00:00,1,Twitter Web App,"@Trisha_the_doc @bmj_latest Severe neuropathic pain in my lower spine for 5 years. Under pain management which is severely underfunded. These guidelines are not patient centred in my view. I have tried all of the above, the only one that takes the edge of it is oxycodone. Waiting for spinal cord stimulator"
63,chertex,2020-08-03 15:44:39+00:00,1,Twitter Web App,@News_Dr252 @hopeloganfan I hope stimulator helps too. They put chip in your butt. I thought spine. LOL I guess better. But shoulder arm I figured something was way wrong with it. I think I have bicep tendonitis too. But least they found something to do to treat it now. I'm relieved.
64,chertex,2020-08-03 03:33:17+00:00,1,Twitter Web App,@News_Dr252 @hopeloganfan Neck thing is just too sensitive an area. I'd want the very best to ever do that kind of thing. I'm sure this dr is very conservative type. I just want the injection and help with the stimulator in the spine. Or maybe he could have them put it in the neck to travel everywhere.
65,episson_store,2020-07-31 11:29:12+00:00,0,SocialRabbit Plugin,#goods Hot Sale Portable Mini Electric Neck And Shoulder Full Body Massager Cervical Spine Massage Stimulator Pain Battery Model Massag https://t.co/v7bHdm8chL https://t.co/5lHXq7zx84
66,lorihensler,2020-07-30 01:11:14+00:00,14,Twitter for iPhone,"This does not even begin to cover the time I spent fighting for medical issues in those two years. 

I’ve also fought for a whole pile of PAs, a wheelchair, several specialists, a surgery to REMOVE the stimulator that was put in, a spine surgery, and more.

It is a full time job."
67,CivilServantRet,2020-07-29 19:03:30+00:00,1,Twitter for Android,@daveyb0072 My right knee is bone on bone &amp; my MCL turned to bone so u can't get a new knee or the MCL will rupture..have had 24 surgeries including 5 acl's &amp; 2 patella bone grafts .. yesterday they put a spinal cord stimulator in my back &amp; spine to shut off my nerves
68,chertex,2020-07-29 13:52:15+00:00,0,Twitter Web App,"@Nicki_Silvers @DonaldJTrumpJr He wants to do that spine stimulator first but that is a problem too. I heard once you get wires in there, they can't get them out and some patients don't like it. So makes me not want to do it. But if it is only way for now to get relief. I'm mad for sure. He has too much clout"
69,CivilServantRet,2020-07-28 23:30:15+00:00,2,Twitter for Android,"@802kasey Yes docs cleaned out the knee joint &amp; bone spurs
They put in the spinal cord stimulator into my back &amp; 32 wires into my spine...where they put it hurts like a knife thru me &amp; can't turn on the stim till Staples come out as the battery charger will heat the Staples &amp; burn me"
70,chertex,2020-07-27 22:27:27+00:00,0,Twitter Web App,@Nicki_Silvers @DonaldJTrumpJr Hey Nicki. Had to tell you some stuff on my foot. But it is looking more like stimulator in spine for pain now. He just wants me to try that before the harder surgery. I guess. But it's scar tissue there and some heel spurs. I wish he'd just go in and do it. ugh It is bad pain.
71,KarmaKazi10,2020-07-22 01:19:02+00:00,0,Twitter for Android,"@davidjwhite68 @WestPoint06mom I have a mangled spine. I have horrible back pain and have a spinal cord stimulator implant and the battery is dead, but It's  $4,000 out of pocket. My husband has metastatic cancer. Can't afford the chemo. It's maddening! 😔"
72,chertex,2020-07-21 19:12:52+00:00,1,Twitter Web App,"@News_Dr252 He wanted to wait to see how the stimulator works for me. One in the spine to travel to foot deal. Then after that, there is something he could do but he's worried about scar tissue that is trapped there. He'd make more of it. But he wants to see how stimulator works first."
73,PhilDupont,2020-07-20 00:19:14+00:00,0,Twitter for Android,@elonmusk how is neuralink different from the spinal stimulator implant I have installed for my back by Boston Scientific? It seems to have the same number of connections but installed along the spine instead of in the brain itself.
74,CathieCeasar,2020-07-17 15:51:56+00:00,0,Twitter Web App,"@SamRobersonJr @mercedesgram1 @POTUS Back in the 90 i had spinal cord stimulator inserted. They put in in wrong had to remove and yank on my (spine) nerves. Today I am the Proud owner of a Jazzy wheel chair. But thanks to this @Potus, I can now get the help i need.
I was also left with Spasmatic Dystonia, Parkinson"
75,CivilServantRet,2020-07-17 02:02:42+00:00,0,Twitter for Android,@6XSuperbowlCha1 @loveshockey20 They are putting a spinal cord stimulator in my back to shut off the right leg nerves ...there's separate nerves for each leg which is why 32 wires go into my spine ...MRIs do not show nerves..let me know your results..I'm betting on arthritis in your kneecaps
76,episson_store,2020-07-14 06:49:50+00:00,0,SocialRabbit Plugin,#home Hot Sale Portable Mini Electric Neck And Shoulder Full Body Massager Cervical Spine Massage Stimulator Pain Battery Model Massag https://t.co/v7bHdlQBqd https://t.co/rLnEiTJHAk
77,Seminolewind2,2020-07-09 18:11:14+00:00,0,Twitter for Android,@EarnhardtKelley I also have a SPINE STIMULATOR it helps some but im still on pain meds .
78,PaleBlueMomma,2020-07-09 16:28:39+00:00,0,Twitter for iPhone,"@RCantella I was supposed to have a device called a DRG (Dorsal Root Ganglion Stimulator) implanted onto my spine to fight the chronic pain I have in my legs. 

Oh, that’s a mournful."
79,nate_vanover,2020-07-06 23:44:51+00:00,3,Twitter for Android,@team7lj Thank you so much for keeping us wanting to know ..that your doing ok. I hope they find the solution and help. I myself have had 4 spine surgeries and have a implanted stimulator and it has made a world of difference. Please take care of yourself!
80,ToniRay101,2020-07-06 22:15:35+00:00,2,Twitter for Android,"@BeardedUniverse Surgery, on my cervical spine(neck) to implant a stimulator for pain, inc 2 laminectomies(sawing pieces of the vertebrae to place the leads), to help ease the pain of a rare nerve disorder, CRPS(RSD), caused by a sprained wrist. I had to be awake!  Shots to numb placed in nerves!"
81,episson_store,2020-07-06 21:02:59+00:00,0,SocialRabbit Plugin,#fashion Hot Sale Portable Mini Electric Neck And Shoulder Full Body Massager Cervical Spine Massage Stimulator Pain Battery Model Massag https://t.co/v7bHdm8chL https://t.co/EURQbKu97N
82,panickedpostdoc,2020-07-03 18:20:02+00:00,1,Twitter for Android,"@thelittlepecan @OpenAcademics So far with spinal cord injury and amputees, soon into stroke. But non invasive techniques are a good idea for those who can't get spinal cord stimulator implants due to spine abnormalities! Definitely something to keep in mind!"
83,golightly_brett,2020-07-02 21:21:14+00:00,3,Twitter for Android,@calligaro7 @GenaWri71272363 @mitchell_happy @Elianok10 @Brenda82964799 @rlamartini @MaryKayconsult3 @DawsonInga @Cbedford0315 @Deeenst @SheriLaCross1 @emergVictorious @LelenaPeacock @Michelej60 @AndraDoesCare @Wanita1 @ThomasKlineMD @aander1987 @HilaryKimMorden @RobertDRoseJr1 @nonni28 @pain_united @cao812 @eatyourlawn @noiduriamo @harris_sherrie @djwilliams35 @pamelakarnbach @1959smith715 @tanglednwire @Anon99915 @rotor1959 @GhostinGeek @KatWitchyWoman @StopBadDocs @Katamac1967 @luvallbeauty @ravensspirit68 @ADAWnews @ellewoodsruns @headdock @sleepingkoala45 @chronicpainwar @NicoleInPain @CaptCRPS @PatrickDoyle_35 @WhosAGrumpyBear That's so hard to select like on some posts like THAT and I know the truth all too well. Thinking about trying the stimulator w/just wires inserted into spine to shock w/remote for week trial before having implanted. To try delay lower 3 sections now
84,episson_store,2020-06-28 08:54:49+00:00,0,SocialRabbit Plugin,#sale Hot Sale Portable Mini Electric Neck And Shoulder Full Body Massager Cervical Spine Massage Stimulator Pain Battery Model Massag https://t.co/v7bHdlQBqd https://t.co/dVxywU4jwK
85,Restaurantraver,2020-06-25 08:39:31+00:00,0,Twitter Web App,@ThomasKlineMD @PenelopeZahn Pain Internal Stimulator works Great however it can cause Colon &amp; Bladder Spasms quick fix Turn off Battery  and let muscle relax! You can't make SUDDEN  MOVES back/ Spine very sensitive 😨 then becomes stressful fear of being  paralyzed but it WORKS!
86,ems1096,2020-06-22 22:30:39+00:00,1,Twitter Web App,@acls9_9 I have a spinal cord stimulator implanted with a couple of electrodes going into my spine. TSA freaks out when i fly. Kinda funny actually
87,Polaris_Port,2020-06-21 16:08:49+00:00,2,Twitter for Android,"@Mekarth8 A mechanical spine....and a muscle stimulator to boost it. A muscle.... stimulator, to use on circuits and metals...sure."
88,KirkCruz,2020-06-20 18:55:05+00:00,1,Twitter for iPad,"@VampAly @DarthBill52 Thanks! September I had what is likely my last big surgery for a while (spine-stimulator implant, it’s life-changing), so now I’ll catch myself confused because I’m not used to being in anything other than massive pain,"
89,Allie75177173,2020-06-15 16:09:28+00:00,1,Twitter for Android,@mychronicbrain My spine stimulator
90,Minxymissy,2020-06-10 13:10:35+00:00,1,Twitter for iPhone,@TwitNotty That one is where I had the battery implanted and i have another on my spine where they attached electrodes to my spinal cord as I have a spinal cord stimulator for a chronic pain condition
91,rayzafdz,2020-06-08 21:19:21+00:00,0,Twitter for iPhone,I know my doctor loves me 🤣 he brought me back a spine chord stimulator implant that he removed. He’s just as weird as me 😅#MyDoctorIsBetterThanYours https://t.co/f02Ivc0slZ
92,gillhester,2020-06-08 05:00:44+00:00,0,Twitter for Android,"@Fern_Britton Same here. I suffer with fibromyalgia &amp; restless lleg syndrome. I have a stimulator wire in my spine for nerve pain, so sleep doesn't comdm"
93,ChickenFrecklez,2020-05-28 20:08:00+00:00,0,Twitter for iPhone,@PennDutch78 I have a spinal cord stimulator in my spine and the battery is in my butt cheek 😬
94,jolene588,2020-05-28 02:02:36+00:00,0,Twitter for Android,@amy_sine It was a nerve stimulator.  Its basically a tens unit but implanted in my sacral nerve of my spine. It was to help stop the pain in my stomach
95,Jinj_er,2020-05-27 05:18:04+00:00,0,Twitter for iPhone,"@Keithluvscattle That stinks! Im glad you are able to work still. I’ve had some back problems as well, I currently have a spinal cord stimulator. It’s like an internal tins unit that is right up my spine. What happened to you?"
96,MichMichGirl,2020-05-21 21:06:55+00:00,0,Twitter for iPhone,"So I’ve been newly diagnosed w/ 2chronic pain conditions in addition to all my spine issues. I’m finding that drs now dismiss my spine issues as part of the other 2issues even though I have 13yrs of MRIs, xrays, spinal cord stimulator implant &amp;multiple professionals. SMFH."
97,KarenKaz4,2020-05-18 21:35:33+00:00,1,Twitter for Android,"@Lily77114339 @DrAmirKhanGP I can sympathise with you and your pain, i have CRPS and have a spinal cord stimulator implanted in my spine for pain. It gets me down a lot but i hate trying to pretend im ok when inside im not"
98,RandyE30,2020-05-17 23:58:21+00:00,0,Twitter Web App,"@Salvie366 Nobody suggested oxycontin to me until both legs were on fire 24/7, I couldn't stand long, sit long, sleep long &amp; was self medicating with alcohol. Nerve pain is different. Nothing put a dent in it until the 4 level 360. Now my whole Lumbar is fused and I have a spine stimulator"
99,FNeirami,2020-05-15 14:24:15+00:00,0,Twitter Web App,"SPINAL CORD STIMULATOR IMPLANT

Spinal cord stimulation (also called SCS) uses electrical impulses to relieve chronic pain of the back, arms and legs. 

#stimulator #implant #pain #backpain #spine #lowerbackpain #painrelief https://t.co/gGfbUWNYrN"
100,breenikki,2020-05-05 19:09:11+00:00,0,Twitter for iPhone,"3For needles in my spine ?
For the insertion of a nerve stimulator that my cranky and recalcitrant body will HATE? For the labyrinth of pain that is back surgery? I’m not even 40 yet, for Pete’s sake! Granted, my body hasn’t received the same memo as my mind"
101,Global_Awake,2020-05-04 18:29:07+00:00,2,Twitter Web App,spinal cord stimulator implanted in my back along my spine and my hip to try to convince my brain not to register all of the pain. I had metal in my body so I stood up. I was beautifully and wonderfully healed during that service. It is in my neurosurgeon’s medical records [3/4]
102,remu10,2020-04-26 00:49:14+00:00,0,App Act,New post (Performance Spine &amp; Sports Medicine - Spinal Cord Stimulator - M) has been published on Make Money Online - https://t.co/uVcXFuMydC
103,ChooChooLife,2020-04-25 00:47:19+00:00,2,Twitter for iPad,"@COsweda @CatesDuane @mangouste22 @realDonaldTrump He’s standing like I do when my spinal cord stimulator shuts off and I can’t stand up straight due to the back pain.

My dad also stood like that (bent at the hips) when his pain due to osteoarthritis in his spine became acute. Just sayin’."
104,jacka_loper,2020-04-24 00:23:31+00:00,0,Twitter for iPhone,"@AiG Anybody’s if I’ve got my spine stimulator turned up too high. Imaginary characters, not so much"
105,DrVoleti,2020-04-17 06:05:09+00:00,1,Twitter Web App,"Dorsal Root Ganglion Stimulation &amp; Spinal Cord Stimulation Therapy: An Overview

What is spinal cord stimulation?
A spinal cord stimulator is a neuromodulation device surgically implanted under your skin. The device sends mild electric...https://t.co/pztDVmo2De

- Spine Surgeon https://t.co/xcGu9yVP7G"
106,CMerandi,2020-04-15 11:30:05+00:00,39,Twitter for Android,"The Doctor Patient Forum is advocating via telemed for 70 y/o male, stomach cancer/spinal stimulator gone bad, Brigham &amp; Womens. 
All docs passing the buck on his treatment. 
Does anyone have a spine? 
""I'll lose my job if I RX."" https://t.co/viSbEg3nj5"
107,SpicyPurritos,2020-04-15 03:55:11+00:00,1,Twitter for iPhone,@joanieLeeT @Rosesdaughter61 @CContrarus @RogueWolf2001 @Angelsgal02 @Chronic_FLKeys @Wanita1 @isabel61035071 @RollinsLynda @Danniedean5 @Irishbrat1966 @BogdenJo @soofriends @LadyAg72 @donnelsonguy @painadvocateAR @BostonBubbalooo @MoogieMonsters @woutgorge @JSG_54 @RebeccaCPP @Talkeetna101 @pleasure_ryland @MrPetesonality @LelenaPeacock @PainPtFightBack @UsDays4 @Deeenst @shelley_bean60 @StopBadDocs @Enough212 @browndotflop @HilaryKimMorden @dis_roger @urbanfatbiker @esteckler2 @keesaroo @TheSarge11 @Kpascuch @mlvanbrit @IndblueA @Elianok10 @djwilliams35 @djsjrb @puppyluvr312 @masonis_marilyn @RNadvocating @pechilvr @CBSThisMorning @megoliver Pump. I used to have a stimulator. Not in my spine though.
108,TheLadyDyan,2020-04-07 20:54:08+00:00,2,Twitter for Android,"@mlstoscano See how goes, but he's gonna take me on, said I've had enuf neck surgeries &amp; wants to see about me having a spine stimulator inserted. That was mentioned but disregarded fast at one time. So he will call for appt after my Insurance approves it. Sounds positive anyway https://t.co/aHywAYorzO"
109,feed_stocks,2020-04-07 10:03:06+00:00,0,dlvr.it,"Spine Bone Stimulator Market to Expand With 3.8% CAGR By 2024 | Key Players: IGEA S.p.A. &amp; Orthofix Inc.: Radiant Insights, Inc. https://t.co/oRz8gJx3n7"
110,Stock_Market_Pr,2020-04-07 10:01:07+00:00,0,dlvr.it,"Spine Bone Stimulator Market to Expand With 3.8% CAGR By 2024 | Key Players: IGEA S.p.A. &amp; Orthofix Inc.: Radiant Insights, Inc. https://t.co/jtoCkjy3Qz"
111,foresthoop,2020-04-05 17:24:00+00:00,1,Twitter for Android,@TingleJK @QPRPod @neworder From the last yes but I was die to have the next one on the 18th march so that has been postponed. I'm having a spinal cord stimulator fitted. Like a pacemaker but it goes in my back and the wires attached to my spine.
112,KarenOien,2020-04-05 05:56:22+00:00,1,Twitter Web App,@pandjsdad @DebbyHouse5 @mighttuss @ThomasKlineMD Is that stimulator like a tens unit except it's put in by spine &amp; always on? I use red horn kratom as well as red bentuagie. The red bent is helpful for nerve pain. Red Bali can make you tired. Sometimes I mix a couple together but I do rotate.
113,pandjsdad,2020-04-05 01:39:30+00:00,3,Twitter for iPhone,@DebbyHouse5 @mighttuss @ThomasKlineMD Is it by chance Bali red kratom? I’ve been trying to read up on kratom Incase I too am further cut off with all the new rules I have been decreased and before the covid outbreak was told I needed to try a spine stimulator I believe it is called to block pain signals I’m terrified
114,lovetrails,2020-03-30 11:58:17+00:00,1,Twitter for iPhone,"@ThatOutdoorGuy My daughter is one of 400 people in Canada to have an electronic nerve stimulator embedded in her back with leads running up her spine. Same tech as a pacemaker. It took 9 years of pain clinics, and a GP telling her to “live with it”. Her pain is gone.  Don’t give up."
115,Sdbowker2,2020-03-29 04:07:17+00:00,2,Twitter for Android,"@joanieLeeT @LadyAg72 @HeatherLinda11 @DanLairdMD @reason I hear so many bad things about the pain pump, I would never consider it implanted. My sis had the stimulator put in spine, did not help &amp; quit working after 2yrs. I refuse to do any invasive procedure when a pill will work. Injections caused more pain. Done with those also. 🙃"
116,DeadonDave,2020-03-28 13:42:35+00:00,1,Twitter Web App,@OpticDecay I got hurt in Iraq &amp; had a spinal cord stimulator implanted in my spine. I was originally hurt (we think) in 2003 but it didn't shut me down till 2007 during my 2nd deployment. I was medically retired in 2010.
117,Terry88720405,2020-03-25 04:53:58+00:00,4,Twitter for Android,@Angelsgal02 I was cut off by my Dr. and have not been able to get a new one for 2 years now all the ones I have been to in that time only want to do epidurals and stimulator for spine with no meds I given up and just waiting to leave this shitty life
118,MissBeverhausen,2020-03-22 17:55:36+00:00,1,Twitter for iPhone,"I’ve been in the house and I’m sort of okay with that, so far.  But for the first time in three weeks, since nerve stimulator procedure in my spine, I took the dogs for a walk. Beautiful day in the Sonoran. Be mindful, be safe."
119,BostonTJan,2020-03-18 22:40:28+00:00,1,Twitter for iPhone,"@evatoeve Spinal cord stimulator implant—thread wires w/electrodes through your spine and implant the battery in your rear end. It takes a lot to get approval for this, and I was so excited (but nervous) to have it done.
Had the trial run of one week, and it REALLY helped."
120,LGazzoli78,2020-03-15 18:04:53+00:00,1,Twitter for iPad,@kreepazoidkelly I had emergency surgery on my spine 5yrs ago for Cauda Equania Syndrome. I no longer have L5 disk and L4 was fixed. I’m having pain again waiting on results from new MRI. I have the spinal cord stimulator it helps but not much lately
121,RandyE30,2020-03-14 18:26:28+00:00,1,Twitter Web App,"@KittyTigerlily1 @DanLairdMD @RepSusieLee Had to wait a week between last mth while the insurance  tried to find a reason not to fill. I know that's better than some. Did they think my 4 level 360, another that fused me L1-S1, rods screws, spine stimulator, advanced age arthritis 4 replacements &amp; need a 5th had healed?"
122,RandyE30,2020-03-14 06:42:49+00:00,0,Twitter Web App,"@John49244307 @DriscollNPR @Missourinet Did you hear that on the Cartoon Network? Most addiction starts with Heroin (Since 1874 in the US) and illicit fentanyl. Let's cut you open in the front and back from S1 to L1, put 2 rods in there and a spine stimulator &amp; give you aspron. Sound fun?"
123,ShannonDarleneV,2020-03-11 13:20:28+00:00,0,Twitter for iPad,"@ravensspirit68 I exactly know that feeling. I went through all the hoops. Spinal injections, spinal cord stimulator implant, I didn’t do the pain pump, thank you God! The others all failed. Had to have my SCTI removed. And the injections have ruined my spine."
124,MissBeverhausen,2020-03-09 15:35:28+00:00,0,Twitter for iPhone,@LuckieKathy Just five days ago I had a nerve stimulator implanted into my spine.  Today in about an hour I have to go have it programmed.  I actually have a remote to control the electric current.  It’s suppose to zap the pain center before it gets to your brain to signal pain.  your pain.
125,brayla72,2020-03-09 14:08:27+00:00,1,Twitter for iPad,"@girlsreallyrule I had gastric bypass for weight loss. Afterward horrible pain in abdomen, for years doc had me on pain meds fentanyl patches, neuro stimulator placed in my spine. 9 years and opioid treatment later, my new doc says..."
126,wittenfan27,2020-03-06 00:32:01+00:00,1,Twitter for iPhone,@ChampionTwitch That sucks bro. I feel you though. I had my spine broken after being hit by a car. I was 25 years old. Said I wouldn’t walk again. I’m 37 now and walk so.... when the vert broke it cut some nerves. They want to install an internal stimulator. Back pain really takes it out of you
127,itsclaudiaufart,2020-03-04 21:56:18+00:00,0,Twitter for iPhone,"it’s finally my last day with the spinal cord stimulator trial !!! So far, I don’t think it’s been working for me which is kind of a bummer for my chronic pain but that’s okay. Also, it looks like I’m walking around with a wifi router connected to my spine lol https://t.co/QbTHKlTUN4"
128,ProfessorParkes,2020-03-04 16:38:25+00:00,0,Twitter for iPhone,"New #youtube video tmmrw!
Talking about my spinal stimulator 
#surgery #spine https://t.co/OanfWGU2yR"
129,ProfessorParkes,2020-03-04 06:42:43+00:00,0,Twitter for iPhone,"New #youtube video tmmrw!
Talking about my spinal stimulator 
#surgery #spine https://t.co/HBp5PXN1dR"
130,airforcepam,2020-03-03 12:53:13+00:00,0,Twitter for Android,"I had the Spinal stimulator put in my cervical spine &amp; one month later I was taming 80% less pain medication
It worked for me, I am glad I did it"
131,LvpiMedical,2020-03-02 18:30:05+00:00,0,Twitter Web App,"One of our most dynamic procedures would be a stimulator implant. This is a spinal cord surgery to help ease any pain by sending down electricity to the spine. Here we have an article explaining more in depth about the procedure.

https://t.co/PjQ4lrC98z https://t.co/p5NgizloMN"
132,Tmeyer2008,2020-02-29 06:35:58+00:00,3,Twitter for Android,"@tayIortayIor @GenuineJack @TempurPedic I would definitely do a review. I was in an accident with a semi in 2006 that totaled my car. I've got 5 disc compression my spinal cord in thoracic spine. Spinecord stimulator, artificial hip and had to have both shoulders reconstructed. I'd love an opportunity to experience"
133,HlavacVincent,2020-02-27 05:52:51+00:00,0,Twitter for Android,"My 1st Spine stimulator 12 yrs ago Cost $92 thousand, INS Co payed 80 thousand. My New Stimulator $100 thousand on my MEDICARE run out Bill. Medicare payed $26,345. That's aprox. $53,000 less. THATS $53,000 THAT THE INSURANCE CO. DID NOT PUT IN THERE GREEDY POCKET. # FACT,FACT!!!"
134,Mamahoda1192,2020-02-26 23:42:01+00:00,0,Twitter Web App,"@c0lettea @P_A_I_N2020 I’m following your group now. I’ve been deal’g w/this for years. Many spine surgeries, many abdominal surgeries. They offer the spine stimulator. Yet everything I’ve read=bad news. Pls let me know if I can help in any way. I’m in tears for the pain you are going thru. ❤️❤️"
135,wafflehousefan7,2020-02-23 18:02:13+00:00,1,Twitter for iPhone,"Last time I was there the spine guy wanted to implant a spinal cord stimulator and I cried super hard for like an hour after, panicked, and didn’t go back. The idea of more hardware is terrifying"
136,chuck_chizzle3,2020-02-21 16:29:59+00:00,0,Twitter for iPhone,"@gohomejasmin Well, they want to double check to see if my original back surgery used a bone graft. If they did, they will try a Spinal Cord Stimulator.

If not, they want to try some types of steroid shots into my spine. 

I’ve had shots, but they said the other dr may have placed it wrong."
137,Sosi88,2020-02-18 05:37:47+00:00,0,Instagram,"Muscle Stimulator trial, I literally am walking around with a battery and remote at all times for 7 days! If things go well this will all be inside of me (other than the remote). #Upgrade #FixMeTechnology @ Spine &amp;… https://t.co/OvIBU2znjC"
138,Kimmypooh75,2020-02-16 15:06:50+00:00,1,Twitter for Android,"@rogueinams @goodoldcatchy It wasn't even anything huge. They removed some bone from my spine and placed an internal stimulator. I ""only"" have to pay $6,000 for it because I have REALLY good insurance."
139,BundesenRebekah,2020-02-15 19:39:05+00:00,0,Twitter for iPhone,Many are curious about the spine cord stimulator I got last Sept. Every 2 days I use a charging paddle on my back. I charge 1-1.5 hrs. I use a belt or lay on it. It took me a lot of practice. #nevro #spondylosis #batterednerverootsyndrome https://t.co/Ew53Kmgqjf
140,CivilServantRet,2020-02-12 12:14:46+00:00,1,Twitter for Android,@saraturner19 They are going to put the electric stimulator in my spine to shut off nerves in my leg maybe ask your doc about that?
141,RandyE30,2020-02-06 15:45:49+00:00,2,Twitter for Android,"So true and I hate it. I was still running wind sprints 8  yrs ago. 4 new joints, fusing my whole Lumbar &amp; a spine stimulator and I can't run to the bathroom now. #ChronicPain"
142,ruth_moyer,2020-02-05 15:51:25+00:00,2,Twitter for iPhone,@barcleydottie @KrisBrbr93 Horrible pain for 26 years and then a miracle surgery with a spine stimulator pain blocker that took away all the pain!! Praise God and modern medicine!!
143,dlschermd,2020-02-05 15:47:58+00:00,1,Twitter for iPhone,"@Nishaki1 @CardioUva @MikeMangrum @Pamela_K_1 @jskoruth @drimdadahmed @skarim01 @LukerJakob @rdschaller @EPLabDigest Looks like another type of device. Spine, TENS? DBS shouldn’t give that. In old days would think cardiomyoplasty stimulator but that was 30msec intervals."
144,FibroBloggers,2020-02-03 19:06:05+00:00,2,Buffer,"This week's #FibroFriday stories include:
1.  Acceptance   
2.  A Love Story: Stronger Together   
3.  Spine Stimulator   
4.  This week's fibromyalgia and Lyme news   
5.  Is fibromyalgia caused by the herpes virus?   
https://t.co/sMAZj9aJpR https://t.co/ILsMxUrXDa"
145,CKOMNews,2020-02-02 19:00:05+00:00,6,SoCast Digital,"Ryan Straschnitzki, who can't move from the chest down, had an epidural stimulator implanted in his spine in November. The device sends electrical currents to his spinal cord to try to stimulate nerves and move limbs. https://t.co/igoBqr5X2Z"
146,CJMENews,2020-02-02 19:00:05+00:00,1,SoCast Digital,"Ryan Straschnitzki, who can't move from the chest down, had an epidural stimulator implanted in his spine in November. The device sends electrical currents to his spinal cord to try to stimulate nerves and move limbs. https://t.co/ycAgRlqINc"
147,LookingLight,2020-01-28 21:06:52+00:00,0,Jetpack.com,Can A Spine Stimulator Eliminate My Pain? https://t.co/dD28Fl5V2d https://t.co/8jsgw00tXc
148,JetSetCris,2020-01-25 04:37:40+00:00,0,Twitter for iPhone,"The fact that Felicity—MID BREAKUP—realizes the stimulator chip in her spine has finally started working, gets up and WALKS OUT on Oliver....

The drama, oof, dialed up on that one."
149,dsayed1,2020-01-23 21:02:59+00:00,25,Twitter for iPhone,Looking forward to seeing great friends and colleagues at #NANS2020. Excited to share a case series for minimally invasive SI fusion with #Linq to improve outcomes in #spinal cord stimulator patients. An intersection of #minimallyinvasive spine intervention and #Neuromodulation. https://t.co/QVd5YNtgGr
150,secondchances09,2020-01-22 16:21:23+00:00,2,Twitter for Android,@headdock He already has a nerve stimulator which at least makes his nerve pain manageable but he also has 4 fake discs &amp; vertebrae and is in need of a fusion in his thoracic spine...
151,JamieLRich10,2020-01-21 21:24:02+00:00,0,Twitter for Android,"@OzzyOsbourne Ozzy, so very sorry to read about ur health issues. I wanted to recommend the Spinal Cord Stimulator. Have had this implanted in my lumbar/cervical spine areas to help with the nerve pain from degenerative disk disease. Hope it can help u!"
152,DannyLEvans,2020-01-13 21:07:23+00:00,1,Twitter for Android,"@VodafoneUK I am due a nerve route stimulator to be fitted onto my spine, if it works I will be able to walk more and get fitter #VeryMeRewards"
153,DietsjeWah,2020-01-12 20:26:57+00:00,0,Twitter for iPad,@spinestimulator the link that you provide does not go to your website.  It’s dosend work.
154,Dpeters1977,2020-01-10 23:08:00+00:00,1,Twitter for iPhone,"@zak_acupuncture Would jump at chance for surgery if I thought it’d alleviate the pain, but specialist talking electric stimulator implant for lower spine. Not sure if that’d affect leg pain or not."
155,AlianaHermes66,2020-01-07 03:12:49+00:00,0,Twitter for Android,@ThomasKlineMD My brother got a ruptured disc from getting a spine injection.  He has gone downhill since.  Morphine pump and now an electric stimulator.  He just keeps getting worse.  I will never take such a risk after seeing the results on him!
156,shelleyhopkin10,2020-01-03 08:04:33+00:00,0,Twitter for Android,"This morning @ 9;30 after 5 months of screw up by Drs office, I'm FINALLY having my surgery for my 48 degree curved spine. Having spine stimulator put in. Woohooo https://t.co/KhnvDXOJG1"
