,0,1,2,3,4
0,DianneP6971,2021-12-31 23:53:37+00:00,0,Twitter for iPad,"@NawtyMark I have it, along with degenerative disc disease throughout entire spine, facet arthritis, OA, scoliosis, failed back surgeries, spinal cord stimulator implant, (which helps a little with pain), AND just diagnosed with Spinocerebellar Ataxia. I’m in constant pain"
1,MaryWerblin,2021-12-23 13:55:15+00:00,0,Twitter for iPhone,@jsin876 @TimmyTwoShirts I’m going through this now. Peripheral neuropathy. Scheduled for spine stimulator.
2,MissBeverhausen,2021-12-22 22:11:20+00:00,1,Twitter for iPhone,@Sara05427252 I have had L-spine surgery twice plus C-spine surgery &amp; the hardware there is loose so… I’ve had every injection possible and even a nerve stimulator (wires in my spine). Life on Oxycodone isn’t quality for sure.
3,MissBeverhausen,2021-12-22 20:28:52+00:00,3,Twitter for iPhone,I’ve been on Oxycodone for many years for back pain. I feel awful most of the time so stopped taking them 6 days ago. My back pain is bad but in general I feel better. Maybe I’ll try turning on the nerve stimulator in my spine again sans pills💊. Wish me luck 🍀 did it on my own.
4,PaleBlueMomma,2021-12-21 07:22:33+00:00,4,Twitter for iPhone,"In the last 2 decades, I’ve taken countless medications, endured bier blocks, sympathetic nerve blocks, acupuncture &amp; physical therapy. I’ve had both a spinal chord stimulator &amp; a dorsal root ganglion (DRG) stim implanted onto my spine. (I have 3 batteries in my lower back). https://t.co/H79aNXErBj"
5,VKwhy,2021-12-17 18:38:44+00:00,0,Twitter for iPhone,@DrPayItBack Yeah I can’t get myrbetriq approved but no problem to get a spine stimulator approved for  overactive bladder.
6,xsarcasticsiren,2021-12-17 01:52:20+00:00,19,Twitter for iPhone,"Not ACNH related, but I had major back/spine surgery for a spinal cord stimulator 9 days ago and today k was able to lay in my bed for the first time! 

pardon my face, i was on the verge of crying. 😭 https://t.co/OwHVPXvK69"
7,NeuroOfNJ,2021-12-16 16:00:03+00:00,0,Sendible,"You may have heard of a spinal cord stimulator, but what does it actually do?

Spinal cord stimulators use electrodes that are implanted in the membrane that encloses the spine to generate electrical charges on the spinal cord, alleviating pain. 

https://t.co/Mz4MhiEFrB https://t.co/jJz3ewY6PC"
8,Bilked2TheBrink,2021-12-16 02:31:57+00:00,3,Twitter for iPhone,"@keesaroo @CMerandi Public Citizen exposed that the FDA used the “SUBSTANTIALLY EQUIVALENT” clause 
of a tens unit to approve the SPINAL CORD STIMULATOR. So why don’t people do everything they can to get by with an external tens unit that never enters the spine? Oh-Drs. Want $80-$110k to put it in!"
9,notbeforenoon,2021-12-14 23:23:34+00:00,7,Twitter for iPad,@CMerandi There’s no way I would allow an implant in my spine. Why such invasive complicated procedures instead of a simple pill? Why isn’t using a spinal coed stimulator considered an addiction to devices?
10,MichaelNey19,2021-12-14 16:24:08+00:00,6,Twitter for iPhone,@andrew_massena @DrKrisFerguson1 @CMerandi @DrKrisFerguson1 that buggered up a spine with a stimulator and now sits on the WI med board? That’s nice what he wants to do to CA patients using these studies. @Angel2bme @tinwisc @Ledhedd2 @life_is_art___ https://t.co/8tUxLIa5CZ
11,AmandaJGrab,2021-12-13 00:51:27+00:00,0,Twitter for Android,@Foyersair I'm literally never around vaxed. I rarely go out and all my family unvaxed . I do have a spinal cord stimulator but it's obviously on my spine up to bra line
12,bis_ric,2021-12-10 20:18:48+00:00,3,Twitter for iPad,I’ve written this tweet several times but keep deleting it! I have metal rods &amp; screws in my spine along with a spinal cord stimulator implant &amp; I live in constant pain 24/7. Some days are worse than others but lately it’s been all bad &amp; no good days! It’s a struggle to wake up &amp;
13,andrew_massena,2021-12-05 05:01:47+00:00,4,Twitter for iPhone,"Oh Dr Ferguson, the newest WI board member. Buggered up a spine with a stimulator now sit on the med board. https://t.co/UCpgeypGYH"
14,TeddiThompsonS1,2021-12-02 05:30:30+00:00,3,Twitter for iPad,@MomCatPrather @Jo_IsABitch I love the E stim cranked high. I have a spinal cord stimulator implanted in my t spine for my sciatica. I crank that puppy high. Love it.
15,padres_tu,2021-11-30 22:17:17+00:00,1,Twitter for iPhone,@TDPBSteelers @sdextrasmedia @Reddit @RyanShazier SUPER BLESSINGS TO HIM AND HIS FAM MAN! 8 YEARS AGO I WAS 32 AND HAD MY SPINAL CORD ROOTS CRUSHED I HAD TO LEARN TO WALK AGAIN I HAD A SPINE IMPLANT STIMULATOR THAT DIDNT WORK I TRIED EVERYTHING JUST FINISHED SCHOOL AND I WAS A PROUD UNION IRONWORKER. BUT WHEN I SEEN HIM WALK
16,StacyElevated,2021-11-30 13:47:51+00:00,0,Twitter for iPhone,"@Cookies_N_Milk2 This is interesting, for sure. I’m glad I’ve never had any problems with the stimulator on my spine, except for the recovery being so brutal. It’s the new one in my neck for sleep apnea that has caused such a problem. Hopefully, after all this, it’ll at least help with sleep 🤦🏼‍♀️"
17,TeddiThompsonS1,2021-11-30 04:28:26+00:00,1,Twitter for iPad,@RScoliosis My screws &amp; plates in my lumbar spine are deep but the battery for my spinal cord stimulator sticks way out from my left hip. It’s weird.
18,bis_ric,2021-11-25 21:23:00+00:00,1,Twitter for iPad,"@KenNick1960 @aviator_naval I’m hear you! I broke my back &amp; now have metal rods &amp; screws in my spine plus a spinal cord stimulator implant! 100% service connected disabled now! I didn’t go through all this so these assholes can make a socialist utopia! They’re making everything upside down, bad is good etc."
19,HotKat74,2021-11-24 17:10:53+00:00,1,Twitter for iPhone,"@veggieman65 No, I have to be very careful as I have a spinal cord stimulator implant &amp; problems with the wires attached to my spine. It’s something I keep meaning to look into though…if I can do it without a cat jumping on me as soon as I get on the floor 😂"
20,glenna1127,2021-11-23 21:29:55+00:00,0,Twitter for Android,@pulte $nitewalk6 needs help to pay hospital deductible before they will schedule my spine stimulator implant for extreme pain from neuropathy
21,patti_boo,2021-11-23 10:18:02+00:00,2,Twitter for iPad,"@Bluertwo No, but my back is broken… and has been for years. It’s my cross to bear in this life. All of us have SOMEthing.. and that’s mine. I’ve had 2 surgeries, 2 fusions… and a spine cord stimulator. Pain is every day… 😞"
22,_Outliergirl,2021-11-22 05:57:35+00:00,1,Twitter for iPhone,"@Frisky60AZ @DivintyMary It’s been almost 10 years now. I don’t know the brand, but it’s a stimulator attached to the nerves on my spine for my legs"
23,BEACHESANDBONGS,2021-11-19 18:11:28+00:00,0,Twitter Web App,"bionic implants. I have a permanent spinal chord stimulator that is wired directly into the dorsal ganglion root into my spine. It runs on battery but my own natural electrical charge also helps. Controlled by iPod touch. Combined together and obviously, a lot of tech advancemen"
24,Boujee_Bottle,2021-11-18 16:50:19+00:00,0,Twitter for iPhone,"@pulte looking at getting a spinal cord stimulator implanted in my spine, could definitely use it for various reasons co-pays etc."
25,glenna1127,2021-11-17 23:10:34+00:00,0,Twitter for Android,@pulte $nitewalk6 I could pay the hospital to finally schedule my spine stimulator implant for extreme pain from neuropathy.
26,1JoyfulSparrow,2021-11-14 03:49:48+00:00,0,Twitter for iPad,"@skeltonh @UPMC Ablation really works for me. I also have an implanted spinal cord stimulator that has kept me working. The big problem, though, is my scoliosis. I am only 55 years old and my spine is an ""S."" Osteoporosis is the biggest obstacle so I have been on Forteo for over six months."
27,SabresBuzz,2021-11-12 23:13:20+00:00,0,Twitter for iPhone,The DJO Global growth stimulator is a supplemental device worn following cervical (neck) or lumbar (low back) spine surgery. https://t.co/oJC82bPhfm
28,Bilked2TheBrink,2021-11-11 22:08:35+00:00,7,Twitter for iPhone,"You want proof that has identical 5” needle in the identical location of the spine? Got 20 seconds?
⚠️spinal cord stimulator trial
⚠️ epidural steroid injection
⚠️ childbirth and now they want to A NURSE TO do this for broken bones and kidney stones! Surgery &amp; wounded knees! https://t.co/sGSm5PbVcj"
29,glenna1127,2021-11-11 20:55:01+00:00,0,Twitter for Android,@pulte I could get my spine stimulator implant scheduled because the hospital won't until I prepay the copay.
30,Steve54712762,2021-11-10 14:33:47+00:00,2,Twitter for iPad,@GraWitMik @rosbux @lesserspottedH A new Neuro Stimulator was being researched with a new method of installing contacts to damaged nerves in the spine. I had to literally sign a contract to feed back information over a 3 year period. Cos it’s the info they need to get the procedure into mainstream health care.
31,Bilked2TheBrink,2021-11-09 02:43:19+00:00,1,Twitter for iPhone,@akaKendellC @purplemamabear @supportprop This is the rehab version of the spinal cord stimulator makers bashing generic opioids as being so addictive so let us put some 5” NEEDLES up your SPINE and possibly paralyze you! That 5” Touhy spine needle can be fatal! This poor USMC Patient learned the hard way. #CPP https://t.co/e1ard7Kai8
32,AstoriaRego,2021-11-07 18:36:31+00:00,1,Twitter Web App,"@LilyCrue @RyanMarino During my surgery to insert a spine stimulator 2 years ago, they gave me ONE dose of painkillers then back to my everyday medications. It was brutal. 

Luckily for back surgery 1-3 (incl 2 fusions) I was at a different hospital &amp; got proper pain care. Maybe once every few hours?"
33,bis_ric,2021-11-07 17:03:16+00:00,3,Twitter for iPad,@perlop @KathMLee1 @NoNewNormal21 Yeah it’s hard to see this! I used to be in tip top shape! Then had to have metal rods &amp; screws in my spine &amp; recently a spine pain stimulator implant. I know what it’s like to loose your health! You only hv 1 body &amp; people shouldn’t take it for granted! These 💉are permanent
34,Bilked2TheBrink,2021-11-06 17:21:53+00:00,5,Twitter for iPhone,"@MasseyMinerd @JSG_54 @Theresahatter2 @MaryinKansas @life_is_art___ @ravensspirit68 @CynicalVision50 @AdamGentry2021 @tal7291 Me too! Got a referral to a pain management. Swear to God the guy had the same name as a WWII infamous torture doc! Said: Spine injections, spinal cord stimulator, nerve ablation or Suboxone or nothing. I picked nothing! Hope to God my doctor will treat me. Scared to go back."
35,glenna1127,2021-11-05 16:14:50+00:00,0,Twitter for Android,@pulte I still need $240 before the hospital will schedule my spine stimulator implant for extreme pain from neuropathy $nitewalk6
36,glenna1127,2021-11-04 18:58:07+00:00,0,Twitter for Android,@pulte I'm still short $275 that the hospital demands up front before they will schedule my spine stimulator insertion for extreme pain from neuropathy.
37,Bilked2TheBrink,2021-11-04 01:15:16+00:00,5,Twitter for iPhone,"@MasseyMinerd @Theresahatter2 @plwin49 @tippin_elaina @StefanKertesz @JSG_54 @MaryinKansas @life_is_art___ @ravensspirit68 @CynicalVision50 @AdamGentry2021 @tal7291 Absolutely! Even the consideration of epidural steroid injections or a spinal cord stimulator without testing BONE MINERAL DENSITY OR examining MY TWISTING SPINE IS just a recipe for disaster, and the medical system IS unaccountable! https://t.co/4KMyG652B1"
38,valderie,2021-11-03 21:20:46+00:00,25,Twitter for iPhone,"Well besties, we are moving ahead with me getting a Spinal Cord Stimulator implant officially!!!

Also gonna get a second opinion from a surgeon for funsies because my spine is a joke 😂"
39,foodisfunny,2021-11-01 20:20:52+00:00,0,Twitter for iPhone,@FreeThinker1213 Not scheduled yet. I thought possible to try a spine stimulator. But now they feel like removing the disc is best option. I’m just a bit over all of it.
40,glenna1127,2021-10-29 18:32:22+00:00,0,Twitter for Android,"@pulte $525 short of the over $700 hospital demands up front before they will schedule my spine stimulator surgery for extreme pain from neuropathy. Putting off paying other things to get this relief. $nitewalk6
Thank you."
41,glenna1127,2021-10-27 14:49:06+00:00,0,Twitter for Android,@pulte $325 short on rent and hospital wants over $700 upfront before they will schedule my spine stimulator surgery for extreme pain.  $nitewalk6
42,glenna1127,2021-10-26 21:21:54+00:00,0,Twitter for Android,@pulte That would almost cover what the hospital demands before they will let me get my spine stimulator put in.
43,Sammerbeek,2021-10-26 09:52:00+00:00,1,Twitter for Android,"@1reddragon696 @BonnieTowner @MysterySolvent I've had nearly every procedure, injection, physical therapy, massage, reike, acupuncture, nerve block, nerve burn, steroid, tens unit, back brace, etc- u get my point :) only thing I haven't done is implant a spine stimulator.
No lasting effects &amp; mostly stuck on my back 2 &amp; sux"
44,TeddiThompsonS1,2021-10-25 04:51:02+00:00,1,Twitter for iPad,"@42Debruno @Jo_IsABitch I’m holding off the cervical spine surgery. I’ve had lumbar fusion w/plates &amp; screws from L2 to S1 &amp; spinal cord stimulator in thoracic spine, w/battery in left hip. I have to have my battery replaced 2022. It only lasts 10 yrs. Trying to hold off the neck as long as possible."
45,glenna1127,2021-10-24 15:58:27+00:00,0,Twitter for Android,"@pulte I need a spine stimulator insertion for extreme pain from neuropathy but hospital wants copay before they will schedule surgery.$786 $nitewalk6
Thank you if you see this"
46,StructuralPITA,2021-10-22 20:21:35+00:00,0,Twitter for iPhone,"@Johnny_Joey I’ve flown internationally with a titanium spine, but now I have a Spine Cord Stimulator. I have no idea what line to get on, I think the SCS leads are metal."
47,Sheilabbl,2021-10-11 05:13:34+00:00,1,Twitter Web App,"@Catheri58232231 I have myriad spine issues but in 2018 I had a spinal cord stimulator implanted, a Nevro HF10.  I know a lot of people have not had good results with some SCS but I have been really so much better.  Ask around."
48,Nashkitty66,2021-10-10 15:43:58+00:00,5,Twitter Web App,"@headdock @AdamGentry2021 @StephenDoheney @HowardWill5 @SpicyPurritos @hope411adcock @CanadaPain @Bilked2TheBrink @Deeenst @kris_lovaas @NEPA_Unhinged @VeryFineWhine @Irishbrat1966 @MdParangi @aander1987 @medicatedboy @secondchances09 @RobertC94894966 @lakeparkcpl @FollowingForFu2 @newhickschick @vendingcomics @EmmaleeLang @TamiLCaldwell1 @Elianok10 @CContrarus @national_pain @andrew_massena @elizabe50286054 @CRPSisaRealPain @TerriMe3 @life_is_art___ @Pine_Mtn_Girl @JonelleElgaway @TrumpWontWork @fightpaindaily @buck_shirley @PTSDAdvocate @ThomasKlineMD @cannonarsenal @NANNETTENERENB1 @donnelsonguy @teer4health @Tamara66949263 As for SCS, I don't have the data at hand, so won't discuss in broad terms.
I only know that for ppl with SCI or complicated spine issues, SCS can be very dangerous &amp; ppl in these categories should get 2nd &amp; 3rd opinions b4 getting a stimulator."
49,Bilked2TheBrink,2021-10-09 02:42:08+00:00,3,Twitter for iPhone,"ESI &amp; SCS TRIAL SCS:
Touhy needle is identical, the epidural space being accessed is identical and the only difference ESI give you 80 mg of steroids, SCS place a stimulator lead in your epidural spine. https://t.co/p4vpNs8vWV"
50,Bilked2TheBrink,2021-10-07 07:08:23+00:00,4,Twitter for iPhone,"@KatTwisted @aander1987 @FollowingForFu2 @SpicyPurritos @CanadaPain @secondchances09 @bob69hesperia @newhickschick @vendingcomics @HowardWill5 @Deeenst @Nashkitty66 @StephenDoheney @hope411adcock @EmmaleeLang @TamiLCaldwell1 @Elianok10 @CContrarus @national_pain @kris_lovaas @AdamGentry2021 @andrew_massena @elizabe50286054 @CRPSisaRealPain @Irishbrat1966 @TerriMe3 @life_is_art___ @ArizonaC50 @Pine_Mtn_Girl @JonelleElgaway @TrumpWontWork @fightpaindaily @buck_shirley @PTSDAdvocate @prettycoco23 @Mia_Beotch @ThomasKlineMD @cannonarsenal @RobertC94894966 @NANNETTENERENB1 @EndPainStigma @donnelsonguy @teer4health @Tamara66949263 @MaryinKansas @lakeparkcpl @JSG_54 @WellLahTeeFuKin Right now, all the social media platforms are allowed to carry spinal injection &amp; stimulator infomercials without any caveats. No warnings. The stimulator and the steroid injections have the needle in your epidural spine, so the risk is identical. https://t.co/5he5SDEdzP"
51,NURSEKIM94,2021-10-06 00:31:19+00:00,0,Twitter for Android,"Hi Everyone I had to have a pain stimulator put in my back the 1st surgery was on Sept. 15th, I hemorrhaged, I fell on the 18th, a very hard fall then on the 20th I had the permanent stimulator in. They told me that back surgery wouldn't help me that my back and spine is so bad."
52,william_buseman,2021-10-02 12:33:51+00:00,14,Twitter for Android,Just waiting  for my spine stimulator arm is sure from my third shot  and just waiting for the wv game at 330rdy have a great day https://t.co/fPOWqYtSfw
53,smbwalker64,2021-09-29 22:24:52+00:00,0,Twitter for iPhone,"@cindypope I’ve had many spine surgeries and a stimulator implant. As I get older I’m less thrilled, but I can walk and I can do things that before the surgery were not possible."
54,JamieLRich10,2021-09-26 18:17:18+00:00,2,Twitter Web App,"@Kyndakay1 @goodell2017 CP is debilitating and an extremely hard road to live on. I live with severe, chronic pain due to spine disease. Thankfully I have meds &amp; stimulator to help me too! I've gone to that dark place before also, but I work hard to keep myself going. Hugs to u &amp; our CPP friends! 🥰👍"
55,x_xyzz2,2021-09-23 19:18:58+00:00,2,Twitter Web App,Question: Has anyone had a Spine Cord Stimulator done? Or are u familiar with this? U can dm me please or just write here pls.
56,polarisu,2021-09-22 21:16:18+00:00,0,Twitter for iPhone,"i’m so damn tired.

meanwhile i’m still proceeding with the spine stimulator trial.

all this to live a “normal” life and get back to work so i can do six people’s jobs for the price of one lmao"
57,Seenbrighterda1,2021-09-22 09:55:58+00:00,0,Twitter for iPhone,"Feeling sad, angry, scared. Off to see my surgeon tomorrow where I’ll find it if I’ll need a 9th operation on my spine to remove the spinal cord stimulator which isn’t working. I don’t cope at all with surgery &amp; having leads removed from my spine scares the crap out of me. https://t.co/KT8onzOat5"
58,nyckidryan,2021-09-18 10:24:10+00:00,27,Twitter for Android,"@rkelley79ma @OccupyDemocrats If masks are a problem, then why did EVERYONE in the OR wear them for my 6 back surgeries? The LAST thing I need is the guy replacing a disc to pass out from excess CO2, or the guy that implanted my spinal cord stimulator getting woozy when he's inserting wires into my spine. 🙄"
59,SemperAdventum,2021-09-15 00:42:38+00:00,1,Twitter for Android,"@louiseG89698193 @my2cent95070851 I've tried all the creams ibuprofen, Tylenol, Aleve. So far the only thing that helps is ice. It numbs my spine so much no pain signals get through. The slight bulge in 2 disc don't bother me much but those bone spurs are awful. The stimulator should block the pain signals"
60,SemperAdventum,2021-09-14 23:51:49+00:00,1,Twitter for Android,@louiseG89698193 @my2cent95070851 Back trouble still. I have bone spurs on my spine causing a lot of pain &amp; stuff. Tomorrow I get a trial spinal cord stimulator if this doesn't work my only other option is surgery which I want to put off as long as possible. I have heard mixed reviews on the SCS so I'm praying.
61,airforcepam,2021-09-05 03:13:29+00:00,0,Twitter for Android,"I am one of those people w/a failed spine surgery I had a non union &amp; it caused more levels 2 rupture - 3 surgery later I have nerve damage &amp; constant muscle spasm
Also have a spinal stimulator, it works great, but doesn't take all the pain away I cut back 80% but can't get lower"
62,llkelly316,2021-09-04 19:21:52+00:00,1,Twitter for iPhone,"@jnyhrt @JBowman33IA I🙏🏼4U! Drs told my mom she wouldn’t walk again. Unfortunately my mom passed 4/2019 but B4 that she started lifting her legs &amp; moving her feet! Yrs ago, I had a nerve stimulator in my spine 2 help w/pain! I think technology will invent the chip u need! Don’t give up! Wish U Luck!"
63,KissMyAsphalt80,2021-09-01 20:22:16+00:00,1,Twitter for iPhone,@ScottyGrove55 My step mom has RA. She has it in her entire body. Spine stimulator put in. 2 right knees 1 left knee and both hips. RA is not what people think it is.
64,BestBrandWx,2021-08-31 23:42:56+00:00,0,Twitter for iPhone,"Had f/u visit today after back/spine surgery to implant spinal cord stimulator. Original surgery was to be 2.5 hours and went to 7. Healing up fairly well. Still pretty painful. Amazing pre-op pain relief! Have to keep it in idle for 6 weeks (don’t bend, lift, hands over head). https://t.co/SaPgVVRaIh"
65,capefearortho,2021-08-27 15:20:20+00:00,0,Twitter for iPhone,"Yesterday Dr. Staneata inserted a Spinal Cord Stimulator alongside Dr. Courtney Auman. This is the first time this has been done at Cape Fear Orthopedics and we are incredibly proud to be able to provide this procedure to our qualifying patients!

#spinestimulator #capefearortho https://t.co/cSQ5a0FEnQ"
66,dajigster,2021-08-25 10:55:03+00:00,0,Twitter for iPhone,@RealGlenMacnow They don’t work I’ve had 10 back surgeries now have a stimulator in my spine helps a lil but the back is a b!tch … stay blessed
67,Phoeni719,2021-08-24 19:20:47+00:00,1,Twitter for iPhone,"@TNIrishLass @FalzoneMd I understand fighting everyday, I am exhausted only been two months my pain meds stripped away. The pain will win this fight, new pm Dr wants to do spine stimulator, once I say no I’m sure he will tell me to find another Dr. I think it must be a money maker for them. 1)"
68,Bilked2TheBrink,2021-08-22 04:51:02+00:00,1,Twitter for iPhone,"@akaKendellC The international consortium of investigative journalist revealed that over 80,000 people have been injured and these types of spinal cord stimulator‘s or at the top of the list. Similar to the ESI injections it’s a needle in the spine hitting a vessel."
69,MargaretHardwi5,2021-08-21 03:35:03+00:00,5,Twitter for Android,@cob2221 @LouiseMensch @burgessct @JimLaPorta Spine stimulator
70,VidenIsCold,2021-08-20 08:18:01+00:00,0,Twitter Web App,"all the tests are done, doctors consulted etc. Monday the 23rd i go in to have electrodes placed in my spine. It will be a trial which lasts 5-7 days and if it works they implant the stimulator ""permanently"" which is 8-10 years. Please wish me luck, it's my last option."
71,mocek_spine,2021-08-19 17:30:51+00:00,0,Cloud Campaign,"With a spinal cord stimulator, the transmission of pain signals to the brain is interrupted by delivering mild electrical pulses to the nerves. When this happens, many people experience less pain. You may be a candidate, call (501)-224-4001. 
#mocekspineclinic https://t.co/vFYzbjTsKR"
72,GasWorkInfo,2021-08-17 15:41:14+00:00,0,Twitter Web App,"CRNA Job, Dalton GA
Center for Spine &amp; Pain Medicine
PT, 1099, Start 11/1/21
Pain Clinic; sedation for back injections &amp; occasional nerve stimulator placement
Independent practice.
Minimum to moderate conscious sedation.
M/T/Th; 1K/day 6-8 hr average.
https://t.co/nD2KxM71Hf"
73,advpaincare,2021-08-12 08:29:57+00:00,0,TweetDeck,"Spinal Cord Stimulator (SCS) placement is a procedure designed to implant a non-obtrusive system in the patient’s body.
Visit Now: https://t.co/W7TH4Htxvw 

#spinalcord #spinalcordinjury #spine #paralysis #scpsusa #paraplegic #physiotherapy #paraplegia #wheelchair #rehabilitation https://t.co/J2CnGDZ0Wq"
74,BookwormBlues,2021-08-12 02:31:22+00:00,1,Twitter for iPhone,@GatesOfHevin It’s a spine stimulator. The generator is inside my hip and there are 8 electrodes inside my spine. They sort of fog up the pain signal so my brain gets a lot of white noise instead of OH MY GOD I AM ON FIRE all the time. It decreased my pain by about 70%.
75,SheliakSec,2021-08-11 19:48:45+00:00,1,Twitter Web App,"@ropman76 I'm talking about things like a rice-sized nerve stimulator that gets implanted in the spine, where the device is paired to an external system which programs the treatment settings.
Adversary would need to be physically present and intercept the programming transmission to replay"
76,wilsonthemmjguy,2021-08-10 19:11:58+00:00,6,Twitter for iPhone,Trying to make the pain go away. Saw doctor today they’re really pushing for a nerve stimulator implanted in my spine. Any thoughts? Send good vibes everything has been horrible lately. Trying to push through and not give up https://t.co/FKFaZk2x3c
77,Adorabell1Sue,2021-08-09 20:32:56+00:00,2,Twitter Web App,@DoYouEvenLif @PalmerReport have you looked at a spine stimulator ?  (Boston Scientific )
78,_teen_problem,2021-08-07 07:05:02+00:00,0,IFTTT,"FullRange Spine &amp; Ortho Offering Patients the Stimwave’s StimQ Peripheral Nerve Stimulator System (PNS) to Treat Chronic Pain

FullRange Spine &amp; Ortho is a state-of-the-art orthopedic and pain management clinic that focuses on non-surgical, regenerative … https://t.co/RlCmjM4bNj"
79,pdawnp1,2021-08-06 02:11:50+00:00,1,Twitter for Android,"@crankymomof6 @NESpineHospital I have had spinal fusion L4-S5, plus I have a tiny in the front of my S spine.  Now I have failed back surgery syndrome 🙃 I have learned to live with pain and can predict when a storm is coming 😜  I have a spinal cord stimulator and would love to get it removed someday"
80,DimasoLacey,2021-08-01 14:28:22+00:00,0,Twitter for iPhone,"@dee_zoretic @ricknva57 @IAmSteveHarvey with numerous spinal injections.I have a spinal cord stimulator implanted in my back w/leads running up and down my spine and a battery that protrudes from under my skin.I have Deg Disc Disease, along w/a multitude of other things. My story only gets more comical going forward."
81,Bilked2TheBrink,2021-07-31 19:51:42+00:00,1,Twitter for iPhone,SPINE NEEDLES #SpineNeedleScam Paralyzed by the NEEDLE OF the spinal cord stimulator: 20yr USMC Veteran.  This is so wrong. #opioids WERE SAFER. https://t.co/7b2Tl7R1QN
82,Steve54712762,2021-07-30 18:21:04+00:00,2,Twitter for iPad,@KymYSmith @DrewLawDesign One of my biggest problems has been pain in my legs from knees down. I have been going to a pain clinic on a regular basis. They put me forward on a research project to have a Neuro stimulator installed on my spine. It has reduced pain by about 50%. Easier to deal with.
83,AlleviateHate,2021-07-30 16:34:38+00:00,2,Twitter Web App,"@Yasmin_theCat I'm probably the greatest advocate for spinal cord stimulator placement in the entire world. I spent 14 years in a wheelchair. 22 surgeries on my legs and spine, 14 of which were termed ""unsuccessful"". (Read DISASTEROUS.) I walk now w/ the help of walker &amp; canes."
84,RobertC94894966,2021-07-29 04:14:41+00:00,3,Twitter for iPhone,@EqualityCouple I have had the spinal cord stimulator pushed so hard by at least 5 physicians. Now I look at them and say I have had seven spine surgeries and 10 bone grafts when is it enough. Usually they just stare at me and say ok.
85,fubarhamm,2021-07-28 18:01:51+00:00,0,Twitter for iPhone,@GovAbbott I have had a total of seven surgeries since 2015. 4 of them were in my back and spine. Those were to install a stimulator in my spine for issues stemming from the first two surgeries. I have been having major back pain because of the constant surgeries into my spine.
86,Bilked2TheBrink,2021-07-25 05:29:37+00:00,5,Twitter for iPhone,@EndPainStigma @teer4health @lakeparkcpl @secondchances09 @SpicyPurritos @CanadaPain @JSG_54 @aander1987 @WellLahTeeFuKin @PTSDAdvocate @vendingcomics @ravensspirit68 @AgathaWouldKnow @rlamartini @kris_lovaas @arrghgtr @MaryinKansas @JonelleElgaway @RobertC94894966 @CContrarus @donnelsonguy @life_is_art___ @RightontheFence @Taschna_ @Mia_Beotch @ThomasKlineMD @DocBearOMD @JulieDavisson3 @BethDarnall @CMerandi @ljluvsbuterflys @TheRebelPatient @ibdgirl76 The reason I address them spine needles is because the risk of an epidural spinal injection is identical to the risk of a needle for a spinal cord stimulator. They miss by a few millimeters and your paralyzed or dead or blind which might be worse. Many increase pain&amp; 🚫PainRx
87,DaveJCummings,2021-07-24 02:02:25+00:00,4,Twitter for iPhone,@JoshCrewsReally @Christosgage @lewislarosa @cjwardart @Demonpuppy Back pain is no joke! My wife had Degeneratve disc disorder and had to have a stimulator implant attached to her spine 6 years ago to block out the pain eventually it’s going to get to the point where they’ll have to fuse all her vertebrae (hopefully not for a long time)
88,mortu_aly,2021-07-23 19:21:46+00:00,1,Twitter for iPhone,@onbeing_adopted i have!! i’ve tried everything 😭 my latest surgery was having a stimulator put into my spine running from my left buttcheek all the way up to the left side of my head. i can control it with a machine that i carry with me at all times now. it dulls it but nothing makes it go away
89,Bilked2TheBrink,2021-07-23 05:23:50+00:00,4,Twitter for iPhone,@5drinkMax @APainPrincess I wish we each had a pain buddy to go with. I’m already concerned because I know how much they’re going to pressure you to take in spine needles. The steroid shots are able to hide the records but the spinal cord stimulator official death toll is 931 paralyzation total is 681
90,happyhomemaker2,2021-07-22 02:28:19+00:00,0,Twitter for iPad,"Is it normal for a pain doctor to ask you to get a psych evaluation before you get a spinal cord stimulator? I’ve never gone this route before, don’t know what is normal or not. I have a Herrington rod implanted on my spine, so I’m at risk with surgery. I already see psych (PTSD)"
91,llkelly316,2021-07-21 21:14:10+00:00,1,Twitter for iPhone,"@4judyblue @GoodSam I sympathize w/U &amp; am proud of u!💞I 2 don’t look sick but have been chronically ill for 16yrs w/out a diagnosis, had a nerve stimulator in my spine, had it removed cuz wires kept detaching. Scoliosis &amp; osteoarthritis in lower spine. Days I can’t get outta bed but push myself!"
92,misdmomtx,2021-07-21 01:51:09+00:00,0,Twitter for iPhone,"@lindyli @davenewworld_2 I’m a former Amazon employee. They use your body up and then it’s tough luck-out with the old and in with the new. I had cervical spine surgery and a spinal cord stimulator put in for my lower back,and still need a shoulder replacement."
93,sylviahogenmil1,2021-07-21 00:31:46+00:00,0,Twitter for iPad,"@wahlstedt007 I had a nerve stimulator inserted into my spine yesterday for low 
Back pain, this was the test, leads out Friday, if it works ( seems better so far) in 2-3 weeks, get it in permanently"
94,Bilked2TheBrink,2021-07-17 19:41:03+00:00,3,Twitter for iPhone,#CPP #DPPR #CP Spine NEEDLES -Spinal Cord Stimulator (SCS) or Epidural Steroid Injections (ESI) ARE SAME PARALYSIS RISK... when they move a few mm -hitting nerves &amp; vessels. https://t.co/MSsENMWkAo
95,MathesonBarb,2021-07-17 17:03:58+00:00,1,Twitter for iPhone,"I spent 5 years dealing with spine issues including strong pain &amp; numbness in arms, hands, legs, neck &amp; back. After disc replacement in my neck and a spinal stimulator in my back I’m doing much better. Pain sucks. Science works. GET VACCINATED!"
96,ttfn0104,2021-07-15 21:22:20+00:00,1,Twitter for Android,@KLemberg Ugh. I'm so sorry! My stimulator only lasted about 6 weeks. It caused an infection in my spine. Best wishes! 💕 this furbaby likes to lay on ice packs for her pain too ! 😂 https://t.co/YRqKMjyPHG
97,Bilked2TheBrink,2021-07-15 21:19:55+00:00,3,Twitter for iPhone,"It doesn’t matter if it’s a spinal cord stimulator or a EPIDURAL SPINE INJECTION the needle is the risk is in puncturing the epidural spine, risking hitting nerves &amp; vessels! https://t.co/QpbAMq59oy"
98,Steve54712762,2021-07-15 11:53:34+00:00,2,Twitter for iPad,@AngieLeach1 Hi Angie. I 100% understand your problem. I too have a chronic Peripheral Neuropathic pain in legs. Result of an accident with a truck hitting me. I know it’s not easily treated and have had a Neuro Stimulator fitted to my spine. It kinda works and reduces some of the pain.
99,TeddiThompsonS1,2021-07-12 04:46:19+00:00,1,Twitter for iPad,"@hunbunn5 @Jo_IsABitch Yep, no cure for any of them. I’ve been on morphine 4 chronic pain the last 11 years. I have a spinal cord stimulator in my t-spine, battery in left hip 2 help out w/pain. It’s like an internal vibrator in your spine. It works &amp; I can function normally. I’ve had a lumbar fusion 2"
100,FutureDocMartin,2021-07-07 20:12:48+00:00,5,Twitter for iPhone,Back surgery #5 is done.I would never have that many if I don’t have great surgeon. Having a spine stimulator has definitely changed my for the better and the last tweak has been made and I’m thankful. Here’s to healing. Feel like I’ve been on the boxing ring
101,mg00,2021-07-06 16:34:40+00:00,0,Buffer,Hair-Thin Spine Stimulator Could Relieve Severe Back Pain https://t.co/kKQNwgrjhC
102,Shulab,2021-07-06 07:51:44+00:00,0,IFTTT,Hair-Thin Spine Stimulator Could Relieve Severe Back Pain. #discovery #Science #technology #tech #research #education #scientists https://t.co/Ik5Bod5HFk
103,AstoriaRego,2021-07-05 16:21:05+00:00,0,Twitter Web App,"@congersdub @mico_milanovic @POTUS HSS/NYP was where I got my spine stimulator surgery. They gave me *1* dose of painkillers then 3 hours after surgery I was on my own. They didn't have my daily meds in stock &amp; wouldn't let me take my own. Subbed in regular for slow release.

Some places don't take pain seriously."
104,Nigel22472086,2021-07-04 11:30:02+00:00,1,Twitter for Android,"@WickidJenn You sound like the female version of me,
Love coffee,
Love Sarcasm,
Titanium Spine with
Stimulator accessories that don't work and I'm on the lounge but with my son's cat.
Sick n tired of TV though. Netflix and chills are fine though 😉"
105,joehick58,2021-07-04 02:20:02+00:00,2,Twitter for iPhone,Well so far its going fairly well i have alot wrong so it takes time! Things have turned somewhat better but this is only a trial.I will know by thisTuesday if i am going 2get the spine stimulator.If i do they take the trial 1off me because a chance of infection and wait 4surgery
106,ttfn0104,2021-07-02 15:50:20+00:00,1,Twitter for Android,"@Michael25391968 @reddirtatheist 18 surgeries, failed pain stimulator that put me in the hospital4 a week cuz infection in my spine,  over a decade of pain meds that made me nuts....3 yrs now only MMJ and never been better. 😉"
107,RobertC94894966,2021-07-01 03:56:13+00:00,7,Twitter for iPhone,"@Bilked2TheBrink @fightpaindaily @rlamartini @beachbum458 @IsIllicit @process_x @hope411adcock @LisaOCain1 @soofriends @JerpaDerpa @yancykm @life_is_art___ @JSG_54 @aander1987 @bluelilly40 @War_On_Pain @donnelsonguy @Irishbrat1966 @LelenaPeacock @OldHeadFighta @JuliaHeath21 @NitaGhei @Alexandra_dBx4 I think the spine cord stimulator is on the outs. Yes it’s still being pushed, but it hasn’t gained traction and hopefully won’t. Are they even FDA approved?"
108,DrHirshK,2021-06-30 01:34:22+00:00,12,Twitter for iPhone,Happy to contribute to another successful spinal cord stimulator implant!  #neurology #pain #spine #interventionalpain https://t.co/elXMiWnIYk
109,CBCNews,2021-06-29 19:00:26+00:00,182,Buffer,"Ryan Straschnitzki, paralyzed from the chest down in the Humboldt Broncos bus crash, had an epidural stimulator implanted in his spine in Thailand two years ago that sends electrical currents to his spinal cord. https://t.co/0JeW46r7FS"
110,WinnipegLandsc1,2021-06-29 15:31:41+00:00,0,IFTTT,"Ryan Straschnitzki, paralyzed from the chest down when a bus carrying the Humboldt Broncos junior hockey team crashed in 2018, had an epidural stimulator implanted in his spine in Thailand two years ago that sends electrical currents to his spinal cord to try to stimulate ne…"
111,Morgan1352Debra,2021-06-23 03:27:18+00:00,1,Twitter for Android,"@danabrams I have a nuro pain stimulator in my spine. My first flight after having it put in. All medical documents to prove I have it. I get taken aside and not in secret just off to the side where everyone could see. I got the pat down of my life. In my bra, I forgot I left my hubby."
112,madball911,2021-06-20 04:05:16+00:00,0,Twitter for iPhone,"@mikethebig1 Shit. Sounds like you need surgery. Whatever you do, do not get a spine stimulator implanted."
113,Failtasmagoria,2021-06-17 23:26:47+00:00,0,Twitter Web App,"@RESPAWNProducts Specter has been a super upgrade for my posture/back...
I have multiple spine lumbar issues (have a spinal stimulator implant for the pain) and it's been super comfy."
114,stemcellorg,2021-06-12 15:05:12+00:00,0,Zapier.com,"What condition does a spinal cord stimulator treat?
Failed Spine Surgery
Chronic back, arm &amp; leg pain
Arthritis of the spine
Read the whole list on our website (link in profile) https://t.co/VriBVXfLwk"
115,PainNeck,2021-06-12 14:58:01+00:00,0,Zapier.com,"USA Spine Care

What condition does a spinal cord stimulator treat?
Failed Spine Surgery
Chronic back, arm &amp; leg pain
Arthritis of the spine
Read the whole list on our website (link in profile) https://t.co/nyl5XkvsgO"
116,spine_usa,2021-06-12 14:51:00+00:00,0,Semrush Social Media Tool,"What condition does a spinal cord stimulator treat?
Failed Spine Surgery
Chronic back, arm &amp; leg pain
Arthritis of the spine
Read the whole list on our website (link in profile) https://t.co/g0CAU4ejVO"
117,goodolrocknroll,2021-06-10 23:02:18+00:00,0,Twitter for iPad,"@Eiggam5955 @MAT81456 My spine is riddled with arthritis.... I’m a retired operating room nurse and that career totally ruined my back (I loved doing it though) I’ve had a spinal cord stimulator implanted over 2 years https://t.co/tt2GEnS2S6’s helped tremendously,but doesn’t take all the pain away."
118,andycollins10,2021-06-10 01:21:15+00:00,1,Twitter for iPhone,I have a lot of metal in my body from l3-l5 fused with 360 surgery! I also have a stimulator implant in my spine! If anyone would be magnetized I would lol! Anyone thinking a vaccine could magnetize a human body is a real special kind of stupid!
119,PainNeck,2021-06-07 17:00:56+00:00,0,Zapier.com,"USA Spine Care

How does a spinal cord stimulator work?
Here's your answer: https://t.co/yhlh6ATMLb https://t.co/TLY5JCzBTZ"
120,spine_usa,2021-06-07 16:55:00+00:00,0,Semrush Social Media Tool,"How does a spinal cord stimulator work?
Here's your answer: https://t.co/ZHBVaUXeUV https://t.co/omd0GazrnM"
121,foresthoop,2021-06-03 13:32:12+00:00,7,Twitter for Android,@PackedLunchC4 @MrDuncanJames @officialblue I had the same thing that hit me in 2012. After 9 surgeries on my spine I've now got a spinal cord stimulator in my back thanks to the fantastic pain team at the LGI. Its been a huge help. #stephspackedlunch
122,heathrlv,2021-06-02 18:34:39+00:00,4,Twitter for Android,@CMerandi Spinal Cord Stimulator surgery is sold a minimally invasive. It is a brutal recovery! I have paddle leads and they actually drill a hole in the spine for that and the little pocket they create dor the battery is miserable. I couldn't even brush my hair for 10 days!
123,RhondaA13834337,2021-05-31 12:57:40+00:00,1,Twitter Web App,@OGMoneyBadger Yes. I had surgery in January. I have a spine stimulator implant in my back. I am now pain free after 25 years 👍🏻.
124,KirkCruz,2021-05-28 17:25:19+00:00,32,Twitter for iPad,"My friends, I’d like to introduce you to my newest Life Partner

the Comfortrac at-home cervical traction device

It’s been a whirlwind romance, &amp; I haven’t felt this good since I met my other Life Partner, the Boston Scientific spine stimulator implant

#Throuple
#FindYourFamily https://t.co/B0hDEsKN1C"
125,Dawnsl8,2021-05-26 19:27:55+00:00,6,Twitter for iPhone,@ThomasKlineMD They said it had nothing to do with the stimulator but funny how I got shingles less then a week after placement &amp; how shingles lays dormant in your spine JERKS. They said they never had a case happen I said  I am not coming after you but please tell clients to get vaccinated 🤬
126,SpinalNewsInt,2021-05-24 15:55:12+00:00,3,Twitter Web App,"WaveWriter Alpha Spinal Cord Stimulator System wins Best Overall Medical Device Solution award -https://t.co/ElfWv1X6u0 

@BSC_Neuromod #spinalcordstimulation #spine"
127,KLemberg,2021-05-20 00:50:05+00:00,35,Twitter for Android,"Fvcking A YES!!!.  7 day Trial of the Nevro spine stimulator has been approved.
I go in on 5/25..THAT'S  NEXT WEEK!!!! If no issues with the trial, they'll insert the permanent one under my skin.HEY I could be walking again. 1/2"
128,ControlRad,2021-05-19 18:21:44+00:00,0,LaterMedia,"Whether you’re performing a Kyphoplasty or Spinal Cord Stimulator, cut your radiation dose in HALF by using ControlRad Trace like Dr. Emmanuel Gage at Jax Spine and Pain Center in Waycross, GA. https://t.co/WiymsCqMqE https://t.co/NeQyvxNbc4"
129,Bilked2TheBrink,2021-05-13 22:43:39+00:00,2,Twitter for iPhone,@iowaowens20 @rlamartini @headdock @Gwendol31777259 @ThomasKlineMD @Katamac1967 @MichaelNey19 @SaltyDoc2JD @Irishbrat1966 @HowardWill5 @EndPainStigma @OpioidHysteria @catman1361 @LindaCheekMD @CMerandi I did find some relief with the real literal spinal cord stimulator called the tens unit on Amazon for 30 bucks. So much of what makes it great is you can move it to where it’s hurting today because the pain doesn’t stay in one spot. At least not mine. Most of my spine is shot.
130,SparksRaegun,2021-05-12 19:13:45+00:00,1,Twitter for Android,"@MarieAllOverAg1 Let's see...a titanium rod in my Right Femur
a titanium plate in my Left Femur and a Spinal Cord Stimulator in my back with wire leads attached to my spine and a titanium Left Knee
Now it stands to reason I didn't insert them on my own...it took about thirty different people."
131,SiebeforORD1,2021-05-12 03:30:00+00:00,27,Twitter for Android,"This is a Spinal Cord Stimulator.
I've had it in my back for almost 4 years. It broke 2 months after they put it in &amp; @bostonsci never replaced it. It now protrudes from my back, pinches my spine, &amp; hits things. It hurts like a bitch.

16 days &amp; it gets removed!
Bout damn time! https://t.co/N2fNzdkEy3"
132,chefrocky413,2021-05-09 15:00:10+00:00,1,Twitter for iPhone,@KeysToTheCourt1 I’ve hear you. It’s really nice to know there are other things I can try if this doesn’t work. I actually have multiple back issues. This is to shave off a ruptured disc. But the stimulator may help with my arthritic spine. Thanks for the concern and advice. Best to your wife
133,Groovylicious,2021-05-07 16:50:02+00:00,1,Twitter Web App,@CAEparentCMC @rxjef77 Sadly injections don't last long with me anymore. 2 spinal fusions and spinal stimulator still in pain. That's what happens with degenerative arthritis &amp; disc disease from my neck to lumbar spine and into legs and feet. I take pain pills but have to be careful bc of high bp.
134,Groovylicious,2021-05-07 11:29:14+00:00,2,Twitter for iPhone,@rxjef77 Glad you found relief. Would love to know what it is. I also live in pain 24/7 after 2 fusions and spine stimulator. On my way now for a injection. That’ll probably last a week or two. Hope it really works out for you!
135,nmitchum1982,2021-05-06 17:03:18+00:00,0,Twitter for Android,@JJDevaney those injections suck. I broke my back and damaged spinal chord. They tried to ease the pain with spinal injections. If your pain is due to nerves in spine look into getting a nerve stimulator installed. Battery and 2 wires unless you have my issue of narrow canal
136,athbrainspine,2021-05-05 15:01:46+00:00,0,Loomly,"Do you struggle with chronic pain in your spine? If so, try using a spinal stimulator. It is a device that sends pulsed, electrical signals to your spine to help control chronic pain. If you have questions about spinal cord stimulation, call our office or visit our website. https://t.co/1ddTN7Nkyz"
137,ruega_por_ella,2021-05-04 22:02:52+00:00,0,Twitter for Android,@waynetronics Is this that spine stimulator thingy 😳
138,tfraiseo,2021-04-30 02:07:06+00:00,1,Twitter for Android,@Barnacules @Jamessr79 @DirtFishRally Not sure what is causing your pain but I know there's a spinal stimulator that is basically a TENS unit with leads implanted along your spine that might help you if nothing else does. Don't give up the dream. There's hope.
139,Bilked2TheBrink,2021-04-28 04:50:39+00:00,1,Twitter for iPhone,"@fightpaindaily @RobertC94894966 One of the things I’ve been doing is speaking on every forum I can about the dangers of spine injections with links and proof of the danger, and proof of the internal spinal cord stimulator FDA looking into deaths. Each and everything I find as much as I can &amp; post it."
140,SWalbek,2021-04-24 23:13:37+00:00,0,Twitter for Android,"@GNOS_Spine 

Not sure I fit into your category, but I fractured my T12 w a loss of 50% bone height. I had a 3 level fusion w a snowman and bone stimulator for 3 months, back in  Nov 2019. If I fit into your study I'd like to apply."
141,DBigGreenFish,2021-04-21 17:49:43+00:00,0,Twitter for Android,"If the shots work she could get 1 every 6 months. Otherwise the next step would be the spinal cord stimulator, she *may* have to work on accepting that.

Fusion surgery may not take away the pain and would just move the problem up her spine until it was all fused. Not good."
142,lucy92589082,2021-04-21 08:29:33+00:00,1,Twitter for iPhone,@EamonnHolmes good morning Eamonn sorry your not feeling so good I too suffer with chronic pain (back following herniated disc’s) I have a SCS ( spinal cord stimulator) which is implanted in my spine it’s really helped my pain .
143,McLeodAgency,2021-04-17 15:23:33+00:00,0,Twitter for iPhone,@markminervini Use A muscle stimulator to build the small vertical muscles around the spine. Lay on the floor for six weeks. The onion like layers of the disc will re-grow without vertical compression and heal.
144,ToniWerner11,2021-04-17 14:28:59+00:00,1,Twitter for Android,"@yollali I will NEVER have another
ESI / Epidural Steroid Injection
Myelogram
And won't allow any Spinal Cord Stimulator to be inserted into my Spine. Did Trial for original Shoulder Injury. 3 days, every time I moved my head, it shocked the crap out if me!"
145,IntjOnfire,2021-04-10 03:52:26+00:00,0,Twitter Web App,@NeptuneFell @Skrrt__Vonnegut Spinal cord issues can be relieved with a Medtronic synchromed spinal stimulator. Think a hockey puck sized device that’s wired into your spine. It’s implanted like a pacemaker.
146,LNP_Spine_Neuro,2021-04-09 12:44:00+00:00,1,TweetDeck,"Mr Malik is a well-established epilepsy surgeon partaking in the UK Lead Vagal Nerve Stimulator (VNS) Programme. He is an expert in the use of minimally invasive techniques for the treatment of neck pain, back pain, arm pain and sciatica.

#meetourconsultants #epilepsy https://t.co/wp85ba7yin"
147,SOC_Spine,2021-04-06 13:56:30+00:00,0,Hootsuite Inc.,"What are Bone Stimulators?
A bone stimulator helps spinal bones fuse together. The bone stimulator is designed to generate an electric current. Thereafter, it would stimulate bone growth.

#backpain #brokenbones #Tuesdayvibes

https://t.co/Rk1dhiZESC https://t.co/8SsEqPbgyx"
148,prmorphine,2021-04-05 20:22:35+00:00,1,Twitter Web App,"@shweeties182 I used to have a spinal stimulator implant, which was EXACTLY what it's like to be electrocuted on your spine. Felt like holding onto an electric fence, perpetually."
149,lakeparkcpl,2021-04-05 00:43:06+00:00,1,Twitter for iPhone,"@KatMelcher @DocBearOMD Exactly! He’s concerned (guess) about reputation and/or license. Wants me to get new battery in spine stimulator. Had 6 appts w/rep to try settings for relief &amp; Dr stated I was his most diff case. Said I had back of a 67-yr old when I was 39. All of sudden, meds not answer. 🤦‍♀️"
150,Duckbird3,2021-04-02 22:21:15+00:00,1,Twitter for Android,"@MarkmacDC My hubs is in constant pain, has to sleep in a reclining arm chair, on 20 meds a day, has an inbuilt spine stimulator and is now waiting for a shoulder replacement, his other arm has started to ache, nothing can be done with his back, he has 45% spondylitis. Chronic pain is awful"
151,Bilked2TheBrink,2021-04-01 20:55:38+00:00,0,Twitter for iPhone,@EEGD81 @ThomasKlineMD @upatientsgroup The spinal cord stimulator doctor also really loves steroid or spine https://t.co/XKXXopbzsZ slip and we could end up like this college student on her first injection… https://t.co/xQZNSZ4onJ
152,gadgets_mall,2021-03-30 10:54:00+00:00,0,Jetpack.com,Smart Massage for Neck Cervical Spine Massager with Heat Neck Relax Massage Back Shoulder Body Muscle Stimulator Health Care https://t.co/N6HWbqfGHt
153,kelmerica78,2021-03-29 17:10:17+00:00,4,Twitter for iPhone,"@Sim_TBL So for the last 3 years I couldn’t figure out why I wasn’t getting much relief from the stimulator that was supposed to be the end all be all. I guess now I know. so they have to unhook the current leads and move them to the LEFT side of my spine, where they were supposed to be"
154,Betty65918372,2021-03-27 06:48:49+00:00,0,Twitter Web App,"@Chronic_FLKeys @CDCgov @supportprop @DEAHQ You have a lot going on. I have had chronic pain for over 15 yrs. I also have spine issues. Every person handles pain differently. I have a neuro-stimulator implant for lumbar and legs, and get injections along with taking norco. I am tired of pills, been too long."
155,YorkiesRPeople2,2021-03-27 05:39:31+00:00,0,Twitter for iPhone,@RealTimers The 3 day waiting period should be done 4 buying guns! In order just 2 have a spine stimulator I had 2 take a computer 👩‍💻 psychological examination 2 see if I was able 2 handle having a foreign object implanted. I see no reason this same test can’t be given &amp; score to certain #
156,cb_journo,2021-03-26 14:45:22+00:00,0,Twitter Web App,"Here's more background on Dr. Carlson's recent procedures in the #ASC setting: 

3-level lumbar fusion: https://t.co/3eisn9Hj5i

Spine stimulator implant: https://t.co/qyKmHvQZEE"
157,chevalnuit68,2021-03-24 14:22:42+00:00,0,Twitter for Android,"@Chronic_FLKeys @amy_schmalz @Chronic_FLKeys you're about in my boat! 5 herniations L1-S1, stenosis, bone spurs growing into spine, etc.  Installed a stimulator in spine for sciatica (meh) but had RFA performed 2 years ago and it has been an absolute Godsend. I live for it. Has your MD mentioned it?"
158,ttfn0104,2021-03-23 01:02:51+00:00,0,Twitter for Android,"@JobethMoad Right ? I've had a total of 18 surgeries. They made me stay 3 days for my knee and I had a pain stimulator that had to be removed ER , infection in my spine, spent a week. I've got good insurance and medical 💩 pretty much ruined my life for a long time . Cant imagine none."
159,synsimmo,2021-03-22 09:41:33+00:00,0,Twitter for iPhone,"I’m getting this in a few hours. It’s a trial for 1 week. I’m excited for the pain relief that it should bring. Nervous about the wires being threaded up inside my spine. If successful, will get permanent stimulator next. 🙏🏻 this works! https://t.co/1uUytvDW24"
160,BananaRamaNahh,2021-03-20 09:23:18+00:00,0,Twitter for Android,@AskTSA hello! I am traveling soon and was wondering if my battery operated back stimulator will be allowed on my carry-on? 2 back surgeries so sitting for long periods of time really hurt my spine. Thank you for reading!
161,shea_street,2021-03-20 01:19:54+00:00,11,Twitter Web App,Four hours a day using a bone growth stimulator to hopefully fix my failed fusion from my cervical spine surgery. Might as well get in a nap and cuddles from the pup! https://t.co/02X2ufaHyh
162,itsTickle,2021-03-17 20:50:49+00:00,2,Twitter for iPhone,"@pulte hey Bill, I’ve tweeted and responded more times then I can remember to help my wife. She got diagnosed with CRPS recently and tomorrow she’s getting her trial spine stimulator put in. And next week battery removal and full implant. If you can help anyway. $ohTickle"
163,HoppingFrogz041,2021-03-14 03:24:07+00:00,1,Twitter for iPhone,@willie333 They’re not recommending that for me due to several concussions I’ve had and injuries I’ve had to my spine and skull. They’re recommending the vagus nerve stimulator for me because I have a few different forms of dysautonomia
164,docjessm,2021-03-11 17:14:07+00:00,1,Twitter Web App,@ShawnMcCusker I have a spine stimulator and I have a cadaver disc w a titanium cage - I always say I am part zombie and part bionic woman/ cyborg.
165,MedPubOrtho,2021-03-10 16:38:30+00:00,1,Automate.io,"Orthopaedic Spine Surgeon, Dr. Jeffrey Carlson, Implants First MRI-Compatible Spinal Cord Stimulator to include the Proprietary FAST Therapy Algorithm on the Peninsula

More medical news at https://t.co/ipEk65HdVE
#OrthoTwitter #MedTwitter #MedEd
https://t.co/fHjIPDt4ei"
166,ttfn0104,2021-03-09 14:21:55+00:00,2,Twitter for Android,"@rscook I own 2 of them , but I don't personally like them. I had a pain stimulator in my back for a minute that is like a TENS unit directly on your spine."
167,TUExplorer1,2021-03-06 00:50:39+00:00,2,Twitter for Android,"Yesterday my Neurologist says, ""start walking 1/2 mile/day/4 days a week"". (We're trying to decide between implanting a spine stimulator thingamabob or sticking w/ the meds). I laugh, but ok, I'll try. I make it 3 houses down, have to sit on curb &amp; call hubby 2 pick me up in car."
168,rockyfretz,2021-03-04 15:15:36+00:00,0,Twitter for Android,"@tiannamcu @neuralink @josh_fugate13 I want to be involved please. I've had two discectomy surgeries and two different neuro stimulator implants... installed. The one in there now never needs another charge I think. 

 The battery/power supply under my skin and wiring along my spine might come in handy.  Please!"
169,Gustavlimp,2021-02-27 22:19:16+00:00,1,Twitter for iPhone,@celestial_LLC Oh or you could try slicing open your fucking spine and putting a brick sized stimulator to try and help?? Don’t know if it will work for you but you could risk your life/disease taking over the rest of your body just for shits and gigs?? 🥰🥰
170,Squirts_Momma,2021-02-27 19:32:18+00:00,2,Twitter for iPhone,@kingmanmarie39 I had the same problem for 10 years. I had a spinal cord stimulator implanted in my spine in 2016 and it’s been gone ever since. I’m off most my pain management meds &amp; lost 65 lbs. Good luck to you &amp; I really hope she finds relief
171,CuronixCompany,2021-02-26 20:02:04+00:00,1,LaterMedia,Are you ready for less pain &amp; more living? Stimwave’s Freedom SCS (Spinal Cord Stimulator) System is used to treat chronic intractable pain typically associated with your back and legs by stimulating nerves along your spine. Visit https://t.co/Ys5WQGydHT to learn more. https://t.co/gWLNMfygu1
172,drmesiwala,2021-02-26 18:30:26+00:00,2,Hootsuite Inc.,"One of the benefits of performing spinal cord stimulator implants is that we are able to effectively deliver a pain management solution into a complex part of the spine in a short time frame (30 min skin to skin) which can be challenging without the proper exposure.

#surgery https://t.co/YrYoFnYePX"
173,MrsAntlerOutlaw,2021-02-25 19:27:39+00:00,1,Twitter for iPhone,@SpoonieJen What kind of back surgery did you have done? That bruise looks horrible girl! I had a spinal cord stimulator surgery done end of December. Still sore and healing from that. Bone pain on the spine is painful not matter what they do! Wishing you a speedy recovery.
174,lilbucatini,2021-02-25 02:13:23+00:00,16,Twitter for iPhone,I’m stoked to report that the stimulator trial was successful &amp; I felt a 50% reduction in spine pain. I have an appt. with my surgeon on the 8th. For the first time in the longest time I am hopeful. #NEISvoid
175,NealNealc18,2021-02-24 12:23:47+00:00,6,Twitter for iPad,@ThomasKlineMD @MDTPelvicHealth @DrDeanElterman I had a spine stimulator for several years and the constant recharging at a terribly slow rate was awful. You had to lay still or the charging disc would move and you had to find the spot and start again. Sometimes it took hours.
176,KelloggBrain,2021-02-23 16:51:04+00:00,0,SocialModo,"The spinal cord stimulator is a device that may provide pain relief for patients suffering from chronic pain. To learn more, call Kellogg Brain and Spine at 503-256-1462 or book an appointment online. https://t.co/8Ev3gkRMt0 https://t.co/WOL1OxLqdv"
177,CptSwollhouse,2021-02-23 02:40:13+00:00,0,Twitter for iPhone,"@JKSalinas_11 @RaisnCurns My spine is still fucked, I just can’t feel it anymore thanks to the stimulator. It’s a double-edged sword though because I’ve only made the damage worse, I just don’t feel the pain it causes😂"
178,wahl_judy,2021-02-22 23:08:19+00:00,1,Twitter for Android,"@Kokomothegreat Koko, I just had a neuro stimulator inplanted in my lower spine. You should mention this to your Neuro surgeon.  It has taken care of over 50% of my pain and still refining it to help more. Just a thought, hope it helps. Way better than pills😊"
179,jnorthern29,2021-02-21 11:37:34+00:00,0,Twitter for Android,"With them we upped my opioids and that helped a little. That's when we decided on the first spinal cord stimulator. Basically it's a tens unit that goes inside the body that has leads that go directly to the nerve bundles in the spine. I loved it at first...

More to come y'all"
180,SpicyPurritos,2021-02-20 16:15:25+00:00,1,Twitter for iPhone,"@eullrich11 @Sarahkirk40 @drbknight @headdock @StopBadDocs @CContrarus @EbCummings1 @HR4peopleinpain @SweetDeals16 @secondchances09 @Nashkitty66 @Royalacresrod @Chronic_FLKeys @soofriends @hope411adcock @DebM01279692 @onnaroll66 @russell90367011 @aander1987 @life_is_art___ @fightpaindaily @Kazeself @Canada_NV @JustWinks @JoshBloomACSH @RepKatiePorter @NPR @NPRHealth @JeffreyFudin @drcarlhart @BethDarnall @twebber02 his was a stimulator, not a pump. but putting meds through the spine is absorbed differently. people that are fine on oral meds shouldn’t have to get a pump. there’s people like me though with absorption &amp; metabolism issues where the pump works better than pills."
181,SheilaAGray1,2021-02-18 19:18:40+00:00,1,Twitter for iPhone,@DEFendFURiously My doctor inserted a spinal cord stimulator along my spine. It blocks the worst of the pain and is amazing. You should check it out. Search Boston Scientific. I promise it works.
182,Retlouping,2021-02-17 17:39:22+00:00,0,Twitter for iPad,"@LivingWellPain @chadcookpt @hermantol One of the reasons I love twitter is that I have been given the big picture narratives of all the patient advocates to store an utilize in my reasoning, from neurogenic pain to post hip surgery, from MVA to spine stimulator, to trigeminal neuralgia, and CLBP to pain educator. 🙏"
183,lilbucatini,2021-02-15 13:57:01+00:00,3,Twitter for iPhone,"@Squirrel_Walker @CynnaAel Hello! A spine stimulator is like a pacemaker for the spine. It masks/diverts pain, essentially. It is support to give a 50%-90% reduction in pain. Not a cure, but something for the toolbox &amp; to give us more freedom &amp; act as a mobility aid. Some devices you can control &amp; set."
184,secondchances09,2021-02-15 09:56:44+00:00,0,Twitter for Android,"@CJinSF1 @BrendaZeller1 @dremilyportermd You've simply gotten lucky
My brother is STILL waiting for an MRI his drS ordered 5m ago after he got t-boned due to highly suspected cervical &amp; lumbar damage(on top of already having existing spine issues &amp; a spinal cord stimulator)
That's w/ his PCP, Neuro &amp; PM dr all ordering"
185,lilbucatini,2021-02-14 20:16:31+00:00,26,Twitter for iPhone,"My spine stimulator trial is this week. The hope is that it will give me a 50%  or more reduction in spine/leg pain. 

I am wondering what coping skills or things my fellow spoonies do to MANAGE EXPECTATIONS? This can be either day to day or prior to a procedure. #neisvoice"
186,lilbucatini,2021-02-14 20:12:06+00:00,0,Twitter for iPhone,I think it’s also important to note the spine stimulator is not going to be a cure. And I won’t be 100%. It’s like my spine is getting a pacemaker. But the hope is it will give me freedom- like a mobility aid.
187,CuronixCompany,2021-02-11 22:31:08+00:00,1,LaterMedia,Are you ready for less pain &amp; more living? Stimwave’s Freedom SCS (Spinal Cord Stimulator) System is used to treat chronic intractable pain typically associated with your back and legs by stimulating nerves along your spine. Visit https://t.co/hdYJ51qXVE to learn more. #stimwave https://t.co/yGTCYHmwlF
188,Keegan_Keene,2021-02-11 17:41:30+00:00,2,Twitter for Android,I know its not art related but if anyone here ever suffers severe nerve damage i highly recommend trying a rhizotomy! Will be having my 4th spine surgery to remove stimulator and that thing is basically useless on me 🙃 might as well try rhizotomy first like i did not
189,allmysecretes,2021-02-07 14:38:59+00:00,0,Twitter for iPhone,"I have a spinal cord stimulator. A battery the size of a pager is in my bum—Wires run-up to my spine. I have a remote. Before I enter the X-ray at the airport, I have to hand them a card saying I have this device and then pull out my remote and turn it off. Not a good look."
190,lonelyone_000,2021-02-06 16:13:52+00:00,0,Twitter Web App,"@AbbottNews 
If you could just patch a wire from below my spinal cord fracture of T-7 to above my injury, your spinal cord stimulator could be a bridge for me to maybe walk again...I mean they implanted those metal rods in my back to stabilize my spine...2/"
191,BaylyTaylor,2021-02-04 16:31:01+00:00,2,Twitter for iPhone,"system or faking anything. 

Because obviously every girl wants to skip the prime of their lives and spend age 27-32 in bed and at the doctor instead right???

I have a stimulator implanted in my spine now to help control my pain. I can feel the battery pack in my side and have"
192,b6c25a8568dd42d,2021-02-04 05:00:47+00:00,1,Twitter for Android,"@MI_Mitten I'm so with you on the spine, I have a Spinal Cord Stimulator and this Michigan weather sucks, and it makes it more difficult to manage the pain.
Hope you fell better soon."
193,KJ_Incidentally,2021-02-02 04:53:07+00:00,1,Twitter for iPhone,"@Sham___Wow @boyyprincee Lol. I’ve drifted when I was teaching small reading groups a few times, but that was before my spinal cord stimulator. With two spine fusions, my pain was https://t.co/LZF0m8Mriq wore me OuT! 80% of the pain is gone &amp; energy is up."
194,KirkCruz,2021-02-02 00:01:22+00:00,1,Twitter for iPad,"@_Shockaholic Oh I’m doing really well, thanks! I got a bunch of surgeries, the last one of which was a spine stimulator implant, which was life changing!"
195,klclark525,2021-01-28 13:46:33+00:00,5,Twitter Web App,"Rachel is ready to get the XR-SCR unit put in this May 12th, Fibromyalgia Awarenesses Day. Very appropriate date for a pain relief stimulator to be put in. Wishing her all the best. 
https://t.co/Emsitx8QMF @oncewithrachel 
#ChronicPain #Fibromyalgia #spinestimulator"
196,EllaSkyeBlue,2021-01-22 19:30:40+00:00,1,Twitter for Android,@onlyabigchild I'm doing pretty well so things seem to be going in the right direction. I'm finally getting the brain &amp; cervical spine MRI's today. (My rides had to cancel before.) The MRI's have to be done before they can do the surgery to insert the spine implant stimulator for pain relief.👍🏻
197,mortu_aly,2021-01-22 00:16:42+00:00,0,Twitter for iPhone,lil getting a stimulator put into my spine and a battery in my butt cheek. catchy!!
198,Nick___Collins,2021-01-21 00:36:45+00:00,0,Tweetbot for iΟS,"@JoDickoLFC @LaurasBakery It was about a spinal cord stimulator implant. They’re saying basically most of my pain is because of the bone structure (curve in spine) and location of curve so it would only help with the nerve pain, which is only about 20-30% of my pain."
199,bceyre22,2021-01-20 17:17:42+00:00,0,Twitter Web App,"@garycp70 @mitchellreports @VP Well, I would be in bed right now, but I am having to charge my back. 

I have a spinal cord stimulator in my spine, but I think it has decided to stop working. I have been trying to charge it for over a week now. 

...and I have to get up in 4hrs, to go to my appointment."
200,AstoriaRego,2021-01-14 21:21:06+00:00,2,Twitter Web App,"@says_esme @BostonDukeman @ColMorrisDavis @IJReilly4 @CawthornforNC Do you have a spine stimulator? That was my last surgery, not counting epidurals and radiofrequency. It's been an adjustment and I don't know many who have them. 

Also, Reddit has a decent chronic pain community in case you're interested."
201,allcurledup,2021-01-14 01:59:02+00:00,0,Twitter for Android,@DivaDee1114 When I asked what my long term options were he suggested a spinal cord stimulator that basically shocks you spine so you dont feel the pain which is another surgery.
202,IreneDifJen,2021-01-12 22:26:14+00:00,0,Twitter for Android,"@sbg1 GOP lawmakers got a real spine growth stimulator, when Trump lost the ability to defame them on Twitter."
203,MistyHo45573066,2021-01-08 14:09:49+00:00,0,Twitter for Android,"@unbiaseduser @RogerTh71142375 @ThomasKlineMD @NeilFindlay_MSP @WHO @hrw @MattHancock That's BS.Personally,in the past 15 yrs I've tried EVERY nonnarcotic option possible 2 no avail, including a spinal cord stimulator implant. Also, botched vertebroplasty essentially leaving a rock in my spine. MILLIONS of CPP's have tried the same. Your statement shows ignorance."
204,daddygooner83,2021-01-06 21:11:43+00:00,1,Twitter for Android,@MesutOzil1088 Dont suppose u want to pay for me to have a spinal cord stimulator fitted do u as I live in Chronic pain 24 7 from a spine operation gone wrong? 🙏
205,KimberlyfromWI,2021-01-06 07:03:04+00:00,0,Twitter for iPhone,"@itskrisstar Kris, I just thought of something... I have a spinal cord stimulator because my spine is collapsing and it HURTS! It confuses ur brain so it doesn’t feel the pain. It looks like there r systems for TMJ...I’m going to message you about it."
206,KirkCruz,2021-01-04 22:30:36+00:00,1,Twitter for iPad,"@MichaelKeene Wait, is my spine stimulator implant fueled by kale juice?"
207,ShannonDingle,2021-01-04 21:43:45+00:00,740,Twitter for iPhone,"So
Turns out my body has an autoimmune response to implanted titanium.

I’ve had titanium in my spine for three years. I’ve been in persistent pain.

So on Monday, one week from today, my spinal cord stimulator AND spinal fusion hardware  are coming out. (Two nights inpatient.)"
208,ShannonDingle,2021-01-03 23:20:08+00:00,63,Twitter for iPhone,"I’d love to skip spine surgery in 2021 (or all of the 20s please) but that’s not an option.

The spinal cord stimulator is both painful and useless for me at this point. It needs to go. I’m hoping for an ASAP date to get rid of it.

I’d like to be able to remove the hardware too."
